diseaseStage,tumorLocation,surgeryPerformed,chemotherapyReceived,chemotherapyCycles,chemotherapyTiming,radiotherapyReceived,waterGlasses,activityMinutes,sleepHours,stressLevel,appetite,bowelComfort,fatigue,symptomCount,completionRate,activityTrend,fatigueTrend,pattern,focus,progression
Locally advanced,Unknown,True,True,9,After surgery,False,10,104,8,4,Fair,Comfortable,Moderate,1,0.73,-8,-2,low-energy recovery pattern,rest,maintain
Locally advanced,Rectum,True,False,0,Not applicable,False,3,71,5.5,3,Fair,Persistent discomfort,Low,2,0.22,20,1,bowel-comfort support pattern,nutrition,ease
Early,Unknown,True,True,12,Before surgery,False,6,30,5.5,3,Fair,Comfortable,Low,3,0.35,-7,1,low-energy recovery pattern,rest,ease
Locally advanced,Right colon,True,True,6,After surgery,False,5,37,7,4,Fair,Occasional discomfort,Low,2,0.04,27,0,low-energy recovery pattern,rest,ease
Locally advanced,Unknown,True,True,7,After surgery,False,7,103,6,2,Fair,Occasional discomfort,High,1,0.03,-13,0,low-energy recovery pattern,rest,ease
Locally advanced,Right colon,True,False,0,Not applicable,False,4,48,5.5,2,Fair,Occasional discomfort,Moderate,0,0.08,-24,0,low-energy recovery pattern,rest,ease
Locally advanced,Unknown,False,False,0,Not applicable,True,8,29,5.5,1,Poor,Occasional discomfort,Moderate,0,0.24,12,-2,bowel-comfort support pattern,nutrition,ease
Unknown,Left colon,True,True,6,Before surgery,False,7,74,7.5,2,Fair,Comfortable,Low,2,0.98,29,0,steady wellbeing pattern,maintenance,progress
Metastatic,Left colon,False,True,4,Both,True,3,32,7.5,1,Fair,Occasional discomfort,Moderate,2,0.68,22,-2,low-activity recovery pattern,movement,maintain
Locally advanced,Rectum,True,False,0,Not applicable,False,3,36,7,3,Fair,Occasional discomfort,Low,3,0.99,-14,1,low-activity recovery pattern,movement,ease
Locally advanced,Right colon,False,False,0,Not applicable,True,9,63,6.5,4,Fair,Occasional discomfort,High,3,0.46,-29,1,low-energy recovery pattern,rest,ease
Locally advanced,Rectum,True,True,6,Both,False,4,54,7,5,Fair,Occasional discomfort,Moderate,2,0.56,20,0,low-energy recovery pattern,rest,maintain
Unknown,Unknown,True,True,6,Both,False,5,48,6,3,Good,Occasional discomfort,Moderate,0,0.94,-23,-2,low-energy recovery pattern,rest,maintain
Unknown,Right colon,True,True,4,After surgery,False,6,91,8,2,Fair,Persistent discomfort,Moderate,1,0.36,-22,0,bowel-comfort support pattern,nutrition,maintain
Early,Rectum,True,True,10,Both,False,3,93,6.5,4,Good,Comfortable,Moderate,3,0.97,5,0,low-energy recovery pattern,rest,progress
Unknown,Unknown,False,True,10,After surgery,False,7,125,7.5,4,Fair,Comfortable,High,1,0.97,7,-1,low-energy recovery pattern,rest,progress
Early,Left colon,True,False,0,Not applicable,False,5,137,6.5,4,Fair,Occasional discomfort,Low,3,0.71,8,-2,low-energy recovery pattern,rest,progress
Locally advanced,Rectum,True,True,4,After surgery,False,5,133,8,2,Fair,Comfortable,Moderate,1,0.76,29,0,steady wellbeing pattern,maintenance,progress
Locally advanced,Unknown,False,True,12,After surgery,True,3,125,6,5,Poor,Occasional discomfort,High,0,0.21,-22,-1,bowel-comfort support pattern,nutrition,ease
Locally advanced,Right colon,True,True,10,Both,False,4,44,7.5,1,Fair,Occasional discomfort,High,2,0.29,-14,0,low-energy recovery pattern,rest,ease
Locally advanced,Unknown,True,True,7,Before surgery,False,2,91,6,2,Poor,Occasional discomfort,Moderate,0,0.03,7,-2,bowel-comfort support pattern,nutrition,ease
Early,Left colon,True,True,8,Before surgery,False,5,135,6,1,Fair,Comfortable,Moderate,0,0.57,-8,2,low-energy recovery pattern,rest,ease
Locally advanced,Left colon,True,True,12,After surgery,False,5,14,7,3,Good,Occasional discomfort,Moderate,0,0.16,3,1,low-activity recovery pattern,movement,ease
Locally advanced,Left colon,True,True,5,Both,False,3,128,7,3,Fair,Occasional discomfort,Moderate,3,0.02,-5,2,hydration support pattern,hydration,ease
Locally advanced,Unknown,True,True,7,After surgery,False,4,98,6,1,Fair,Comfortable,Moderate,1,0.69,9,0,low-energy recovery pattern,rest,maintain
Locally advanced,Unknown,True,True,12,Both,False,10,98,7.5,5,Fair,Comfortable,Moderate,3,0.07,-13,0,low-energy recovery pattern,rest,ease
Early,Unknown,False,True,6,Both,False,6,17,8,3,Poor,Persistent discomfort,Moderate,2,0.41,14,1,bowel-comfort support pattern,nutrition,ease
Locally advanced,Rectum,True,False,0,Not applicable,True,10,48,5.5,4,Fair,Comfortable,Moderate,0,0.61,15,-2,low-energy recovery pattern,rest,maintain
Early,Rectum,True,True,4,Both,False,2,79,7,4,Good,Occasional discomfort,High,0,0.2,14,1,low-energy recovery pattern,rest,ease
Locally advanced,Unknown,True,False,0,Not applicable,False,2,54,7,3,Fair,Occasional discomfort,Moderate,1,0.9,3,1,hydration support pattern,hydration,ease
Unknown,Right colon,True,True,4,Both,False,8,100,7.5,2,Fair,Comfortable,Moderate,2,0.87,27,0,steady wellbeing pattern,maintenance,progress
Locally advanced,Right colon,False,True,12,Both,False,4,38,6,4,Fair,Comfortable,Low,0,0.78,11,1,low-energy recovery pattern,rest,ease
Locally advanced,Unknown,True,False,0,Not applicable,True,4,135,5.5,2,Fair,Comfortable,Moderate,1,0.48,-24,-1,low-energy recovery pattern,rest,maintain
Early,Unknown,True,False,0,Not applicable,False,5,140,6,4,Fair,Persistent discomfort,Low,2,0.48,-30,1,bowel-comfort support pattern,nutrition,ease
Locally advanced,Right colon,True,False,0,Not applicable,True,9,110,5.5,1,Fair,Persistent discomfort,Moderate,2,0.74,18,0,bowel-comfort support pattern,nutrition,progress
Early,Rectum,True,True,6,Before surgery,True,8,14,8,4,Poor,Occasional discomfort,Moderate,0,0.47,-25,-2,bowel-comfort support pattern,nutrition,maintain
Unknown,Rectum,False,True,6,Both,False,10,12,8,1,Fair,Comfortable,High,0,0.73,18,0,low-energy recovery pattern,rest,progress
Early,Unknown,True,False,0,Not applicable,False,8,38,5.5,2,Good,Persistent discomfort,Moderate,1,0.88,27,0,bowel-comfort support pattern,nutrition,progress
Early,Right colon,True,False,0,Not applicable,True,9,149,7,4,Good,Occasional discomfort,Low,0,0.56,8,0,low-energy recovery pattern,rest,maintain
Locally advanced,Rectum,True,True,11,Both,False,7,59,7,5,Fair,Occasional discomfort,Moderate,0,0.22,-20,1,low-energy recovery pattern,rest,ease
Early,Right colon,True,True,4,Before surgery,True,4,90,7.5,4,Good,Comfortable,Low,0,0.86,-13,-2,low-energy recovery pattern,rest,maintain
Locally advanced,Rectum,True,False,0,Not applicable,False,4,78,7,4,Fair,Persistent discomfort,Low,0,0.45,-12,1,bowel-comfort support pattern,nutrition,ease
Early,Left colon,False,False,0,Not applicable,False,7,103,7,1,Poor,Persistent discomfort,Moderate,1,0.63,4,0,bowel-comfort support pattern,nutrition,maintain
Unknown,Right colon,True,True,5,After surgery,False,5,86,8,4,Poor,Occasional discomfort,Moderate,3,0.45,14,0,bowel-comfort support pattern,nutrition,maintain
Locally advanced,Right colon,True,True,11,Both,False,10,41,6.5,3,Good,Occasional discomfort,Moderate,1,0.93,-13,-1,low-activity recovery pattern,movement,maintain
Unknown,Unknown,False,True,9,After surgery,False,6,67,6,3,Fair,Comfortable,Low,1,0.23,17,-1,low-energy recovery pattern,rest,ease
Locally advanced,Unknown,False,False,0,Not applicable,False,3,30,5.5,2,Fair,Occasional discomfort,Moderate,0,0.92,-28,-2,low-energy recovery pattern,rest,maintain
Metastatic,Right colon,True,True,11,Before surgery,False,5,49,8,3,Poor,Persistent discomfort,Moderate,0,0.85,27,0,bowel-comfort support pattern,nutrition,progress
Locally advanced,Right colon,True,True,6,Before surgery,False,10,13,5.5,3,Good,Persistent discomfort,Moderate,0,0.09,-19,-1,bowel-comfort support pattern,nutrition,ease
Locally advanced,Rectum,True,True,4,After surgery,False,5,26,7.5,5,Poor,Persistent discomfort,Low,1,0.35,28,1,bowel-comfort support pattern,nutrition,ease
Metastatic,Unknown,True,True,8,Both,False,2,130,5.5,2,Fair,Persistent discomfort,Moderate,0,0.2,20,-2,bowel-comfort support pattern,nutrition,ease
Locally advanced,Unknown,False,True,12,Before surgery,False,2,67,8,3,Good,Comfortable,Low,2,0.68,-24,1,hydration support pattern,hydration,ease
Early,Rectum,True,False,0,Not applicable,False,5,100,8,4,Fair,Occasional discomfort,High,0,0.9,10,0,low-energy recovery pattern,rest,progress
Early,Unknown,False,True,12,Both,False,2,96,5.5,2,Fair,Persistent discomfort,High,1,0.13,-19,0,bowel-comfort support pattern,nutrition,ease
Early,Left colon,True,False,0,Not applicable,False,4,49,7,2,Good,Comfortable,Moderate,1,0.62,19,0,hydration support pattern,hydration,maintain
Metastatic,Rectum,True,False,0,Not applicable,False,3,136,5.5,3,Fair,Occasional discomfort,Low,0,0.12,-26,-2,low-energy recovery pattern,rest,ease
Early,Unknown,True,True,5,Before surgery,False,6,27,6,2,Fair,Occasional discomfort,Low,2,0.44,7,1,low-energy recovery pattern,rest,ease
Locally advanced,Right colon,True,True,12,Before surgery,False,9,27,7,2,Poor,Occasional discomfort,Moderate,3,0.07,-20,1,bowel-comfort support pattern,nutrition,ease
Metastatic,Right colon,True,True,5,Both,True,2,25,8,4,Good,Comfortable,Low,1,0.26,26,0,low-energy recovery pattern,rest,ease
Early,Rectum,False,True,7,Before surgery,False,3,55,5.5,4,Fair,Comfortable,Low,0,0.31,-8,0,low-energy recovery pattern,rest,maintain
Early,Left colon,True,True,9,Both,False,4,81,5.5,5,Good,Occasional discomfort,High,2,0.57,14,2,low-energy recovery pattern,rest,ease
Early,Left colon,True,True,7,Both,False,3,121,6.5,5,Fair,Comfortable,Low,0,0.59,-26,0,low-energy recovery pattern,rest,maintain
Early,Left colon,True,False,0,Not applicable,False,7,47,6,4,Fair,Occasional discomfort,High,0,0.33,-9,2,low-energy recovery pattern,rest,ease
Metastatic,Left colon,True,True,6,After surgery,False,6,107,5.5,5,Good,Persistent discomfort,Moderate,0,0.74,-12,0,bowel-comfort support pattern,nutrition,maintain
Locally advanced,Rectum,True,False,0,Not applicable,True,10,52,7,4,Fair,Occasional discomfort,Low,3,0.36,19,0,low-energy recovery pattern,rest,maintain
Locally advanced,Left colon,True,True,6,After surgery,False,6,107,5.5,2,Good,Occasional discomfort,Moderate,2,0.62,23,2,low-energy recovery pattern,rest,ease
Locally advanced,Left colon,True,False,0,Not applicable,False,10,30,7,1,Poor,Occasional discomfort,Moderate,1,0.15,29,-2,bowel-comfort support pattern,nutrition,ease
Early,Rectum,True,True,11,Both,False,8,137,5.5,3,Fair,Occasional discomfort,Low,1,0.18,-29,1,low-energy recovery pattern,rest,ease
Metastatic,Rectum,True,True,12,Before surgery,False,2,117,6.5,4,Good,Persistent discomfort,High,1,0.38,22,1,bowel-comfort support pattern,nutrition,ease
Locally advanced,Right colon,True,False,0,Not applicable,False,2,65,6,1,Poor,Occasional discomfort,Low,1,0.94,-23,-2,bowel-comfort support pattern,nutrition,maintain
Unknown,Rectum,True,False,0,Not applicable,False,5,102,6.5,5,Good,Occasional discomfort,Low,1,0.06,-18,0,low-energy recovery pattern,rest,ease
Early,Right colon,False,True,6,After surgery,False,10,111,6.5,2,Good,Comfortable,Low,2,0.53,24,2,steady wellbeing pattern,maintenance,ease
Early,Right colon,True,True,11,Both,True,3,75,7,4,Poor,Occasional discomfort,Moderate,1,0.64,15,0,bowel-comfort support pattern,nutrition,maintain
Unknown,Left colon,True,True,11,After surgery,True,6,84,6.5,2,Fair,Comfortable,High,1,0.6,19,1,low-energy recovery pattern,rest,ease
Unknown,Right colon,False,True,4,After surgery,False,7,135,6.5,5,Good,Comfortable,Moderate,2,0.36,-29,0,low-energy recovery pattern,rest,maintain
Locally advanced,Rectum,True,True,5,Before surgery,False,9,50,6.5,1,Poor,Comfortable,Low,0,0.46,2,-2,bowel-comfort support pattern,nutrition,maintain
Early,Left colon,True,True,5,Before surgery,False,9,23,6,2,Fair,Comfortable,Low,2,0.39,-3,1,low-energy recovery pattern,rest,ease
Early,Rectum,True,False,0,Not applicable,False,10,139,6.5,4,Fair,Persistent discomfort,Moderate,1,0.82,19,0,bowel-comfort support pattern,nutrition,progress
Locally advanced,Unknown,False,False,0,Not applicable,False,5,144,7.5,5,Good,Persistent discomfort,Moderate,0,0.29,-16,0,bowel-comfort support pattern,nutrition,ease
Metastatic,Right colon,True,True,6,Before surgery,False,4,108,7,4,Fair,Occasional discomfort,Low,0,0.61,-28,0,low-energy recovery pattern,rest,maintain
Early,Rectum,False,True,7,Before surgery,False,3,26,6.5,2,Fair,Persistent discomfort,Moderate,3,0.58,-22,-2,bowel-comfort support pattern,nutrition,maintain
Metastatic,Right colon,True,False,0,Not applicable,False,9,95,6.5,5,Fair,Occasional discomfort,Low,2,0.12,-10,-2,low-energy recovery pattern,rest,ease
Metastatic,Right colon,True,True,4,Before surgery,False,10,127,7,1,Poor,Comfortable,Moderate,2,0.19,-22,1,bowel-comfort support pattern,nutrition,ease
Metastatic,Rectum,False,False,0,Not applicable,False,3,138,6,4,Good,Occasional discomfort,Low,1,0.85,-29,-2,low-energy recovery pattern,rest,maintain
Early,Unknown,False,False,0,Not applicable,True,3,113,8,3,Good,Occasional discomfort,Low,1,0.97,17,-1,hydration support pattern,hydration,progress
Metastatic,Left colon,False,False,0,Not applicable,False,4,90,6,3,Good,Occasional discomfort,Moderate,2,0.66,-25,2,low-energy recovery pattern,rest,ease
Locally advanced,Right colon,False,False,0,Not applicable,False,6,17,7,1,Good,Occasional discomfort,Low,0,0.13,10,2,low-activity recovery pattern,movement,ease
Locally advanced,Right colon,False,True,12,After surgery,False,3,48,7.5,4,Good,Occasional discomfort,Low,0,0.29,-16,0,low-energy recovery pattern,rest,ease
Locally advanced,Rectum,True,False,0,Not applicable,False,6,15,6.5,4,Fair,Occasional discomfort,Low,2,0.28,10,0,low-energy recovery pattern,rest,ease
Early,Left colon,True,True,12,Both,False,6,138,6.5,5,Good,Comfortable,High,0,0.25,29,-2,low-energy recovery pattern,rest,ease
Early,Right colon,True,True,12,Before surgery,True,6,35,6.5,1,Fair,Persistent discomfort,Moderate,1,0.3,14,-2,bowel-comfort support pattern,nutrition,maintain
Early,Right colon,True,True,4,Both,False,4,25,5.5,3,Good,Occasional discomfort,Low,1,0.15,-10,1,low-energy recovery pattern,rest,ease
Early,Rectum,False,False,0,Not applicable,True,9,47,7,5,Fair,Occasional discomfort,Moderate,0,0.05,17,2,low-energy recovery pattern,rest,ease
Early,Left colon,True,True,9,After surgery,False,7,130,5.5,4,Good,Comfortable,Moderate,2,0.42,-27,0,low-energy recovery pattern,rest,maintain
Early,Right colon,True,False,0,Not applicable,False,4,67,8,5,Good,Occasional discomfort,High,0,0.09,-20,2,low-energy recovery pattern,rest,ease
Metastatic,Unknown,True,True,9,Both,False,7,105,7.5,5,Good,Occasional discomfort,High,0,0.04,-18,0,low-energy recovery pattern,rest,ease
Locally advanced,Right colon,False,True,11,Both,False,5,36,6,5,Fair,Comfortable,Moderate,0,0.69,13,-1,low-energy recovery pattern,rest,maintain
Unknown,Left colon,False,True,6,After surgery,False,2,13,5.5,5,Fair,Comfortable,High,1,0.47,20,2,low-energy recovery pattern,rest,ease
Locally advanced,Left colon,False,False,0,Not applicable,False,7,73,7.5,5,Fair,Occasional discomfort,Moderate,1,0.81,14,-1,low-energy recovery pattern,rest,progress
Locally advanced,Left colon,False,True,11,Both,True,3,27,7.5,3,Poor,Occasional discomfort,High,1,0.07,3,1,bowel-comfort support pattern,nutrition,ease
Early,Rectum,True,True,8,Both,True,7,143,8,3,Fair,Occasional discomfort,Low,0,0.98,16,1,steady wellbeing pattern,maintenance,ease
Locally advanced,Left colon,True,False,0,Not applicable,False,5,132,5.5,3,Fair,Occasional discomfort,Moderate,1,0.12,-29,-2,low-energy recovery pattern,rest,ease
Locally advanced,Rectum,True,True,9,Both,False,3,108,7.5,5,Poor,Occasional discomfort,Low,2,0.99,15,0,bowel-comfort support pattern,nutrition,progress
Early,Right colon,True,True,7,Before surgery,False,2,50,6.5,1,Poor,Comfortable,Low,1,0.59,8,0,bowel-comfort support pattern,nutrition,maintain
Locally advanced,Left colon,True,False,0,Not applicable,False,10,107,6,4,Good,Occasional discomfort,Low,0,0.9,-22,-1,low-energy recovery pattern,rest,maintain
Unknown,Unknown,True,True,9,After surgery,True,7,121,8,3,Poor,Occasional discomfort,Low,0,0.37,5,2,bowel-comfort support pattern,nutrition,ease
Early,Right colon,True,False,0,Not applicable,True,2,48,7.5,4,Fair,Occasional discomfort,High,2,0.69,10,1,low-energy recovery pattern,rest,ease
Early,Unknown,True,True,9,Before surgery,True,2,79,7.5,1,Good,Occasional discomfort,Moderate,0,0.13,12,-2,hydration support pattern,hydration,ease
Unknown,Unknown,True,False,0,Not applicable,False,3,126,7.5,2,Good,Comfortable,High,1,0.69,9,0,low-energy recovery pattern,rest,maintain
Locally advanced,Left colon,True,False,0,Not applicable,True,8,106,6,3,Good,Comfortable,Moderate,2,0.81,-3,0,low-energy recovery pattern,rest,maintain
Locally advanced,Rectum,False,False,0,Not applicable,True,4,45,6.5,2,Good,Comfortable,Low,1,0.83,4,-1,hydration support pattern,hydration,progress
Early,Right colon,False,True,9,Both,False,8,111,6.5,3,Fair,Comfortable,Moderate,1,0.73,7,-1,steady wellbeing pattern,maintenance,progress
Locally advanced,Rectum,True,True,4,After surgery,False,3,105,7.5,3,Good,Comfortable,Low,1,0.66,-10,2,hydration support pattern,hydration,ease
Metastatic,Rectum,True,True,11,Before surgery,True,7,58,6.5,1,Good,Occasional discomfort,High,0,0.46,-26,2,low-energy recovery pattern,rest,ease
Early,Rectum,False,False,0,Not applicable,False,9,120,5.5,4,Good,Occasional discomfort,Low,0,0.88,-6,2,low-energy recovery pattern,rest,ease
Early,Rectum,True,True,10,After surgery,False,2,88,7.5,4,Good,Comfortable,Low,1,0.86,21,2,low-energy recovery pattern,rest,ease
Early,Unknown,True,True,9,After surgery,False,10,46,5.5,5,Good,Comfortable,Moderate,2,0.28,-18,2,low-energy recovery pattern,rest,ease
Early,Left colon,False,False,0,Not applicable,False,8,88,6,2,Good,Occasional discomfort,Moderate,1,0.37,3,-2,low-energy recovery pattern,rest,maintain
Metastatic,Right colon,False,True,6,After surgery,False,2,137,8,1,Good,Persistent discomfort,Moderate,2,0.09,3,1,bowel-comfort support pattern,nutrition,ease
Early,Rectum,True,True,7,Before surgery,False,9,90,7.5,2,Poor,Persistent discomfort,Low,3,0.1,16,2,bowel-comfort support pattern,nutrition,ease
Metastatic,Left colon,True,True,6,Before surgery,True,4,10,5.5,4,Fair,Comfortable,High,0,0.29,16,-1,low-energy recovery pattern,rest,ease
Early,Right colon,True,False,0,Not applicable,False,7,36,5.5,3,Fair,Comfortable,Moderate,1,0.72,-8,0,low-energy recovery pattern,rest,maintain
Metastatic,Unknown,True,True,8,After surgery,False,6,27,6,1,Good,Comfortable,Moderate,1,0.65,-23,0,low-energy recovery pattern,rest,maintain
Locally advanced,Right colon,False,True,8,Before surgery,False,4,11,5.5,3,Fair,Occasional discomfort,Moderate,1,0.38,11,-1,low-energy recovery pattern,rest,maintain
Locally advanced,Left colon,True,True,10,Before surgery,True,4,38,8,2,Fair,Persistent discomfort,Moderate,0,0.54,21,0,bowel-comfort support pattern,nutrition,maintain
Early,Rectum,True,True,5,Both,False,2,69,7.5,3,Fair,Occasional discomfort,Low,2,0.88,16,1,hydration support pattern,hydration,ease
Unknown,Left colon,True,True,5,After surgery,False,3,143,8,5,Fair,Occasional discomfort,Moderate,0,0.74,16,-1,low-energy recovery pattern,rest,progress
Early,Rectum,True,False,0,Not applicable,False,5,100,6.5,3,Fair,Occasional discomfort,Moderate,0,0.54,18,-1,steady wellbeing pattern,maintenance,maintain
Early,Unknown,True,True,4,Before surgery,True,7,140,8,3,Fair,Persistent discomfort,Moderate,0,0.89,25,1,bowel-comfort support pattern,nutrition,ease
Locally advanced,Unknown,True,True,6,Before surgery,True,5,49,7.5,5,Good,Persistent discomfort,Low,3,0.34,19,-2,bowel-comfort support pattern,nutrition,maintain
Locally advanced,Rectum,True,True,7,Before surgery,True,4,138,6,3,Good,Occasional discomfort,High,0,0.54,21,-2,low-energy recovery pattern,rest,maintain
Metastatic,Left colon,True,True,11,After surgery,False,10,100,8,4,Fair,Occasional discomfort,Moderate,0,0.03,9,0,low-energy recovery pattern,rest,ease
Locally advanced,Unknown,True,True,12,Both,False,6,20,5.5,1,Good,Occasional discomfort,High,1,0.9,-18,-1,low-energy recovery pattern,rest,maintain
Locally advanced,Unknown,True,True,10,Both,False,10,91,6,4,Fair,Occasional discomfort,High,2,0.34,7,0,low-energy recovery pattern,rest,maintain
Metastatic,Rectum,True,True,4,Both,False,8,130,5.5,5,Good,Comfortable,Low,1,0.41,0,2,low-energy recovery pattern,rest,ease
Locally advanced,Unknown,True,True,9,Before surgery,True,9,32,8,3,Fair,Persistent discomfort,High,0,0.41,19,0,bowel-comfort support pattern,nutrition,maintain
Early,Right colon,True,True,10,Before surgery,True,9,69,5.5,3,Fair,Occasional discomfort,Low,1,0.7,-1,-1,low-energy recovery pattern,rest,maintain
Locally advanced,Unknown,True,True,11,After surgery,False,10,78,6.5,1,Fair,Persistent discomfort,Low,2,0.42,29,0,bowel-comfort support pattern,nutrition,maintain
Unknown,Rectum,True,True,9,Before surgery,False,10,85,5.5,1,Fair,Comfortable,High,2,0.1,17,-1,low-energy recovery pattern,rest,ease
Early,Rectum,True,True,12,Before surgery,False,5,91,7,1,Fair,Occasional discomfort,Moderate,3,0.56,27,-2,steady wellbeing pattern,maintenance,maintain
Locally advanced,Left colon,True,True,11,Before surgery,False,9,142,7,5,Fair,Occasional discomfort,Moderate,0,0.93,20,-2,low-energy recovery pattern,rest,progress
Locally advanced,Left colon,False,False,0,Not applicable,False,3,78,7,1,Fair,Occasional discomfort,Low,1,0.49,-5,0,hydration support pattern,hydration,maintain
Metastatic,Unknown,True,True,4,After surgery,True,2,56,8,1,Fair,Persistent discomfort,High,2,0.89,-10,-2,bowel-comfort support pattern,nutrition,maintain
Early,Unknown,False,False,0,Not applicable,False,3,58,7.5,1,Good,Occasional discomfort,Moderate,2,0.54,-26,2,hydration support pattern,hydration,ease
Locally advanced,Right colon,False,True,7,After surgery,False,4,103,6,1,Good,Occasional discomfort,Moderate,2,0.77,-2,0,low-energy recovery pattern,rest,maintain
Metastatic,Left colon,False,True,12,Before surgery,False,3,92,6.5,5,Poor,Persistent discomfort,High,0,0.67,-17,-1,bowel-comfort support pattern,nutrition,maintain
Locally advanced,Left colon,True,True,12,After surgery,False,7,31,6,2,Fair,Comfortable,Moderate,1,0.41,-22,1,low-energy recovery pattern,rest,ease
Locally advanced,Right colon,False,True,8,Both,False,9,24,8,1,Fair,Occasional discomfort,High,2,0.69,14,-1,low-energy recovery pattern,rest,maintain
Locally advanced,Left colon,True,True,5,Both,False,10,36,6.5,4,Fair,Comfortable,Moderate,1,0.93,19,2,low-energy recovery pattern,rest,ease
Early,Right colon,False,True,6,After surgery,True,2,47,8,5,Poor,Occasional discomfort,Low,3,0.06,17,0,bowel-comfort support pattern,nutrition,ease
Early,Unknown,True,True,12,Both,True,6,16,7,5,Good,Comfortable,Moderate,2,0.94,30,-1,low-energy recovery pattern,rest,progress
Locally advanced,Left colon,True,True,4,Both,False,10,147,8,2,Fair,Occasional discomfort,Moderate,1,0.29,23,-1,steady wellbeing pattern,maintenance,ease
Locally advanced,Unknown,True,False,0,Not applicable,False,2,64,7.5,1,Fair,Occasional discomfort,Low,0,0.7,-5,-2,hydration support pattern,hydration,maintain
Unknown,Unknown,True,True,10,After surgery,False,3,108,5.5,4,Good,Comfortable,Moderate,0,0.67,-28,-1,low-energy recovery pattern,rest,maintain
Unknown,Right colon,True,True,4,Both,False,3,42,6.5,2,Fair,Persistent discomfort,Moderate,0,0.05,-3,0,bowel-comfort support pattern,nutrition,ease
Early,Right colon,False,True,7,Before surgery,False,3,89,6.5,1,Good,Comfortable,Moderate,3,0.41,5,1,hydration support pattern,hydration,ease
Early,Right colon,True,True,4,After surgery,False,2,18,7,3,Fair,Comfortable,Moderate,0,0.3,7,2,low-activity recovery pattern,movement,ease
Locally advanced,Rectum,True,True,11,Both,False,9,128,7,2,Fair,Occasional discomfort,Moderate,1,0.08,-28,0,steady wellbeing pattern,maintenance,ease
Early,Right colon,False,False,0,Not applicable,False,10,41,7,4,Poor,Persistent discomfort,Low,1,0.68,-23,-1,bowel-comfort support pattern,nutrition,maintain
Locally advanced,Rectum,False,True,12,Before surgery,False,5,129,7.5,1,Fair,Occasional discomfort,High,3,0.68,-29,-1,low-energy recovery pattern,rest,maintain
Early,Rectum,True,True,8,Both,False,4,118,7,1,Fair,Occasional discomfort,Moderate,2,0.16,-8,1,hydration support pattern,hydration,ease
Early,Right colon,True,False,0,Not applicable,False,8,116,7.5,2,Good,Occasional discomfort,High,1,0.11,20,-1,low-energy recovery pattern,rest,ease
Locally advanced,Unknown,False,True,6,Before surgery,False,8,17,6.5,5,Fair,Persistent discomfort,Low,1,0.16,-15,1,bowel-comfort support pattern,nutrition,ease
Metastatic,Rectum,True,False,0,Not applicable,True,5,142,8,5,Fair,Occasional discomfort,High,3,0.39,4,2,low-energy recovery pattern,rest,ease
Early,Rectum,False,False,0,Not applicable,False,9,86,5.5,4,Fair,Comfortable,Moderate,1,0.02,8,0,low-energy recovery pattern,rest,ease
Locally advanced,Left colon,True,True,9,Both,False,9,30,6.5,2,Fair,Comfortable,High,0,0.82,-13,0,low-energy recovery pattern,rest,maintain
Locally advanced,Left colon,True,True,11,Before surgery,True,4,81,5.5,5,Fair,Occasional discomfort,Low,1,0.47,21,2,low-energy recovery pattern,rest,ease
Locally advanced,Unknown,True,True,4,Before surgery,False,9,133,8,5,Fair,Comfortable,Moderate,1,0.57,26,2,low-energy recovery pattern,rest,ease
Locally advanced,Left colon,True,True,4,Both,False,10,69,7.5,4,Poor,Persistent discomfort,Moderate,1,0.42,23,2,bowel-comfort support pattern,nutrition,ease
Locally advanced,Left colon,True,False,0,Not applicable,True,4,47,7,4,Fair,Occasional discomfort,Moderate,0,0.75,-15,0,low-energy recovery pattern,rest,maintain
Locally advanced,Unknown,True,False,0,Not applicable,False,5,90,7,2,Poor,Comfortable,Moderate,0,0.04,5,-1,bowel-comfort support pattern,nutrition,ease
Unknown,Left colon,True,True,4,Before surgery,False,5,66,7.5,4,Poor,Comfortable,Moderate,0,0.42,8,-2,bowel-comfort support pattern,nutrition,maintain
Early,Right colon,True,False,0,Not applicable,False,3,87,6.5,5,Good,Comfortable,High,0,0.12,-28,0,low-energy recovery pattern,rest,ease
Unknown,Right colon,True,True,8,Both,False,2,117,7,3,Good,Occasional discomfort,Moderate,0,0.54,-14,-2,hydration support pattern,hydration,maintain
Metastatic,Right colon,False,False,0,Not applicable,False,8,70,7.5,3,Good,Occasional discomfort,Low,0,0.56,29,1,steady wellbeing pattern,maintenance,ease
Early,Unknown,True,True,12,Both,True,2,115,6.5,1,Good,Occasional discomfort,Moderate,0,0.51,-3,2,hydration support pattern,hydration,ease
Early,Right colon,True,False,0,Not applicable,False,7,137,6.5,3,Fair,Persistent discomfort,High,1,0.65,14,2,bowel-comfort support pattern,nutrition,ease
Early,Rectum,True,True,7,Before surgery,False,5,106,7.5,5,Fair,Persistent discomfort,Low,1,0.83,18,0,bowel-comfort support pattern,nutrition,progress
Early,Right colon,True,True,6,After surgery,False,5,78,8,4,Good,Occasional discomfort,Low,0,0.09,24,-1,low-energy recovery pattern,rest,ease
Early,Unknown,True,False,0,Not applicable,False,8,109,6,1,Fair,Comfortable,Low,0,0.8,-6,-1,low-energy recovery pattern,rest,maintain
Early,Left colon,True,True,8,After surgery,False,5,26,5.5,3,Fair,Persistent discomfort,Moderate,2,0.01,-14,0,bowel-comfort support pattern,nutrition,ease
Locally advanced,Rectum,True,False,0,Not applicable,False,8,47,6,2,Poor,Occasional discomfort,High,1,0.28,10,0,bowel-comfort support pattern,nutrition,ease
Unknown,Unknown,False,False,0,Not applicable,False,3,149,5.5,2,Good,Persistent discomfort,High,0,0.22,4,1,bowel-comfort support pattern,nutrition,ease
Early,Unknown,False,True,9,After surgery,True,5,147,7.5,3,Fair,Occasional discomfort,High,0,0.79,-3,0,low-energy recovery pattern,rest,maintain
Early,Left colon,True,True,5,After surgery,False,6,17,5.5,1,Poor,Comfortable,Low,1,0.57,10,-1,bowel-comfort support pattern,nutrition,maintain
Locally advanced,Left colon,False,True,7,After surgery,False,4,142,7,5,Fair,Comfortable,Moderate,2,0.75,28,-1,low-energy recovery pattern,rest,progress
Metastatic,Rectum,True,True,8,Both,True,6,35,6,3,Fair,Occasional discomfort,Moderate,2,0.39,23,0,low-energy recovery pattern,rest,maintain
Locally advanced,Unknown,False,True,12,Before surgery,False,3,118,6,5,Fair,Comfortable,Low,2,0.73,27,0,low-energy recovery pattern,rest,progress
Metastatic,Right colon,True,True,12,Before surgery,False,10,121,7,2,Good,Occasional discomfort,Moderate,0,0.5,-29,1,steady wellbeing pattern,maintenance,ease
Early,Rectum,True,True,12,After surgery,False,9,80,6,3,Poor,Occasional discomfort,High,0,0.69,-12,2,bowel-comfort support pattern,nutrition,ease
Locally advanced,Rectum,True,True,10,Both,False,2,11,5.5,3,Fair,Comfortable,Moderate,1,0.72,-6,-1,low-energy recovery pattern,rest,maintain
Unknown,Right colon,False,True,10,Both,False,2,107,6.5,2,Good,Persistent discomfort,Low,1,0.07,-1,0,bowel-comfort support pattern,nutrition,ease
Early,Right colon,True,True,7,Both,False,6,21,7,4,Good,Occasional discomfort,Low,0,0.52,12,0,low-energy recovery pattern,rest,maintain
Early,Left colon,True,False,0,Not applicable,False,5,36,7,3,Fair,Persistent discomfort,Low,1,0.35,-13,2,bowel-comfort support pattern,nutrition,ease
Locally advanced,Unknown,True,True,11,After surgery,False,5,41,7.5,4,Poor,Occasional discomfort,Moderate,1,0.15,29,0,bowel-comfort support pattern,nutrition,ease
Early,Rectum,False,True,12,After surgery,False,7,27,5.5,4,Good,Comfortable,Moderate,1,0.37,29,-1,low-energy recovery pattern,rest,maintain
Locally advanced,Right colon,True,False,0,Not applicable,False,10,37,8,5,Good,Occasional discomfort,Moderate,0,0.61,-11,0,low-energy recovery pattern,rest,maintain
Locally advanced,Left colon,False,True,12,Both,False,10,38,7,3,Fair,Occasional discomfort,High,1,0.47,1,0,low-energy recovery pattern,rest,maintain
Locally advanced,Left colon,True,False,0,Not applicable,False,5,143,6.5,2,Fair,Persistent discomfort,Moderate,2,0.15,29,2,bowel-comfort support pattern,nutrition,ease
Locally advanced,Rectum,False,True,5,Both,False,2,74,8,4,Fair,Comfortable,Moderate,1,0.46,25,-1,low-energy recovery pattern,rest,maintain
Early,Rectum,False,True,7,Both,False,2,34,6,2,Poor,Persistent discomfort,Moderate,0,0.53,-30,0,bowel-comfort support pattern,nutrition,maintain
Locally advanced,Unknown,True,True,12,Before surgery,False,9,99,6,5,Poor,Comfortable,Low,1,0.2,-29,0,bowel-comfort support pattern,nutrition,ease
Locally advanced,Unknown,True,False,0,Not applicable,True,3,124,8,1,Fair,Persistent discomfort,High,1,0.06,-18,0,bowel-comfort support pattern,nutrition,ease
Early,Left colon,True,True,8,After surgery,False,8,130,6.5,4,Good,Comfortable,High,2,0.96,17,0,low-energy recovery pattern,rest,progress
Unknown,Rectum,True,False,0,Not applicable,False,7,88,8,4,Fair,Comfortable,Low,0,0.54,6,-2,low-energy recovery pattern,rest,maintain
Locally advanced,Left colon,True,True,11,Before surgery,False,2,138,7.5,4,Fair,Comfortable,Moderate,2,0.54,1,0,low-energy recovery pattern,rest,maintain
Unknown,Right colon,True,True,10,After surgery,False,7,80,7,2,Good,Occasional discomfort,Moderate,2,0.58,-10,2,steady wellbeing pattern,maintenance,ease
Early,Right colon,True,False,0,Not applicable,False,6,105,8,4,Poor,Comfortable,Moderate,1,0.23,10,0,bowel-comfort support pattern,nutrition,ease
Locally advanced,Right colon,True,False,0,Not applicable,True,9,109,6.5,3,Poor,Persistent discomfort,Moderate,1,0.33,-27,-2,bowel-comfort support pattern,nutrition,maintain
Metastatic,Left colon,True,False,0,Not applicable,False,9,55,7.5,4,Fair,Comfortable,Low,3,0.62,-10,-1,low-energy recovery pattern,rest,maintain
Early,Unknown,True,True,5,Both,False,6,123,6,5,Fair,Occasional discomfort,Moderate,1,0.7,-28,1,low-energy recovery pattern,rest,ease
Early,Left colon,True,True,4,Before surgery,False,2,28,7,2,Fair,Comfortable,Moderate,1,0.77,-14,1,low-activity recovery pattern,movement,ease
Locally advanced,Left colon,False,True,10,After surgery,False,7,99,7.5,2,Fair,Comfortable,Low,0,0.81,-28,1,steady wellbeing pattern,maintenance,ease
Locally advanced,Rectum,False,False,0,Not applicable,False,3,78,7,2,Good,Occasional discomfort,Moderate,2,0.98,1,1,hydration support pattern,hydration,ease
Early,Unknown,True,False,0,Not applicable,False,8,53,7.5,1,Good,Occasional discomfort,Low,0,0.4,-30,-1,steady wellbeing pattern,maintenance,maintain
Unknown,Left colon,True,True,4,After surgery,False,6,130,8,1,Good,Persistent discomfort,High,1,0.53,-30,0,bowel-comfort support pattern,nutrition,maintain
Early,Right colon,True,True,7,Before surgery,False,4,72,5.5,3,Good,Comfortable,Moderate,2,0.68,0,1,low-energy recovery pattern,rest,ease
Early,Unknown,True,True,10,After surgery,False,6,12,7.5,4,Good,Occasional discomfort,High,2,0.9,17,-1,low-energy recovery pattern,rest,progress
Early,Rectum,True,True,8,Both,False,10,136,8,4,Good,Persistent discomfort,Moderate,0,0.34,0,1,bowel-comfort support pattern,nutrition,ease
Locally advanced,Left colon,False,True,8,Both,False,2,122,7,3,Good,Persistent discomfort,Moderate,0,0.41,-30,-1,bowel-comfort support pattern,nutrition,maintain
Locally advanced,Unknown,True,True,11,After surgery,True,2,44,7,1,Fair,Persistent discomfort,High,1,0.87,-4,-2,bowel-comfort support pattern,nutrition,maintain
Early,Unknown,False,False,0,Not applicable,False,8,31,6,1,Fair,Occasional discomfort,Moderate,2,0.28,-4,0,low-energy recovery pattern,rest,ease
Early,Rectum,True,False,0,Not applicable,False,7,116,7,5,Fair,Occasional discomfort,Moderate,0,0.48,15,-1,low-energy recovery pattern,rest,maintain
Early,Unknown,False,False,0,Not applicable,False,9,121,7,1,Good,Occasional discomfort,Low,1,0.97,-23,0,steady wellbeing pattern,maintenance,maintain
Locally advanced,Rectum,True,True,12,After surgery,False,7,47,6.5,3,Fair,Occasional discomfort,Moderate,0,0.13,16,0,steady wellbeing pattern,maintenance,ease
Locally advanced,Unknown,False,True,7,Before surgery,False,6,107,6,1,Fair,Occasional discomfort,Moderate,1,0.5,-17,-1,low-energy recovery pattern,rest,maintain
Early,Right colon,True,True,10,Both,False,4,63,7,4,Fair,Occasional discomfort,High,1,0.96,-22,0,low-energy recovery pattern,rest,maintain
Early,Right colon,False,True,8,After surgery,True,8,125,8,1,Good,Persistent discomfort,Low,2,0.12,0,2,bowel-comfort support pattern,nutrition,ease
Locally advanced,Left colon,True,True,10,Before surgery,False,2,68,6,3,Poor,Comfortable,Moderate,0,0.5,-13,0,bowel-comfort support pattern,nutrition,maintain
Locally advanced,Right colon,True,True,12,Both,False,3,117,6,5,Fair,Occasional discomfort,High,1,0.53,-19,1,low-energy recovery pattern,rest,ease
Early,Left colon,True,False,0,Not applicable,False,4,125,7,3,Good,Persistent discomfort,Moderate,1,0.9,-20,-2,bowel-comfort support pattern,nutrition,maintain
Early,Rectum,False,False,0,Not applicable,False,5,49,6,1,Fair,Persistent discomfort,Moderate,0,0.9,22,0,bowel-comfort support pattern,nutrition,progress
Early,Right colon,True,True,12,After surgery,False,8,59,8,1,Fair,Occasional discomfort,High,1,0.52,-30,0,low-energy recovery pattern,rest,maintain
Locally advanced,Unknown,False,False,0,Not applicable,True,4,46,7.5,3,Fair,Comfortable,High,1,0.13,27,0,low-energy recovery pattern,rest,ease
Early,Left colon,False,True,4,Both,False,6,100,6,2,Good,Comfortable,High,0,0.14,-10,-1,low-energy recovery pattern,rest,ease
Early,Left colon,True,True,10,After surgery,True,4,50,8,2,Good,Occasional discomfort,High,2,0.74,-19,0,low-energy recovery pattern,rest,maintain
Locally advanced,Right colon,True,True,4,After surgery,True,2,11,7.5,4,Fair,Occasional discomfort,High,2,0.83,-23,-1,low-energy recovery pattern,rest,maintain
Unknown,Rectum,False,False,0,Not applicable,False,5,148,6.5,2,Good,Occasional discomfort,Low,0,0.07,-4,0,steady wellbeing pattern,maintenance,ease
Early,Unknown,True,False,0,Not applicable,False,5,82,6.5,2,Fair,Persistent discomfort,High,1,0.99,-5,0,bowel-comfort support pattern,nutrition,maintain
Unknown,Right colon,False,True,11,Before surgery,False,5,112,7.5,1,Poor,Comfortable,Low,1,0.21,-11,-2,bowel-comfort support pattern,nutrition,ease
Early,Right colon,False,True,8,Before surgery,True,10,84,7,5,Fair,Persistent discomfort,Moderate,0,0.01,-15,-1,bowel-comfort support pattern,nutrition,ease
Metastatic,Right colon,True,True,10,Before surgery,False,7,138,8,4,Fair,Occasional discomfort,Low,3,0.16,-23,0,low-energy recovery pattern,rest,ease
Early,Unknown,False,True,7,Before surgery,False,5,106,7.5,3,Fair,Comfortable,Low,1,0.99,-24,0,steady wellbeing pattern,maintenance,maintain
Early,Left colon,False,True,9,After surgery,False,4,119,7.5,1,Fair,Comfortable,High,1,0.45,-4,-1,low-energy recovery pattern,rest,maintain
Unknown,Right colon,True,True,9,After surgery,False,10,54,7,5,Fair,Comfortable,Low,0,0.64,-11,-2,low-energy recovery pattern,rest,maintain
Locally advanced,Right colon,False,False,0,Not applicable,True,8,85,7.5,1,Good,Comfortable,High,2,0.62,-27,0,low-energy recovery pattern,rest,maintain
Unknown,Rectum,True,True,7,After surgery,False,3,113,7,1,Fair,Comfortable,Low,3,0.82,26,2,hydration support pattern,hydration,ease
Locally advanced,Right colon,True,True,5,Before surgery,False,10,46,5.5,4,Fair,Occasional discomfort,Moderate,0,0.55,-23,-1,low-energy recovery pattern,rest,maintain
Early,Rectum,True,True,11,Before surgery,True,4,98,5.5,4,Good,Comfortable,Moderate,2,0.41,2,-1,low-energy recovery pattern,rest,maintain
Metastatic,Unknown,True,True,7,Before surgery,False,8,10,7,3,Fair,Occasional discomfort,Low,1,0.78,-29,1,low-activity recovery pattern,movement,ease
Locally advanced,Unknown,True,True,9,Both,False,8,43,6,3,Good,Occasional discomfort,Low,1,0.09,6,0,low-energy recovery pattern,rest,ease
Early,Left colon,True,True,11,After surgery,True,3,107,6,1,Good,Persistent discomfort,Moderate,1,0.62,-29,1,bowel-comfort support pattern,nutrition,ease
Early,Unknown,True,False,0,Not applicable,False,2,75,6,3,Poor,Persistent discomfort,Low,2,0.09,-2,0,bowel-comfort support pattern,nutrition,ease
Locally advanced,Left colon,True,True,10,Both,True,10,62,8,2,Good,Comfortable,High,2,0.98,25,2,low-energy recovery pattern,rest,ease
Early,Left colon,False,False,0,Not applicable,True,8,40,5.5,4,Good,Persistent discomfort,High,2,0.66,24,-1,bowel-comfort support pattern,nutrition,maintain
Locally advanced,Unknown,True,True,11,After surgery,False,3,11,7.5,4,Good,Comfortable,Low,1,0.85,22,2,low-energy recovery pattern,rest,ease
Early,Left colon,True,True,7,Both,False,9,129,7,2,Fair,Occasional discomfort,Moderate,3,0.17,-11,0,steady wellbeing pattern,maintenance,ease
Early,Left colon,True,False,0,Not applicable,False,9,55,7.5,3,Good,Comfortable,Moderate,0,0.79,23,-2,steady wellbeing pattern,maintenance,progress
Locally advanced,Right colon,False,True,6,Both,False,4,146,6.5,5,Poor,Persistent discomfort,Low,1,0.5,15,1,bowel-comfort support pattern,nutrition,ease
Unknown,Right colon,True,True,12,Before surgery,False,7,149,6,5,Poor,Comfortable,Moderate,3,0.73,-2,2,bowel-comfort support pattern,nutrition,ease
Early,Left colon,True,True,11,Before surgery,False,9,74,6.5,2,Good,Occasional discomfort,High,0,0.98,5,0,low-energy recovery pattern,rest,progress
Locally advanced,Unknown,False,True,9,Both,False,8,102,6,2,Fair,Persistent discomfort,Moderate,1,0.5,5,1,bowel-comfort support pattern,nutrition,ease
Unknown,Unknown,True,True,10,After surgery,False,10,15,6.5,2,Fair,Comfortable,Moderate,1,0.42,-13,-1,low-activity recovery pattern,movement,maintain
Early,Unknown,True,True,10,Before surgery,False,4,12,7.5,5,Good,Persistent discomfort,Low,1,0.14,10,-2,bowel-comfort support pattern,nutrition,ease
Locally advanced,Left colon,True,True,5,Both,False,6,149,8,5,Good,Occasional discomfort,Low,2,0.97,27,-1,low-energy recovery pattern,rest,progress
Unknown,Left colon,False,False,0,Not applicable,False,4,54,8,5,Poor,Comfortable,Moderate,2,0.14,-28,0,bowel-comfort support pattern,nutrition,ease
Unknown,Right colon,True,False,0,Not applicable,True,8,139,6,2,Good,Occasional discomfort,Low,1,0.68,26,0,low-energy recovery pattern,rest,maintain
Early,Left colon,True,False,0,Not applicable,False,3,46,6,1,Fair,Occasional discomfort,Low,1,0.41,2,0,low-energy recovery pattern,rest,maintain
Locally advanced,Unknown,False,True,11,Both,False,9,69,7,3,Good,Occasional discomfort,Moderate,1,0.04,-14,0,steady wellbeing pattern,maintenance,ease
Early,Left colon,True,False,0,Not applicable,True,5,93,7,5,Fair,Comfortable,Moderate,2,0.73,-18,-1,low-energy recovery pattern,rest,maintain
Locally advanced,Unknown,True,True,6,Both,False,8,48,6.5,2,Good,Comfortable,Low,1,0.12,-24,2,steady wellbeing pattern,maintenance,ease
Unknown,Rectum,False,False,0,Not applicable,True,7,143,6,5,Good,Comfortable,High,0,0.35,9,1,low-energy recovery pattern,rest,ease
Early,Left colon,False,False,0,Not applicable,False,4,68,7.5,5,Poor,Persistent discomfort,High,0,0.77,27,2,bowel-comfort support pattern,nutrition,ease
Early,Unknown,True,True,7,Both,False,8,19,6.5,2,Good,Persistent discomfort,Low,0,0.32,22,0,bowel-comfort support pattern,nutrition,maintain
Early,Rectum,False,True,4,Both,False,9,57,6.5,5,Fair,Occasional discomfort,Low,0,0.57,4,-1,low-energy recovery pattern,rest,maintain
Metastatic,Unknown,True,False,0,Not applicable,False,3,37,6,1,Good,Comfortable,Moderate,0,0.59,7,0,low-energy recovery pattern,rest,maintain
Locally advanced,Rectum,True,False,0,Not applicable,True,3,148,8,5,Fair,Comfortable,High,1,0.37,29,0,low-energy recovery pattern,rest,maintain
Early,Right colon,True,False,0,Not applicable,False,8,30,7.5,1,Good,Persistent discomfort,Low,1,0.22,6,-2,bowel-comfort support pattern,nutrition,ease
Early,Left colon,True,False,0,Not applicable,False,7,148,8,1,Poor,Comfortable,Low,3,0.86,-4,0,bowel-comfort support pattern,nutrition,maintain
Locally advanced,Left colon,True,True,8,Before surgery,False,8,24,7.5,2,Fair,Occasional discomfort,Low,1,0.77,-16,-1,low-activity recovery pattern,movement,maintain
Early,Rectum,True,True,12,After surgery,False,7,141,5.5,4,Fair,Persistent discomfort,Moderate,2,0.41,-3,-2,bowel-comfort support pattern,nutrition,maintain
Metastatic,Left colon,True,True,11,After surgery,False,6,123,8,2,Good,Comfortable,High,3,0.82,2,-2,low-energy recovery pattern,rest,progress
Early,Rectum,True,True,7,Both,False,7,71,5.5,1,Good,Comfortable,Low,0,0.46,27,1,low-energy recovery pattern,rest,ease
Locally advanced,Unknown,False,True,11,Both,False,8,147,5.5,4,Fair,Occasional discomfort,Low,2,0.12,19,0,low-energy recovery pattern,rest,ease
Metastatic,Unknown,True,True,4,After surgery,False,9,32,7.5,5,Good,Occasional discomfort,High,1,0.57,-11,1,low-energy recovery pattern,rest,ease
Metastatic,Rectum,False,True,4,Before surgery,False,8,138,5.5,2,Fair,Comfortable,Low,0,0.99,-11,2,low-energy recovery pattern,rest,ease
Locally advanced,Rectum,True,True,10,Before surgery,False,10,70,6.5,3,Fair,Occasional discomfort,Moderate,1,0.62,-16,1,steady wellbeing pattern,maintenance,ease
Early,Right colon,True,False,0,Not applicable,False,2,123,7.5,3,Fair,Occasional discomfort,Moderate,1,0.72,-25,1,hydration support pattern,hydration,ease
Locally advanced,Unknown,True,False,0,Not applicable,False,4,150,7.5,2,Fair,Comfortable,High,1,0.48,7,0,low-energy recovery pattern,rest,maintain
Unknown,Rectum,True,False,0,Not applicable,True,5,141,8,5,Good,Occasional discomfort,Low,0,0.37,-30,-1,low-energy recovery pattern,rest,maintain
Early,Left colon,True,False,0,Not applicable,True,2,40,8,2,Poor,Persistent discomfort,Moderate,1,0.44,-6,0,bowel-comfort support pattern,nutrition,maintain
Unknown,Rectum,True,True,5,After surgery,False,8,132,7.5,1,Fair,Occasional discomfort,Low,0,0.88,9,0,steady wellbeing pattern,maintenance,progress
Locally advanced,Left colon,True,True,7,Before surgery,False,10,138,7,1,Fair,Comfortable,High,0,0.49,15,-1,low-energy recovery pattern,rest,maintain
Early,Unknown,True,True,6,After surgery,False,6,17,7.5,3,Fair,Comfortable,Low,3,0.22,-17,0,low-activity recovery pattern,movement,ease
Locally advanced,Right colon,True,False,0,Not applicable,False,3,117,6.5,1,Fair,Persistent discomfort,Low,2,0.06,-22,-1,bowel-comfort support pattern,nutrition,ease
Early,Left colon,False,True,6,Both,False,8,79,5.5,2,Fair,Persistent discomfort,Moderate,0,0.52,-16,1,bowel-comfort support pattern,nutrition,ease
Early,Unknown,True,True,10,Both,False,10,135,6.5,5,Fair,Persistent discomfort,High,1,0.6,27,-1,bowel-comfort support pattern,nutrition,maintain
Unknown,Unknown,True,False,0,Not applicable,True,4,11,8,5,Fair,Comfortable,Moderate,3,0.08,8,2,low-energy recovery pattern,rest,ease
Unknown,Unknown,True,False,0,Not applicable,False,4,35,6,3,Poor,Occasional discomfort,Low,1,0.03,20,-1,bowel-comfort support pattern,nutrition,ease
Early,Unknown,True,True,11,Both,False,9,46,5.5,5,Poor,Occasional discomfort,Moderate,1,0.92,0,1,bowel-comfort support pattern,nutrition,ease
Metastatic,Unknown,False,True,12,After surgery,False,9,70,7.5,2,Fair,Persistent discomfort,Moderate,0,0.08,15,-2,bowel-comfort support pattern,nutrition,ease
Early,Rectum,True,True,7,After surgery,False,6,134,6.5,5,Fair,Persistent discomfort,Moderate,2,0.31,5,0,bowel-comfort support pattern,nutrition,maintain
Early,Unknown,True,True,11,After surgery,False,3,112,7,4,Good,Persistent discomfort,High,1,0.44,-16,0,bowel-comfort support pattern,nutrition,maintain
Locally advanced,Rectum,True,False,0,Not applicable,False,7,71,6.5,4,Fair,Occasional discomfort,Low,1,0.18,-30,-1,low-energy recovery pattern,rest,ease
Locally advanced,Rectum,True,False,0,Not applicable,False,5,111,8,3,Fair,Occasional discomfort,Moderate,1,0.92,-16,-1,steady wellbeing pattern,maintenance,maintain
Metastatic,Right colon,True,False,0,Not applicable,False,8,82,6.5,4,Poor,Comfortable,Low,0,0.37,3,0,bowel-comfort support pattern,nutrition,maintain
Locally advanced,Right colon,True,False,0,Not applicable,True,10,55,6,1,Fair,Comfortable,Moderate,2,0.9,1,1,low-energy recovery pattern,rest,ease
Unknown,Unknown,False,False,0,Not applicable,False,3,115,6,3,Fair,Comfortable,High,0,0.22,15,2,low-energy recovery pattern,rest,ease
Metastatic,Rectum,True,False,0,Not applicable,True,8,125,6.5,3,Fair,Occasional discomfort,High,1,0.52,-9,-1,low-energy recovery pattern,rest,maintain
Locally advanced,Right colon,True,True,7,Before surgery,False,10,94,6.5,4,Fair,Occasional discomfort,Moderate,0,0.52,-12,0,low-energy recovery pattern,rest,maintain
Locally advanced,Rectum,True,False,0,Not applicable,False,2,41,5.5,4,Fair,Comfortable,High,2,0.46,9,-2,low-energy recovery pattern,rest,maintain
Locally advanced,Left colon,True,True,11,Both,False,4,48,6,2,Fair,Persistent discomfort,Low,2,0.34,16,0,bowel-comfort support pattern,nutrition,maintain
Early,Rectum,True,True,9,After surgery,False,8,60,5.5,5,Fair,Comfortable,Moderate,2,0.85,30,-1,low-energy recovery pattern,rest,progress
Locally advanced,Unknown,True,True,5,Before surgery,False,2,140,8,5,Good,Comfortable,Low,0,0.3,-3,2,low-energy recovery pattern,rest,ease
Unknown,Rectum,True,True,12,Before surgery,True,4,53,6.5,3,Fair,Occasional discomfort,Low,0,0.56,30,-2,hydration support pattern,hydration,maintain
Metastatic,Unknown,True,False,0,Not applicable,False,9,74,5.5,4,Good,Occasional discomfort,Moderate,1,0.59,-29,0,low-energy recovery pattern,rest,maintain
Locally advanced,Rectum,True,False,0,Not applicable,False,10,62,8,1,Good,Comfortable,Low,0,0.97,5,-2,steady wellbeing pattern,maintenance,progress
Locally advanced,Left colon,True,False,0,Not applicable,False,9,104,6.5,1,Fair,Comfortable,High,1,0.91,-26,0,low-energy recovery pattern,rest,maintain
Early,Left colon,True,True,9,Before surgery,True,4,56,7.5,3,Fair,Occasional discomfort,Low,2,0.59,8,1,hydration support pattern,hydration,ease
Early,Unknown,False,True,8,Before surgery,False,8,46,7.5,4,Good,Occasional discomfort,Moderate,0,0.08,26,-1,low-energy recovery pattern,rest,ease
Locally advanced,Rectum,True,True,10,After surgery,False,3,31,7,1,Poor,Occasional discomfort,Moderate,0,0.6,-19,-1,bowel-comfort support pattern,nutrition,maintain
Unknown,Right colon,False,False,0,Not applicable,False,2,21,7.5,3,Good,Comfortable,Moderate,2,0.61,-29,0,low-activity recovery pattern,movement,maintain
Locally advanced,Rectum,True,False,0,Not applicable,False,4,46,8,1,Good,Occasional discomfort,High,1,0.15,-10,0,low-energy recovery pattern,rest,ease
Locally advanced,Left colon,True,True,7,Before surgery,True,6,116,8,4,Fair,Comfortable,Moderate,1,0.71,-9,0,low-energy recovery pattern,rest,maintain
Locally advanced,Left colon,True,True,9,Before surgery,False,9,140,7,2,Fair,Occasional discomfort,High,1,0.3,12,-1,low-energy recovery pattern,rest,maintain
Locally advanced,Left colon,False,True,4,Before surgery,False,7,145,6,1,Fair,Occasional discomfort,Moderate,0,0.91,-22,-2,low-energy recovery pattern,rest,maintain
Early,Right colon,True,True,10,Before surgery,False,5,17,5.5,4,Good,Comfortable,Moderate,0,0.51,22,1,low-energy recovery pattern,rest,ease
Metastatic,Rectum,False,False,0,Not applicable,False,8,145,6,4,Fair,Comfortable,Moderate,0,0.27,29,-1,low-energy recovery pattern,rest,ease
Early,Left colon,True,True,8,Before surgery,False,4,69,8,2,Fair,Occasional discomfort,Moderate,1,0.56,12,2,hydration support pattern,hydration,ease
Metastatic,Left colon,False,True,10,Both,False,7,111,5.5,3,Good,Persistent discomfort,Low,0,0.46,-21,-1,bowel-comfort support pattern,nutrition,maintain
Unknown,Left colon,False,True,8,After surgery,False,4,51,7,1,Fair,Occasional discomfort,Moderate,3,0.27,-22,-2,hydration support pattern,hydration,ease
Unknown,Right colon,True,False,0,Not applicable,False,2,143,5.5,2,Fair,Comfortable,Low,1,0.83,-2,-2,low-energy recovery pattern,rest,maintain
Early,Right colon,False,True,8,After surgery,False,5,34,8,1,Fair,Occasional discomfort,Low,0,0.23,12,-1,low-activity recovery pattern,movement,ease
Metastatic,Right colon,True,True,6,Before surgery,False,6,78,8,4,Good,Comfortable,Moderate,2,0.64,-2,-2,low-energy recovery pattern,rest,maintain
Metastatic,Left colon,True,True,11,Before surgery,False,8,97,5.5,2,Fair,Occasional discomfort,Moderate,0,0.72,14,2,low-energy recovery pattern,rest,ease
Unknown,Left colon,True,True,9,After surgery,False,5,69,7.5,4,Good,Occasional discomfort,Moderate,1,0.85,24,0,low-energy recovery pattern,rest,progress
Early,Rectum,True,True,8,Both,True,7,32,8,1,Good,Comfortable,Low,0,0.14,11,2,low-activity recovery pattern,movement,ease
Locally advanced,Left colon,True,False,0,Not applicable,False,2,67,8,1,Fair,Comfortable,Low,2,0.99,-11,2,hydration support pattern,hydration,ease
Metastatic,Rectum,True,False,0,Not applicable,True,3,42,7.5,3,Fair,Occasional discomfort,Moderate,1,0.55,26,1,low-activity recovery pattern,movement,ease
Unknown,Left colon,True,True,8,Both,False,9,12,5.5,2,Fair,Comfortable,High,0,0.49,-23,1,low-energy recovery pattern,rest,ease
Early,Rectum,True,False,0,Not applicable,False,3,107,6.5,4,Good,Occasional discomfort,Moderate,0,0.07,26,1,low-energy recovery pattern,rest,ease
Locally advanced,Rectum,True,False,0,Not applicable,False,7,95,5.5,1,Fair,Occasional discomfort,Low,0,0.24,30,0,low-energy recovery pattern,rest,ease
Locally advanced,Unknown,True,True,8,After surgery,False,2,61,8,3,Fair,Comfortable,Moderate,0,0.37,14,-1,hydration support pattern,hydration,maintain
Unknown,Rectum,True,True,4,Both,True,5,23,5.5,3,Poor,Comfortable,Moderate,2,0.07,22,0,bowel-comfort support pattern,nutrition,ease
Metastatic,Left colon,False,True,10,Both,False,4,51,7.5,3,Fair,Occasional discomfort,Moderate,3,0.14,-16,2,hydration support pattern,hydration,ease
Early,Unknown,False,False,0,Not applicable,False,3,89,5.5,5,Good,Comfortable,Low,1,0.58,21,-2,low-energy recovery pattern,rest,maintain
Early,Rectum,True,True,10,After surgery,False,3,93,7.5,2,Poor,Occasional discomfort,Low,1,0.03,9,-1,bowel-comfort support pattern,nutrition,ease
Locally advanced,Right colon,True,True,4,Both,False,9,148,8,4,Fair,Occasional discomfort,High,1,0.37,19,-2,low-energy recovery pattern,rest,maintain
Metastatic,Unknown,True,False,0,Not applicable,False,8,126,5.5,1,Fair,Persistent discomfort,Moderate,2,0.54,-1,2,bowel-comfort support pattern,nutrition,ease
Early,Right colon,True,False,0,Not applicable,False,7,105,7.5,4,Good,Comfortable,Moderate,1,0.96,-18,-2,low-energy recovery pattern,rest,maintain
Locally advanced,Rectum,True,False,0,Not applicable,False,4,26,7,3,Good,Occasional discomfort,Moderate,3,0.27,18,-2,low-activity recovery pattern,movement,ease
Locally advanced,Unknown,True,True,8,Before surgery,False,10,85,6,4,Good,Comfortable,Low,1,0.09,-22,-1,low-energy recovery pattern,rest,ease
Metastatic,Right colon,True,False,0,Not applicable,False,10,16,7.5,5,Good,Occasional discomfort,High,1,0.3,-17,-1,low-energy recovery pattern,rest,maintain
Early,Unknown,False,False,0,Not applicable,False,6,39,7,4,Good,Occasional discomfort,Moderate,0,0.28,23,0,low-energy recovery pattern,rest,ease
Early,Right colon,True,True,9,After surgery,False,2,56,6,2,Fair,Comfortable,High,1,0.35,5,-2,low-energy recovery pattern,rest,maintain
Early,Right colon,True,False,0,Not applicable,True,5,52,7,3,Fair,Comfortable,Moderate,3,0.6,-7,0,steady wellbeing pattern,maintenance,maintain
Metastatic,Left colon,True,False,0,Not applicable,False,6,31,8,3,Fair,Occasional discomfort,High,0,0.06,28,-1,low-energy recovery pattern,rest,ease
Locally advanced,Left colon,True,True,6,Both,False,10,14,5.5,1,Fair,Persistent discomfort,Moderate,2,0.47,-3,0,bowel-comfort support pattern,nutrition,maintain
Metastatic,Right colon,True,False,0,Not applicable,False,3,117,8,4,Good,Occasional discomfort,Low,0,0.35,25,0,low-energy recovery pattern,rest,maintain
Locally advanced,Rectum,True,False,0,Not applicable,False,5,34,7,2,Good,Comfortable,Low,2,0.15,9,0,low-activity recovery pattern,movement,ease
Locally advanced,Right colon,True,False,0,Not applicable,False,3,134,5.5,1,Poor,Occasional discomfort,Moderate,1,0.1,13,2,bowel-comfort support pattern,nutrition,ease
Locally advanced,Rectum,True,True,5,Before surgery,False,5,57,7,1,Fair,Comfortable,Moderate,3,0.73,-22,-2,steady wellbeing pattern,maintenance,maintain
Early,Left colon,False,True,5,Both,True,7,42,8,5,Good,Occasional discomfort,High,2,0.35,-20,0,low-energy recovery pattern,rest,maintain
Locally advanced,Rectum,True,True,10,Before surgery,True,7,111,6.5,1,Good,Comfortable,High,2,0.76,-15,0,low-energy recovery pattern,rest,maintain
Unknown,Rectum,True,True,9,After surgery,True,9,143,6,5,Fair,Persistent discomfort,High,2,0.55,27,1,bowel-comfort support pattern,nutrition,ease
Early,Right colon,True,True,8,Before surgery,True,9,145,6,2,Poor,Occasional discomfort,High,1,0.58,24,-1,bowel-comfort support pattern,nutrition,maintain
Unknown,Rectum,True,False,0,Not applicable,True,2,42,8,3,Good,Persistent discomfort,Low,0,0.97,-18,0,bowel-comfort support pattern,nutrition,maintain
Unknown,Right colon,True,False,0,Not applicable,False,5,136,6.5,3,Good,Occasional discomfort,High,1,0.4,27,-1,low-energy recovery pattern,rest,maintain
Early,Left colon,True,True,6,Before surgery,False,5,12,7.5,4,Fair,Occasional discomfort,Low,0,0.54,-23,2,low-energy recovery pattern,rest,ease
Unknown,Left colon,True,True,12,Both,False,9,138,8,5,Good,Persistent discomfort,Low,3,0.96,-20,0,bowel-comfort support pattern,nutrition,maintain
Unknown,Rectum,True,True,11,After surgery,False,2,83,7,2,Good,Occasional discomfort,Moderate,2,0.62,10,2,hydration support pattern,hydration,ease
Locally advanced,Left colon,True,False,0,Not applicable,False,8,77,8,4,Fair,Comfortable,High,2,0.67,-28,-2,low-energy recovery pattern,rest,maintain
Locally advanced,Rectum,False,True,10,After surgery,False,9,145,7.5,3,Good,Persistent discomfort,Moderate,0,0.14,17,1,bowel-comfort support pattern,nutrition,ease
Early,Rectum,False,True,9,Both,True,6,146,7,2,Poor,Persistent discomfort,Moderate,1,0.24,4,-1,bowel-comfort support pattern,nutrition,ease
Metastatic,Right colon,True,False,0,Not applicable,False,4,30,8,5,Fair,Comfortable,Low,0,0.66,-16,0,low-energy recovery pattern,rest,maintain
Early,Unknown,True,True,12,After surgery,False,4,37,7.5,3,Fair,Comfortable,Moderate,1,0.2,-28,-2,low-activity recovery pattern,movement,ease
Locally advanced,Left colon,True,False,0,Not applicable,False,5,50,7,2,Good,Occasional discomfort,Moderate,3,0.18,21,0,steady wellbeing pattern,maintenance,ease
Locally advanced,Rectum,True,False,0,Not applicable,True,7,96,5.5,3,Fair,Comfortable,Moderate,2,0.81,0,1,low-energy recovery pattern,rest,ease
Locally advanced,Left colon,False,True,5,Before surgery,False,2,79,5.5,4,Poor,Occasional discomfort,Low,1,0.61,6,1,bowel-comfort support pattern,nutrition,ease
Unknown,Unknown,True,False,0,Not applicable,False,7,96,5.5,3,Fair,Comfortable,High,3,0.94,19,0,low-energy recovery pattern,rest,progress
Early,Rectum,True,True,6,Both,False,5,26,6,3,Good,Occasional discomfort,Moderate,0,0.11,-22,0,low-energy recovery pattern,rest,ease
Unknown,Unknown,True,False,0,Not applicable,False,3,99,6.5,5,Fair,Comfortable,High,2,0.54,-3,2,low-energy recovery pattern,rest,ease
Locally advanced,Left colon,False,True,5,Both,False,7,126,8,3,Good,Persistent discomfort,Moderate,2,0.22,19,-1,bowel-comfort support pattern,nutrition,ease
Metastatic,Right colon,True,True,4,Before surgery,True,6,98,6,5,Poor,Comfortable,Low,2,0.02,-1,-2,bowel-comfort support pattern,nutrition,ease
Early,Right colon,True,False,0,Not applicable,False,5,127,7,2,Fair,Persistent discomfort,Moderate,0,0.53,-29,2,bowel-comfort support pattern,nutrition,ease
Early,Rectum,True,True,4,After surgery,True,9,34,6,4,Fair,Occasional discomfort,High,3,0.97,16,-1,low-energy recovery pattern,rest,progress
Early,Rectum,True,False,0,Not applicable,False,4,11,8,3,Fair,Occasional discomfort,Low,0,0.62,11,2,low-activity recovery pattern,movement,ease
Early,Rectum,False,True,5,Both,False,3,142,5.5,2,Poor,Persistent discomfort,High,0,0.61,-21,-1,bowel-comfort support pattern,nutrition,maintain
Early,Rectum,True,False,0,Not applicable,True,8,141,5.5,5,Good,Occasional discomfort,High,2,0.23,15,1,low-energy recovery pattern,rest,ease
Locally advanced,Rectum,False,True,9,Before surgery,False,4,98,7.5,1,Good,Occasional discomfort,Low,0,0.87,-25,1,hydration support pattern,hydration,ease
Locally advanced,Right colon,True,True,5,Both,False,9,84,6.5,1,Fair,Occasional discomfort,Low,2,0.09,16,-2,steady wellbeing pattern,maintenance,ease
Early,Right colon,True,True,7,After surgery,False,9,13,6,3,Good,Comfortable,Moderate,3,0.01,23,-1,low-energy recovery pattern,rest,ease
Early,Rectum,True,False,0,Not applicable,False,3,78,6.5,4,Fair,Comfortable,Moderate,2,0.09,4,-2,low-energy recovery pattern,rest,ease
Early,Left colon,True,True,10,Both,False,2,141,6,5,Good,Occasional discomfort,Moderate,1,0.59,14,0,low-energy recovery pattern,rest,maintain
Locally advanced,Left colon,True,False,0,Not applicable,False,7,90,8,2,Good,Comfortable,Moderate,0,0.27,4,2,steady wellbeing pattern,maintenance,ease
Early,Right colon,True,False,0,Not applicable,True,3,123,7,1,Poor,Comfortable,Moderate,1,0.12,20,0,bowel-comfort support pattern,nutrition,ease
Locally advanced,Unknown,True,True,4,After surgery,False,7,49,7.5,5,Fair,Occasional discomfort,High,2,0.83,21,-2,low-energy recovery pattern,rest,progress
Early,Unknown,True,False,0,Not applicable,False,2,103,6.5,3,Good,Persistent discomfort,Low,0,0.97,-30,0,bowel-comfort support pattern,nutrition,maintain
Unknown,Unknown,True,True,9,Before surgery,False,4,101,8,2,Fair,Persistent discomfort,Moderate,1,0.64,12,2,bowel-comfort support pattern,nutrition,ease
Unknown,Rectum,True,False,0,Not applicable,False,4,113,5.5,4,Poor,Persistent discomfort,Moderate,1,0.76,-9,2,bowel-comfort support pattern,nutrition,ease
Unknown,Rectum,True,False,0,Not applicable,False,6,43,8,1,Poor,Persistent discomfort,Moderate,0,0.54,18,0,bowel-comfort support pattern,nutrition,maintain
Early,Rectum,True,True,8,Before surgery,False,6,107,6,2,Good,Occasional discomfort,Low,0,0.41,26,-2,low-energy recovery pattern,rest,maintain
Early,Right colon,False,True,8,Before surgery,False,9,88,5.5,4,Good,Comfortable,Moderate,1,0.29,-30,2,low-energy recovery pattern,rest,ease
Locally advanced,Right colon,True,True,9,After surgery,False,2,75,7,5,Fair,Persistent discomfort,Moderate,3,0.23,-21,1,bowel-comfort support pattern,nutrition,ease
Locally advanced,Right colon,True,True,9,After surgery,False,7,45,5.5,2,Fair,Comfortable,High,0,0.06,-7,0,low-energy recovery pattern,rest,ease
Early,Left colon,False,True,11,After surgery,False,8,31,6,3,Good,Occasional discomfort,Low,0,0.71,20,2,low-energy recovery pattern,rest,ease
Locally advanced,Left colon,True,False,0,Not applicable,True,2,115,5.5,1,Good,Occasional discomfort,Moderate,0,0.57,14,1,low-energy recovery pattern,rest,ease
Early,Rectum,False,True,10,Both,False,6,31,5.5,3,Fair,Occasional discomfort,Low,3,0.16,-27,-1,low-energy recovery pattern,rest,ease
Metastatic,Unknown,True,False,0,Not applicable,False,2,78,6.5,1,Good,Occasional discomfort,Low,0,0.01,-13,-2,hydration support pattern,hydration,ease
Metastatic,Unknown,True,True,4,Before surgery,False,4,19,6.5,2,Fair,Occasional discomfort,Moderate,1,0.92,30,2,low-activity recovery pattern,movement,ease
Early,Left colon,True,True,5,Both,False,7,73,5.5,4,Fair,Occasional discomfort,High,1,0.85,-23,1,low-energy recovery pattern,rest,ease
Early,Rectum,True,True,7,Both,False,4,113,7.5,2,Good,Comfortable,Moderate,0,0.84,-14,1,hydration support pattern,hydration,ease
Locally advanced,Unknown,False,True,8,After surgery,False,10,95,7.5,2,Fair,Occasional discomfort,Low,0,0.86,-5,1,steady wellbeing pattern,maintenance,ease
Locally advanced,Unknown,False,True,8,Before surgery,False,4,115,7,4,Good,Occasional discomfort,Moderate,1,0.31,-15,-1,low-energy recovery pattern,rest,maintain
Early,Left colon,False,False,0,Not applicable,False,10,35,7,3,Good,Comfortable,High,0,0.63,3,0,low-energy recovery pattern,rest,maintain
Unknown,Rectum,True,True,4,Before surgery,True,9,68,6,2,Good,Persistent discomfort,Low,1,0.44,-19,0,bowel-comfort support pattern,nutrition,maintain
Locally advanced,Unknown,False,False,0,Not applicable,False,3,61,7,5,Fair,Occasional discomfort,Low,1,0.92,27,0,low-energy recovery pattern,rest,progress
Early,Left colon,True,False,0,Not applicable,False,6,133,7.5,4,Fair,Comfortable,High,0,0.02,20,2,low-energy recovery pattern,rest,ease
Metastatic,Unknown,True,False,0,Not applicable,True,9,85,7.5,5,Poor,Comfortable,Moderate,2,0.46,-13,-1,bowel-comfort support pattern,nutrition,maintain
Locally advanced,Right colon,False,False,0,Not applicable,False,4,30,7.5,4,Good,Comfortable,Moderate,0,0.88,23,-1,low-energy recovery pattern,rest,progress
Early,Unknown,True,False,0,Not applicable,True,3,141,5.5,2,Fair,Comfortable,Moderate,1,0.4,18,2,low-energy recovery pattern,rest,ease
Locally advanced,Right colon,True,False,0,Not applicable,False,10,78,6,3,Fair,Occasional discomfort,High,2,0.49,0,-2,low-energy recovery pattern,rest,maintain
Locally advanced,Rectum,True,False,0,Not applicable,False,5,29,8,3,Poor,Comfortable,Moderate,2,0.9,-4,2,bowel-comfort support pattern,nutrition,ease
Early,Right colon,True,True,5,After surgery,True,5,79,6,1,Fair,Occasional discomfort,Low,0,0.78,12,0,low-energy recovery pattern,rest,progress
Locally advanced,Left colon,False,False,0,Not applicable,False,9,107,6,4,Good,Comfortable,Moderate,3,0.06,26,2,low-energy recovery pattern,rest,ease
Locally advanced,Rectum,True,True,6,After surgery,False,7,143,7,1,Good,Persistent discomfort,High,1,0.64,12,-1,bowel-comfort support pattern,nutrition,maintain
Locally advanced,Right colon,True,True,4,After surgery,False,3,124,8,5,Good,Occasional discomfort,High,0,0.97,10,2,low-energy recovery pattern,rest,ease
Locally advanced,Right colon,True,False,0,Not applicable,False,7,119,5.5,2,Fair,Comfortable,Low,2,0.94,18,2,low-energy recovery pattern,rest,ease
Early,Left colon,True,False,0,Not applicable,False,8,95,7.5,4,Fair,Comfortable,Moderate,1,0.39,-3,2,low-energy recovery pattern,rest,ease
Locally advanced,Unknown,True,False,0,Not applicable,False,4,62,8,5,Fair,Occasional discomfort,High,3,0.6,23,-2,low-energy recovery pattern,rest,maintain
Locally advanced,Unknown,True,True,7,After surgery,False,7,60,7.5,4,Good,Occasional discomfort,High,0,0.57,4,0,low-energy recovery pattern,rest,maintain
Early,Right colon,True,True,8,Both,False,4,150,6,5,Fair,Comfortable,Moderate,1,0.68,-10,1,low-energy recovery pattern,rest,ease
Locally advanced,Rectum,True,False,0,Not applicable,True,7,102,7,4,Fair,Comfortable,Low,0,0.29,3,0,low-energy recovery pattern,rest,ease
Unknown,Left colon,True,False,0,Not applicable,False,3,63,7,3,Good,Comfortable,High,1,0.64,30,1,low-energy recovery pattern,rest,ease
Locally advanced,Right colon,True,False,0,Not applicable,False,6,87,6.5,2,Good,Occasional discomfort,Moderate,1,0.89,-29,-1,steady wellbeing pattern,maintenance,maintain
Unknown,Right colon,False,False,0,Not applicable,True,9,51,6,5,Poor,Occasional discomfort,Moderate,2,0.87,-11,-1,bowel-comfort support pattern,nutrition,maintain
Locally advanced,Left colon,True,False,0,Not applicable,True,10,62,7.5,1,Poor,Occasional discomfort,Moderate,0,0.03,-6,2,bowel-comfort support pattern,nutrition,ease
Early,Left colon,True,True,9,After surgery,False,6,56,7,1,Fair,Occasional discomfort,Moderate,2,0.72,17,-2,steady wellbeing pattern,maintenance,progress
Early,Left colon,False,True,6,After surgery,False,10,28,8,5,Good,Comfortable,Low,1,0.15,-28,1,low-energy recovery pattern,rest,ease
Locally advanced,Rectum,True,True,10,Before surgery,False,7,104,5.5,2,Good,Comfortable,Low,2,1.0,-30,-2,low-energy recovery pattern,rest,maintain
Early,Unknown,True,True,7,Both,True,10,18,5.5,1,Good,Occasional discomfort,High,1,0.55,-19,-2,low-energy recovery pattern,rest,maintain
Locally advanced,Right colon,True,True,4,After surgery,False,7,121,7,3,Good,Occasional discomfort,Moderate,1,0.15,4,-1,steady wellbeing pattern,maintenance,ease
Early,Right colon,True,False,0,Not applicable,False,2,40,7.5,3,Good,Comfortable,Low,1,0.37,-26,-2,low-activity recovery pattern,movement,maintain
Early,Rectum,True,True,11,Both,False,2,26,6.5,3,Good,Occasional discomfort,Moderate,0,0.1,-20,-1,low-activity recovery pattern,movement,ease
Early,Left colon,False,True,11,After surgery,True,6,85,6.5,2,Fair,Occasional discomfort,Low,0,0.47,-23,-1,steady wellbeing pattern,maintenance,maintain
Early,Right colon,False,False,0,Not applicable,False,2,36,7,2,Good,Comfortable,Low,2,0.92,-21,1,low-activity recovery pattern,movement,ease
Metastatic,Unknown,False,False,0,Not applicable,False,2,49,6.5,2,Fair,Occasional discomfort,High,1,0.92,20,2,low-energy recovery pattern,rest,ease
Early,Right colon,False,True,9,After surgery,True,9,34,6,4,Good,Persistent discomfort,Moderate,1,0.59,-7,1,bowel-comfort support pattern,nutrition,ease
Locally advanced,Left colon,True,False,0,Not applicable,False,10,17,7,3,Fair,Comfortable,High,0,0.27,-1,2,low-energy recovery pattern,rest,ease
Early,Unknown,False,True,4,After surgery,True,2,148,7,1,Poor,Occasional discomfort,Moderate,2,0.5,6,0,bowel-comfort support pattern,nutrition,maintain
Early,Rectum,True,True,8,After surgery,False,4,43,8,4,Poor,Comfortable,Moderate,3,0.29,-6,0,bowel-comfort support pattern,nutrition,ease
Locally advanced,Right colon,True,True,10,Before surgery,True,5,124,5.5,2,Fair,Occasional discomfort,Moderate,0,0.26,-24,2,low-energy recovery pattern,rest,ease
Early,Rectum,True,False,0,Not applicable,False,4,101,6.5,2,Good,Comfortable,Low,1,0.32,-14,0,hydration support pattern,hydration,maintain
Early,Right colon,False,False,0,Not applicable,False,2,14,5.5,5,Poor,Occasional discomfort,Low,1,0.64,15,2,bowel-comfort support pattern,nutrition,ease
Locally advanced,Left colon,True,True,10,After surgery,False,7,144,7.5,2,Fair,Persistent discomfort,Moderate,0,0.15,17,0,bowel-comfort support pattern,nutrition,ease
Early,Unknown,True,True,11,Before surgery,False,9,133,6.5,4,Fair,Occasional discomfort,Moderate,2,0.08,0,1,low-energy recovery pattern,rest,ease
Locally advanced,Rectum,False,False,0,Not applicable,False,7,118,8,1,Poor,Occasional discomfort,High,1,0.61,6,0,bowel-comfort support pattern,nutrition,maintain
Locally advanced,Unknown,True,True,5,Both,False,4,65,8,3,Fair,Occasional discomfort,Low,0,0.4,28,2,hydration support pattern,hydration,ease
Early,Rectum,True,True,6,After surgery,True,5,22,7,5,Fair,Comfortable,High,0,0.82,9,2,low-energy recovery pattern,rest,ease
Metastatic,Rectum,True,True,8,After surgery,False,3,53,6,1,Fair,Persistent discomfort,Low,1,0.99,-25,0,bowel-comfort support pattern,nutrition,maintain
Early,Unknown,True,True,8,Before surgery,False,7,149,6,1,Poor,Occasional discomfort,Moderate,0,0.16,-7,0,bowel-comfort support pattern,nutrition,ease
Early,Right colon,True,False,0,Not applicable,True,10,17,7.5,5,Poor,Occasional discomfort,High,1,0.3,14,-1,bowel-comfort support pattern,nutrition,maintain
Metastatic,Right colon,False,True,7,After surgery,True,9,67,7,1,Good,Occasional discomfort,Low,1,0.4,7,0,steady wellbeing pattern,maintenance,maintain
Locally advanced,Unknown,True,False,0,Not applicable,False,10,109,7,4,Fair,Comfortable,Moderate,1,0.0,6,2,low-energy recovery pattern,rest,ease
Early,Right colon,True,False,0,Not applicable,True,6,14,7,5,Fair,Comfortable,Moderate,0,0.96,-28,-2,low-energy recovery pattern,rest,maintain
Early,Left colon,True,True,4,Before surgery,True,4,108,5.5,2,Good,Persistent discomfort,Moderate,0,0.89,7,0,bowel-comfort support pattern,nutrition,progress
Unknown,Left colon,True,True,12,Before surgery,False,6,43,5.5,3,Fair,Comfortable,Low,0,0.0,22,0,low-energy recovery pattern,rest,ease
Locally advanced,Right colon,True,True,11,Before surgery,False,9,113,5.5,3,Good,Occasional discomfort,Moderate,1,0.45,24,0,low-energy recovery pattern,rest,maintain
Locally advanced,Right colon,True,True,7,Before surgery,False,9,56,6,5,Fair,Occasional discomfort,High,2,0.43,24,-1,low-energy recovery pattern,rest,maintain
Unknown,Left colon,False,True,10,Both,False,7,31,5.5,3,Fair,Comfortable,Low,1,0.91,20,2,low-energy recovery pattern,rest,ease
Metastatic,Left colon,True,False,0,Not applicable,False,4,34,6.5,3,Fair,Persistent discomfort,Low,0,0.14,-26,2,bowel-comfort support pattern,nutrition,ease
Early,Right colon,True,False,0,Not applicable,False,10,21,8,1,Good,Occasional discomfort,Low,1,0.63,21,0,low-activity recovery pattern,movement,maintain
Early,Rectum,True,False,0,Not applicable,True,9,51,6,4,Fair,Occasional discomfort,Moderate,1,0.78,-14,1,low-energy recovery pattern,rest,ease
Locally advanced,Unknown,True,True,5,After surgery,True,6,33,8,1,Good,Occasional discomfort,High,0,0.14,29,-1,low-energy recovery pattern,rest,ease
Early,Left colon,True,False,0,Not applicable,False,5,67,7.5,5,Fair,Comfortable,Moderate,1,0.29,30,-1,low-energy recovery pattern,rest,ease
Locally advanced,Right colon,True,False,0,Not applicable,True,7,68,8,3,Fair,Comfortable,High,0,0.35,-3,-1,low-energy recovery pattern,rest,maintain
Locally advanced,Right colon,True,True,9,Before surgery,False,3,21,6,1,Fair,Occasional discomfort,Low,3,0.29,-16,0,low-energy recovery pattern,rest,ease
Locally advanced,Left colon,False,True,7,Before surgery,True,10,132,5.5,5,Poor,Persistent discomfort,Low,0,0.52,-15,0,bowel-comfort support pattern,nutrition,maintain
Early,Right colon,True,False,0,Not applicable,False,7,105,8,2,Poor,Persistent discomfort,Moderate,3,0.31,12,1,bowel-comfort support pattern,nutrition,ease
Early,Rectum,False,False,0,Not applicable,False,6,143,8,3,Fair,Persistent discomfort,High,2,0.07,-21,1,bowel-comfort support pattern,nutrition,ease
Early,Rectum,False,True,9,Both,False,6,88,7.5,4,Good,Comfortable,High,1,0.71,-11,1,low-energy recovery pattern,rest,ease
Early,Right colon,True,True,7,Both,True,4,142,8,4,Good,Occasional discomfort,Low,1,0.61,9,1,low-energy recovery pattern,rest,ease
Unknown,Unknown,False,True,8,After surgery,False,6,52,5.5,3,Fair,Comfortable,High,0,0.07,-3,2,low-energy recovery pattern,rest,ease
Unknown,Right colon,True,True,5,Before surgery,False,2,85,6,1,Poor,Comfortable,High,0,0.39,13,0,bowel-comfort support pattern,nutrition,maintain
Locally advanced,Rectum,True,True,5,Before surgery,True,9,18,5.5,4,Fair,Occasional discomfort,Moderate,1,0.21,9,-2,low-energy recovery pattern,rest,ease
Locally advanced,Left colon,True,True,12,After surgery,False,10,141,7,5,Fair,Occasional discomfort,Moderate,0,0.27,7,-2,low-energy recovery pattern,rest,ease
Unknown,Unknown,False,True,7,Both,True,4,109,7.5,1,Fair,Persistent discomfort,High,1,0.78,-28,0,bowel-comfort support pattern,nutrition,maintain
Metastatic,Unknown,False,False,0,Not applicable,False,7,137,8,4,Fair,Occasional discomfort,Low,0,0.16,-22,0,low-energy recovery pattern,rest,ease
Metastatic,Left colon,True,False,0,Not applicable,False,3,38,7,5,Good,Occasional discomfort,Moderate,0,0.52,-28,-2,low-energy recovery pattern,rest,maintain
Locally advanced,Left colon,True,True,4,Before surgery,True,5,101,7.5,5,Fair,Comfortable,Moderate,1,0.93,4,1,low-energy recovery pattern,rest,ease
Locally advanced,Rectum,True,True,4,After surgery,False,7,77,6.5,3,Poor,Occasional discomfort,High,2,0.66,17,-2,bowel-comfort support pattern,nutrition,maintain
Unknown,Rectum,False,True,12,After surgery,True,2,73,7.5,1,Good,Occasional discomfort,Low,2,0.89,30,-1,hydration support pattern,hydration,progress
Early,Left colon,True,True,7,After surgery,False,7,50,8,2,Fair,Comfortable,Moderate,1,0.75,4,1,steady wellbeing pattern,maintenance,ease
Early,Right colon,True,False,0,Not applicable,False,9,12,7,2,Fair,Occasional discomfort,Moderate,0,0.53,19,2,low-activity recovery pattern,movement,ease
Early,Left colon,True,True,7,Both,False,3,108,8,5,Good,Occasional discomfort,Moderate,1,0.9,-1,-1,low-energy recovery pattern,rest,maintain
Early,Left colon,False,True,5,Both,True,6,109,5.5,3,Fair,Occasional discomfort,High,2,0.6,12,1,low-energy recovery pattern,rest,ease
Early,Left colon,False,False,0,Not applicable,True,3,65,7,2,Poor,Occasional discomfort,Moderate,0,0.49,27,1,bowel-comfort support pattern,nutrition,ease
Early,Right colon,True,False,0,Not applicable,False,7,137,7.5,5,Fair,Occasional discomfort,Moderate,0,0.98,-5,0,low-energy recovery pattern,rest,maintain
Locally advanced,Rectum,False,False,0,Not applicable,False,3,19,6,4,Fair,Persistent discomfort,Moderate,0,0.79,-4,1,bowel-comfort support pattern,nutrition,ease
Metastatic,Rectum,True,False,0,Not applicable,False,10,55,8,5,Poor,Occasional discomfort,Moderate,0,0.91,10,0,bowel-comfort support pattern,nutrition,progress
Metastatic,Unknown,True,False,0,Not applicable,False,2,149,7,2,Fair,Comfortable,Moderate,1,0.63,-23,2,hydration support pattern,hydration,ease
Early,Left colon,True,True,12,After surgery,False,4,98,7,2,Good,Comfortable,Low,0,0.48,18,1,hydration support pattern,hydration,ease
Early,Left colon,True,True,12,Both,True,7,30,6,5,Poor,Occasional discomfort,High,1,0.02,-29,-1,bowel-comfort support pattern,nutrition,ease
Metastatic,Right colon,False,True,11,Both,False,4,20,8,2,Fair,Comfortable,Moderate,1,0.96,14,1,low-activity recovery pattern,movement,ease
Early,Rectum,True,False,0,Not applicable,False,9,106,5.5,5,Fair,Comfortable,High,1,0.16,12,0,low-energy recovery pattern,rest,ease
Locally advanced,Unknown,True,True,12,Before surgery,False,7,99,7.5,4,Good,Occasional discomfort,Moderate,0,0.04,26,-1,low-energy recovery pattern,rest,ease
Early,Left colon,True,False,0,Not applicable,False,4,85,5.5,2,Fair,Occasional discomfort,Moderate,0,0.12,18,-2,low-energy recovery pattern,rest,ease
Locally advanced,Unknown,True,True,6,Both,False,2,38,7.5,2,Fair,Occasional discomfort,Moderate,2,0.94,22,0,low-activity recovery pattern,movement,progress
Early,Left colon,True,True,7,Both,False,6,41,6.5,4,Good,Occasional discomfort,Low,0,0.2,-6,1,low-energy recovery pattern,rest,ease
Early,Left colon,True,False,0,Not applicable,False,7,98,8,1,Good,Persistent discomfort,Moderate,1,0.13,-15,1,bowel-comfort support pattern,nutrition,ease
Early,Left colon,True,False,0,Not applicable,False,3,118,6.5,3,Fair,Comfortable,Moderate,0,0.2,25,-1,hydration support pattern,hydration,ease
Locally advanced,Left colon,True,False,0,Not applicable,False,4,48,6.5,3,Fair,Persistent discomfort,Moderate,0,0.74,5,2,bowel-comfort support pattern,nutrition,ease
Locally advanced,Right colon,True,True,10,After surgery,False,8,20,6,4,Fair,Occasional discomfort,Moderate,1,0.42,25,-2,low-energy recovery pattern,rest,maintain
Locally advanced,Unknown,True,False,0,Not applicable,False,10,25,6.5,2,Good,Occasional discomfort,Low,0,0.34,0,-1,low-activity recovery pattern,movement,maintain
Early,Right colon,False,True,12,After surgery,True,5,145,6.5,1,Fair,Occasional discomfort,Low,3,0.76,-13,-1,steady wellbeing pattern,maintenance,maintain
Early,Left colon,True,False,0,Not applicable,False,5,64,7,5,Fair,Comfortable,Moderate,1,0.27,30,1,low-energy recovery pattern,rest,ease
Metastatic,Rectum,True,False,0,Not applicable,False,2,150,6,2,Fair,Occasional discomfort,High,0,0.92,25,0,low-energy recovery pattern,rest,progress
Metastatic,Right colon,False,True,9,After surgery,True,2,110,7,1,Fair,Occasional discomfort,Low,2,0.42,2,-1,hydration support pattern,hydration,maintain
Locally advanced,Rectum,False,True,7,After surgery,False,2,134,5.5,3,Good,Comfortable,Moderate,3,0.46,21,-2,low-energy recovery pattern,rest,maintain
Metastatic,Right colon,True,True,9,Before surgery,False,4,128,8,2,Fair,Comfortable,Low,1,0.3,-15,1,hydration support pattern,hydration,ease
Early,Unknown,True,True,5,Before surgery,False,7,56,8,1,Fair,Persistent discomfort,High,2,1.0,2,0,bowel-comfort support pattern,nutrition,progress
Early,Unknown,True,False,0,Not applicable,False,8,16,6,3,Fair,Comfortable,Low,0,0.57,-20,0,low-energy recovery pattern,rest,maintain
Early,Right colon,True,True,9,Before surgery,False,10,124,8,3,Fair,Comfortable,Moderate,0,0.46,17,0,steady wellbeing pattern,maintenance,maintain
Metastatic,Unknown,False,True,10,After surgery,False,6,96,7.5,5,Poor,Occasional discomfort,Low,0,0.62,-11,0,bowel-comfort support pattern,nutrition,maintain
Early,Unknown,True,False,0,Not applicable,True,4,142,6,2,Good,Comfortable,Low,2,0.25,23,-1,low-energy recovery pattern,rest,ease
Early,Right colon,True,True,9,After surgery,True,10,12,6,1,Good,Occasional discomfort,Moderate,3,0.8,23,-2,low-energy recovery pattern,rest,progress
Early,Rectum,True,False,0,Not applicable,False,8,96,6.5,5,Fair,Occasional discomfort,High,0,0.72,22,-1,low-energy recovery pattern,rest,progress
Unknown,Left colon,True,True,4,Before surgery,True,3,113,8,3,Fair,Occasional discomfort,Moderate,2,0.96,-24,1,hydration support pattern,hydration,ease
Unknown,Right colon,True,True,7,Before surgery,False,3,98,5.5,4,Fair,Occasional discomfort,High,0,0.16,-7,2,low-energy recovery pattern,rest,ease
Unknown,Left colon,True,True,8,Both,False,6,73,8,2,Good,Comfortable,Moderate,0,0.42,-29,0,steady wellbeing pattern,maintenance,maintain
Early,Rectum,True,True,9,Before surgery,True,2,60,6,4,Good,Persistent discomfort,Low,1,0.05,17,-2,bowel-comfort support pattern,nutrition,ease
Locally advanced,Unknown,True,False,0,Not applicable,False,7,130,8,2,Good,Occasional discomfort,Moderate,0,0.88,-4,0,steady wellbeing pattern,maintenance,maintain
Locally advanced,Unknown,True,True,9,After surgery,True,2,49,6,4,Fair,Occasional discomfort,Moderate,1,0.57,-23,1,low-energy recovery pattern,rest,ease
Early,Unknown,False,False,0,Not applicable,False,10,67,7.5,1,Fair,Persistent discomfort,Moderate,1,0.92,-29,0,bowel-comfort support pattern,nutrition,maintain
Locally advanced,Right colon,False,False,0,Not applicable,True,10,23,5.5,4,Good,Comfortable,Moderate,0,0.78,9,0,low-energy recovery pattern,rest,progress
Unknown,Rectum,True,True,4,Before surgery,True,10,20,7,1,Good,Occasional discomfort,High,0,0.89,8,0,low-energy recovery pattern,rest,progress
Locally advanced,Left colon,True,False,0,Not applicable,False,6,121,7.5,5,Fair,Comfortable,Moderate,1,0.06,29,0,low-energy recovery pattern,rest,ease
Early,Rectum,False,True,12,After surgery,False,2,96,6,2,Fair,Occasional discomfort,Moderate,1,0.74,12,2,low-energy recovery pattern,rest,ease
Locally advanced,Right colon,True,True,12,Both,False,5,89,6.5,1,Fair,Persistent discomfort,Moderate,1,0.2,15,0,bowel-comfort support pattern,nutrition,ease
Early,Unknown,True,True,7,Both,True,3,128,5.5,5,Poor,Occasional discomfort,Low,1,0.75,-7,2,bowel-comfort support pattern,nutrition,ease
Locally advanced,Unknown,True,False,0,Not applicable,True,5,132,5.5,4,Poor,Persistent discomfort,Moderate,1,0.96,-9,-1,bowel-comfort support pattern,nutrition,maintain
Early,Left colon,True,True,11,After surgery,False,2,18,8,4,Poor,Comfortable,High,1,0.15,-4,-2,bowel-comfort support pattern,nutrition,ease
Locally advanced,Rectum,True,True,7,Before surgery,False,8,67,7.5,5,Fair,Occasional discomfort,Moderate,0,0.9,20,1,low-energy recovery pattern,rest,ease
Locally advanced,Right colon,True,False,0,Not applicable,True,10,95,7,3,Good,Persistent discomfort,Moderate,3,0.8,10,-2,bowel-comfort support pattern,nutrition,progress
Early,Right colon,True,False,0,Not applicable,False,10,88,8,4,Fair,Comfortable,High,0,0.71,16,-2,low-energy recovery pattern,rest,progress
Locally advanced,Rectum,True,True,4,After surgery,False,8,143,6.5,2,Good,Occasional discomfort,Low,2,0.48,29,-2,steady wellbeing pattern,maintenance,maintain
Early,Right colon,False,True,11,Before surgery,False,3,107,7.5,3,Fair,Persistent discomfort,Moderate,0,0.61,-7,0,bowel-comfort support pattern,nutrition,maintain
Locally advanced,Rectum,False,False,0,Not applicable,False,8,41,7,2,Good,Occasional discomfort,High,1,0.73,7,1,low-energy recovery pattern,rest,ease
Locally advanced,Right colon,True,True,7,Both,False,8,102,6,4,Fair,Occasional discomfort,Low,2,0.57,22,0,low-energy recovery pattern,rest,maintain
Early,Rectum,True,False,0,Not applicable,False,6,10,7,5,Good,Persistent discomfort,Moderate,0,0.09,9,-1,bowel-comfort support pattern,nutrition,ease
Unknown,Unknown,True,True,10,After surgery,False,4,92,6,1,Poor,Occasional discomfort,Low,3,0.09,23,0,bowel-comfort support pattern,nutrition,ease
Early,Rectum,False,True,12,Both,False,5,130,6.5,1,Fair,Occasional discomfort,High,0,0.22,-16,2,low-energy recovery pattern,rest,ease
Early,Right colon,True,True,5,Both,False,10,81,8,4,Good,Occasional discomfort,Moderate,0,0.63,15,-1,low-energy recovery pattern,rest,maintain
Early,Right colon,False,False,0,Not applicable,False,8,78,6,2,Poor,Persistent discomfort,High,1,0.74,-3,0,bowel-comfort support pattern,nutrition,maintain
Locally advanced,Unknown,False,False,0,Not applicable,False,4,131,5.5,5,Fair,Occasional discomfort,Moderate,0,0.52,20,-1,low-energy recovery pattern,rest,maintain
Locally advanced,Unknown,True,True,4,Both,True,8,67,6,1,Fair,Occasional discomfort,Moderate,1,0.14,15,0,low-energy recovery pattern,rest,ease
Early,Unknown,False,True,8,Before surgery,False,3,46,6,1,Fair,Occasional discomfort,Low,1,0.92,24,-1,low-energy recovery pattern,rest,progress
Early,Right colon,True,False,0,Not applicable,True,6,24,8,2,Fair,Persistent discomfort,Low,1,0.14,-23,0,bowel-comfort support pattern,nutrition,ease
Metastatic,Rectum,True,False,0,Not applicable,False,9,36,7,4,Good,Occasional discomfort,Moderate,0,0.34,-25,0,low-energy recovery pattern,rest,maintain
Locally advanced,Rectum,True,False,0,Not applicable,False,3,66,8,2,Good,Comfortable,Moderate,0,0.5,-7,1,hydration support pattern,hydration,ease
Locally advanced,Left colon,True,True,10,After surgery,False,10,61,8,2,Good,Comfortable,Moderate,0,0.56,16,0,steady wellbeing pattern,maintenance,maintain
Locally advanced,Left colon,True,True,7,Both,True,9,102,7.5,5,Fair,Comfortable,Low,0,0.78,29,0,low-energy recovery pattern,rest,progress
Locally advanced,Rectum,True,True,12,Both,False,7,40,5.5,2,Poor,Occasional discomfort,Moderate,3,0.88,-5,-1,bowel-comfort support pattern,nutrition,maintain
Locally advanced,Left colon,True,True,7,After surgery,True,6,146,8,4,Fair,Occasional discomfort,Moderate,0,0.69,-15,-2,low-energy recovery pattern,rest,maintain
Locally advanced,Rectum,True,False,0,Not applicable,True,10,40,6.5,5,Fair,Persistent discomfort,High,3,0.34,-7,0,bowel-comfort support pattern,nutrition,maintain
Locally advanced,Unknown,True,False,0,Not applicable,False,6,139,7.5,5,Fair,Comfortable,Low,2,0.2,-13,-1,low-energy recovery pattern,rest,ease
Locally advanced,Right colon,True,False,0,Not applicable,True,3,139,7,2,Fair,Comfortable,High,1,0.56,24,-2,low-energy recovery pattern,rest,maintain
Locally advanced,Left colon,True,True,11,Before surgery,False,2,38,8,2,Fair,Occasional discomfort,High,2,0.62,-14,1,low-energy recovery pattern,rest,ease
Locally advanced,Right colon,True,True,11,After surgery,True,8,54,5.5,4,Good,Persistent discomfort,Moderate,0,0.5,5,0,bowel-comfort support pattern,nutrition,maintain
Locally advanced,Rectum,True,False,0,Not applicable,False,6,33,7,1,Good,Comfortable,Low,1,0.17,-22,-1,low-activity recovery pattern,movement,ease
Locally advanced,Rectum,True,True,4,Before surgery,False,10,40,7.5,2,Good,Occasional discomfort,Moderate,1,0.36,9,0,low-activity recovery pattern,movement,maintain
Early,Unknown,False,True,11,Both,False,6,55,5.5,1,Poor,Occasional discomfort,High,3,1.0,-17,0,bowel-comfort support pattern,nutrition,maintain
Early,Left colon,True,True,11,Before surgery,False,4,24,6,4,Fair,Comfortable,Moderate,0,0.57,1,0,low-energy recovery pattern,rest,maintain
Locally advanced,Right colon,True,True,7,Both,False,10,11,8,1,Fair,Occasional discomfort,Moderate,2,0.67,-27,0,low-activity recovery pattern,movement,maintain
Early,Unknown,False,True,9,After surgery,False,10,22,7,3,Good,Occasional discomfort,Low,2,0.11,-12,-1,low-activity recovery pattern,movement,ease
Early,Right colon,False,False,0,Not applicable,True,6,120,6.5,2,Fair,Persistent discomfort,Low,0,0.17,4,2,bowel-comfort support pattern,nutrition,ease
Locally advanced,Right colon,False,True,6,Both,False,8,135,7,2,Fair,Occasional discomfort,Moderate,0,0.75,-4,0,steady wellbeing pattern,maintenance,maintain
Early,Rectum,False,True,8,After surgery,True,7,45,7.5,1,Fair,Occasional discomfort,Moderate,2,0.81,11,-2,steady wellbeing pattern,maintenance,progress
Early,Rectum,True,True,10,Before surgery,False,5,70,5.5,3,Fair,Persistent discomfort,High,2,0.77,28,0,bowel-comfort support pattern,nutrition,progress
Early,Unknown,True,True,4,After surgery,False,2,125,6.5,3,Good,Occasional discomfort,Moderate,1,0.07,14,2,hydration support pattern,hydration,ease
Locally advanced,Right colon,True,False,0,Not applicable,False,3,16,5.5,4,Fair,Comfortable,Moderate,0,0.03,30,0,low-energy recovery pattern,rest,ease
Locally advanced,Right colon,True,False,0,Not applicable,False,3,62,6.5,3,Poor,Comfortable,Moderate,0,0.5,-3,-1,bowel-comfort support pattern,nutrition,maintain
Early,Unknown,True,False,0,Not applicable,False,2,33,6,2,Good,Occasional discomfort,Moderate,1,0.73,19,0,low-energy recovery pattern,rest,progress
Locally advanced,Right colon,True,False,0,Not applicable,False,9,15,8,3,Fair,Comfortable,Low,2,0.33,-25,1,low-activity recovery pattern,movement,ease
Early,Left colon,False,False,0,Not applicable,False,5,145,5.5,4,Fair,Persistent discomfort,Low,2,0.33,19,1,bowel-comfort support pattern,nutrition,ease
Locally advanced,Rectum,True,True,7,After surgery,True,7,44,8,2,Fair,Persistent discomfort,Low,2,0.99,-16,1,bowel-comfort support pattern,nutrition,ease
Locally advanced,Right colon,False,False,0,Not applicable,True,7,39,7.5,2,Fair,Comfortable,Moderate,0,0.8,27,0,low-activity recovery pattern,movement,progress
Early,Rectum,False,False,0,Not applicable,True,8,34,6,4,Poor,Occasional discomfort,High,1,0.62,20,2,bowel-comfort support pattern,nutrition,ease
Metastatic,Left colon,True,True,11,Both,False,5,73,6.5,1,Poor,Comfortable,Moderate,1,0.79,9,-1,bowel-comfort support pattern,nutrition,progress
Locally advanced,Rectum,True,False,0,Not applicable,False,2,97,7,2,Fair,Occasional discomfort,High,0,0.58,-28,0,low-energy recovery pattern,rest,maintain
Locally advanced,Right colon,False,True,8,After surgery,False,8,94,6.5,4,Poor,Occasional discomfort,High,2,0.3,2,0,bowel-comfort support pattern,nutrition,maintain
Early,Right colon,False,True,5,After surgery,False,9,72,7.5,3,Fair,Comfortable,Moderate,0,0.89,-21,-2,steady wellbeing pattern,maintenance,maintain
Locally advanced,Right colon,True,False,0,Not applicable,False,6,140,6,1,Fair,Occasional discomfort,Low,2,0.55,-15,0,low-energy recovery pattern,rest,maintain
Locally advanced,Rectum,True,True,6,Before surgery,False,3,147,7.5,4,Good,Persistent discomfort,Low,3,0.59,11,1,bowel-comfort support pattern,nutrition,ease
Locally advanced,Rectum,True,False,0,Not applicable,True,5,20,7,2,Fair,Persistent discomfort,Moderate,3,0.63,-7,2,bowel-comfort support pattern,nutrition,ease
Locally advanced,Unknown,True,True,7,Both,True,9,53,6,4,Good,Comfortable,Low,2,0.84,-11,0,low-energy recovery pattern,rest,maintain
Metastatic,Left colon,True,True,10,Both,False,8,117,7,4,Fair,Occasional discomfort,Moderate,1,0.97,5,-1,low-energy recovery pattern,rest,progress
Early,Unknown,True,False,0,Not applicable,True,8,129,6,5,Good,Occasional discomfort,Low,1,0.12,1,-2,low-energy recovery pattern,rest,ease
Locally advanced,Unknown,False,True,9,Before surgery,True,8,50,6.5,2,Fair,Persistent discomfort,Low,2,0.23,1,0,bowel-comfort support pattern,nutrition,ease
Early,Rectum,False,True,9,Both,False,7,44,5.5,3,Fair,Occasional discomfort,High,0,0.81,-9,2,low-energy recovery pattern,rest,ease
Early,Unknown,True,True,7,Before surgery,True,8,19,5.5,3,Fair,Occasional discomfort,Low,3,0.42,12,0,low-energy recovery pattern,rest,maintain
Early,Right colon,True,False,0,Not applicable,False,8,32,8,4,Good,Persistent discomfort,Moderate,0,0.18,-4,2,bowel-comfort support pattern,nutrition,ease
Early,Rectum,True,False,0,Not applicable,False,10,42,7.5,1,Good,Comfortable,High,1,0.92,22,2,low-energy recovery pattern,rest,ease
Unknown,Rectum,True,True,11,Both,True,2,49,5.5,3,Fair,Comfortable,Low,0,0.46,2,1,low-energy recovery pattern,rest,ease
Early,Rectum,True,False,0,Not applicable,False,2,148,7.5,3,Fair,Comfortable,Moderate,2,0.25,0,0,hydration support pattern,hydration,ease
Early,Left colon,True,False,0,Not applicable,False,5,114,7.5,3,Fair,Comfortable,Moderate,3,0.16,5,1,steady wellbeing pattern,maintenance,ease
Early,Unknown,True,True,10,Both,False,8,122,6,5,Good,Comfortable,Low,1,0.06,25,1,low-energy recovery pattern,rest,ease
Locally advanced,Right colon,True,False,0,Not applicable,False,8,150,6.5,1,Poor,Occasional discomfort,High,1,0.73,-7,2,bowel-comfort support pattern,nutrition,ease
Metastatic,Left colon,True,False,0,Not applicable,False,4,32,7.5,4,Fair,Occasional discomfort,Low,2,0.71,-24,-2,low-energy recovery pattern,rest,maintain
Early,Left colon,True,True,10,After surgery,False,10,61,5.5,2,Good,Occasional discomfort,Moderate,0,0.07,15,-2,low-energy recovery pattern,rest,ease
Unknown,Right colon,True,True,8,Both,False,3,16,7.5,3,Good,Occasional discomfort,High,0,0.86,-20,1,low-energy recovery pattern,rest,ease
Early,Right colon,True,False,0,Not applicable,True,10,100,8,5,Good,Occasional discomfort,Moderate,2,0.49,-5,2,low-energy recovery pattern,rest,ease
Locally advanced,Right colon,True,True,11,Both,False,2,44,7.5,1,Fair,Comfortable,High,0,0.09,10,0,low-energy recovery pattern,rest,ease
Metastatic,Unknown,True,False,0,Not applicable,False,3,88,7,4,Fair,Comfortable,High,2,0.58,-2,2,low-energy recovery pattern,rest,ease
Early,Rectum,True,True,6,Before surgery,False,6,11,7,3,Good,Comfortable,Moderate,2,0.5,24,2,low-activity recovery pattern,movement,ease
Locally advanced,Rectum,True,True,5,After surgery,False,6,107,5.5,4,Fair,Comfortable,Moderate,1,0.56,-5,1,low-energy recovery pattern,rest,ease
Locally advanced,Unknown,True,True,12,Both,False,3,144,5.5,1,Poor,Persistent discomfort,High,2,0.99,17,-1,bowel-comfort support pattern,nutrition,progress
Unknown,Right colon,False,True,10,After surgery,False,6,61,7,4,Fair,Occasional discomfort,Moderate,0,0.69,0,-2,low-energy recovery pattern,rest,maintain
Locally advanced,Unknown,False,True,7,Before surgery,False,3,78,8,3,Fair,Comfortable,Moderate,3,0.36,21,-2,hydration support pattern,hydration,maintain
Locally advanced,Unknown,True,False,0,Not applicable,False,7,115,8,3,Fair,Comfortable,High,1,0.89,-7,-1,low-energy recovery pattern,rest,maintain
Early,Right colon,True,True,7,After surgery,False,2,12,7,3,Fair,Occasional discomfort,Moderate,1,0.77,18,-1,low-activity recovery pattern,movement,progress
Locally advanced,Right colon,True,False,0,Not applicable,False,2,149,5.5,3,Fair,Comfortable,Low,1,0.8,-23,-2,low-energy recovery pattern,rest,maintain
Locally advanced,Left colon,True,False,0,Not applicable,True,7,98,6,4,Fair,Comfortable,High,0,0.28,18,1,low-energy recovery pattern,rest,ease
Locally advanced,Rectum,True,False,0,Not applicable,False,5,33,8,5,Poor,Comfortable,Low,1,0.61,-28,-1,bowel-comfort support pattern,nutrition,maintain
Early,Left colon,True,True,10,After surgery,False,4,16,7,1,Poor,Occasional discomfort,Moderate,1,0.57,-23,1,bowel-comfort support pattern,nutrition,ease
Locally advanced,Right colon,False,False,0,Not applicable,False,9,26,5.5,2,Good,Comfortable,Moderate,2,0.48,-13,-1,low-energy recovery pattern,rest,maintain
Unknown,Left colon,True,True,8,Before surgery,False,3,55,7.5,5,Fair,Comfortable,Moderate,0,0.38,10,0,low-energy recovery pattern,rest,maintain
Early,Unknown,False,True,10,After surgery,False,4,37,8,1,Fair,Comfortable,High,0,0.74,-22,-2,low-energy recovery pattern,rest,maintain
Unknown,Right colon,False,True,11,Both,False,2,55,6.5,5,Good,Occasional discomfort,High,2,0.7,-11,1,low-energy recovery pattern,rest,ease
Locally advanced,Right colon,True,True,5,After surgery,True,6,94,7,4,Poor,Occasional discomfort,Moderate,1,0.73,18,0,bowel-comfort support pattern,nutrition,progress
Metastatic,Rectum,True,True,8,Before surgery,False,5,116,6.5,5,Poor,Occasional discomfort,Moderate,1,0.02,23,2,bowel-comfort support pattern,nutrition,ease
Unknown,Unknown,True,False,0,Not applicable,False,5,57,7.5,1,Fair,Occasional discomfort,Moderate,1,0.6,29,1,steady wellbeing pattern,maintenance,ease
Locally advanced,Unknown,True,True,7,Before surgery,False,10,150,5.5,2,Good,Occasional discomfort,Low,3,0.33,7,1,low-energy recovery pattern,rest,ease
Locally advanced,Rectum,True,False,0,Not applicable,False,10,41,5.5,2,Good,Occasional discomfort,Low,2,0.17,-11,-1,low-energy recovery pattern,rest,ease
Locally advanced,Left colon,True,True,5,Before surgery,False,2,131,6,3,Fair,Occasional discomfort,Moderate,2,0.93,22,-2,low-energy recovery pattern,rest,progress
Early,Left colon,True,True,10,Both,False,4,57,6.5,3,Fair,Comfortable,Low,2,0.95,-2,2,hydration support pattern,hydration,ease
Unknown,Rectum,True,True,10,Before surgery,False,7,76,7,3,Fair,Occasional discomfort,Moderate,1,0.6,5,2,steady wellbeing pattern,maintenance,ease
Early,Right colon,False,False,0,Not applicable,False,4,93,8,5,Fair,Comfortable,High,1,0.98,-21,-1,low-energy recovery pattern,rest,maintain
Early,Left colon,True,False,0,Not applicable,False,5,141,6.5,1,Good,Occasional discomfort,Moderate,1,0.1,-16,0,steady wellbeing pattern,maintenance,ease
Unknown,Right colon,True,True,6,Both,False,2,53,7.5,3,Fair,Occasional discomfort,Low,0,0.71,17,0,hydration support pattern,hydration,progress
Early,Right colon,False,True,6,Both,False,6,91,7,4,Fair,Comfortable,Low,0,0.39,-29,1,low-energy recovery pattern,rest,ease
Early,Rectum,False,False,0,Not applicable,False,10,149,6,3,Fair,Occasional discomfort,Moderate,0,0.92,15,0,low-energy recovery pattern,rest,progress
Unknown,Rectum,True,True,6,Before surgery,True,10,138,8,4,Fair,Occasional discomfort,High,1,0.47,-23,1,low-energy recovery pattern,rest,ease
Locally advanced,Rectum,False,True,7,Both,False,3,128,8,1,Fair,Comfortable,Moderate,2,0.55,-17,0,hydration support pattern,hydration,maintain
Unknown,Left colon,True,True,6,Both,False,6,126,7,3,Good,Occasional discomfort,High,1,0.89,-29,1,low-energy recovery pattern,rest,ease
Locally advanced,Rectum,True,False,0,Not applicable,False,8,38,7.5,4,Fair,Persistent discomfort,Moderate,1,0.73,-28,0,bowel-comfort support pattern,nutrition,maintain
Early,Right colon,False,False,0,Not applicable,True,9,61,6.5,2,Fair,Persistent discomfort,Low,2,0.21,6,0,bowel-comfort support pattern,nutrition,ease
Locally advanced,Unknown,True,True,5,Before surgery,False,10,74,8,4,Fair,Comfortable,Moderate,2,0.31,0,-2,low-energy recovery pattern,rest,maintain
Locally advanced,Rectum,False,True,5,After surgery,False,7,107,7,5,Poor,Comfortable,High,2,0.38,-21,-1,bowel-comfort support pattern,nutrition,maintain
Metastatic,Rectum,True,True,6,After surgery,True,5,94,6.5,5,Good,Comfortable,High,1,0.57,19,0,low-energy recovery pattern,rest,maintain
Metastatic,Rectum,True,True,8,Before surgery,False,2,88,6.5,1,Fair,Occasional discomfort,High,1,0.26,-28,2,low-energy recovery pattern,rest,ease
Unknown,Left colon,True,True,7,After surgery,False,10,84,7,2,Fair,Occasional discomfort,High,0,0.76,24,-1,low-energy recovery pattern,rest,progress
Locally advanced,Left colon,False,True,9,After surgery,False,3,61,6,5,Good,Comfortable,High,3,0.97,3,2,low-energy recovery pattern,rest,ease
Locally advanced,Right colon,True,True,12,Before surgery,False,7,148,7.5,2,Good,Persistent discomfort,Low,0,0.58,-16,0,bowel-comfort support pattern,nutrition,maintain
Early,Unknown,True,False,0,Not applicable,False,8,16,7,4,Fair,Occasional discomfort,High,2,0.17,-29,1,low-energy recovery pattern,rest,ease
Metastatic,Left colon,True,False,0,Not applicable,True,10,41,5.5,4,Good,Occasional discomfort,Moderate,2,0.7,29,-2,low-energy recovery pattern,rest,progress
Early,Unknown,True,True,5,Both,False,5,75,8,3,Fair,Occasional discomfort,Moderate,1,0.04,-4,1,steady wellbeing pattern,maintenance,ease
Locally advanced,Right colon,False,False,0,Not applicable,False,5,43,6,1,Fair,Occasional discomfort,Moderate,0,0.77,11,2,low-energy recovery pattern,rest,ease
Locally advanced,Rectum,False,True,8,Both,False,5,57,6,1,Good,Occasional discomfort,Low,1,0.19,27,-1,low-energy recovery pattern,rest,ease
Locally advanced,Unknown,True,True,5,After surgery,False,2,42,8,1,Fair,Comfortable,Moderate,3,0.41,-21,-2,low-activity recovery pattern,movement,maintain
Unknown,Right colon,True,False,0,Not applicable,False,8,89,7,1,Good,Persistent discomfort,Moderate,1,0.96,2,-2,bowel-comfort support pattern,nutrition,progress
Early,Left colon,True,True,7,Before surgery,True,9,68,7,5,Poor,Comfortable,Moderate,2,0.24,-18,-1,bowel-comfort support pattern,nutrition,ease
Early,Rectum,True,True,11,After surgery,False,4,29,6.5,5,Fair,Persistent discomfort,Moderate,1,0.7,-27,2,bowel-comfort support pattern,nutrition,ease
Locally advanced,Left colon,True,True,5,Both,False,9,26,7,3,Good,Comfortable,Moderate,1,0.17,-10,-2,low-activity recovery pattern,movement,ease
Metastatic,Left colon,True,False,0,Not applicable,False,3,68,6.5,4,Fair,Persistent discomfort,Moderate,2,0.02,8,-2,bowel-comfort support pattern,nutrition,ease
Locally advanced,Right colon,False,True,5,After surgery,True,9,79,7.5,5,Fair,Comfortable,Moderate,3,0.8,-17,0,low-energy recovery pattern,rest,maintain
Locally advanced,Unknown,True,True,5,Before surgery,False,4,140,6,4,Fair,Persistent discomfort,High,0,0.4,12,0,bowel-comfort support pattern,nutrition,maintain
Locally advanced,Left colon,True,True,7,Before surgery,False,9,145,7.5,4,Poor,Occasional discomfort,High,0,0.75,2,2,bowel-comfort support pattern,nutrition,ease
Metastatic,Left colon,True,True,6,Before surgery,False,7,41,7,1,Good,Occasional discomfort,High,1,0.05,-10,2,low-energy recovery pattern,rest,ease
Locally advanced,Unknown,True,True,9,Both,False,9,87,6,1,Good,Comfortable,Moderate,3,0.44,-24,-1,low-energy recovery pattern,rest,maintain
Unknown,Right colon,True,False,0,Not applicable,False,9,121,7,3,Good,Occasional discomfort,High,2,0.77,27,2,low-energy recovery pattern,rest,ease
Unknown,Right colon,True,True,4,After surgery,False,3,32,5.5,3,Good,Comfortable,High,0,0.22,25,-1,low-energy recovery pattern,rest,ease
Locally advanced,Right colon,True,True,12,Before surgery,False,8,146,7,4,Fair,Persistent discomfort,Low,0,0.67,-26,2,bowel-comfort support pattern,nutrition,ease
Locally advanced,Unknown,False,False,0,Not applicable,False,8,105,6,5,Poor,Occasional discomfort,Moderate,2,0.07,-22,-1,bowel-comfort support pattern,nutrition,ease
Early,Rectum,True,False,0,Not applicable,False,7,60,6,5,Fair,Occasional discomfort,Moderate,3,0.38,-22,-2,low-energy recovery pattern,rest,maintain
Early,Rectum,True,True,5,Before surgery,False,3,29,7,3,Fair,Comfortable,High,0,0.6,12,1,low-energy recovery pattern,rest,ease
Metastatic,Left colon,False,True,4,Before surgery,True,9,82,6,3,Fair,Persistent discomfort,Low,0,0.93,22,0,bowel-comfort support pattern,nutrition,progress
Unknown,Left colon,True,True,9,Both,False,6,35,6,3,Good,Comfortable,Moderate,0,0.67,-3,2,low-energy recovery pattern,rest,ease
Unknown,Unknown,False,False,0,Not applicable,False,5,135,8,2,Fair,Comfortable,Moderate,1,0.61,-14,0,steady wellbeing pattern,maintenance,maintain
Locally advanced,Unknown,True,True,7,After surgery,False,9,19,7.5,4,Fair,Occasional discomfort,Moderate,2,0.09,20,-2,low-energy recovery pattern,rest,ease
Unknown,Unknown,True,True,8,Before surgery,False,10,137,7.5,2,Poor,Persistent discomfort,Moderate,1,0.59,27,0,bowel-comfort support pattern,nutrition,maintain
Locally advanced,Left colon,True,True,5,Before surgery,True,7,18,5.5,5,Fair,Persistent discomfort,Low,0,0.6,24,2,bowel-comfort support pattern,nutrition,ease
Locally advanced,Rectum,True,False,0,Not applicable,False,7,122,6,3,Fair,Occasional discomfort,High,1,0.22,0,-2,low-energy recovery pattern,rest,ease
Locally advanced,Unknown,True,True,11,After surgery,False,7,69,5.5,4,Fair,Occasional discomfort,Low,3,0.19,-3,1,low-energy recovery pattern,rest,ease
Locally advanced,Unknown,True,False,0,Not applicable,False,8,47,8,2,Fair,Occasional discomfort,Low,2,0.71,-16,2,steady wellbeing pattern,maintenance,ease
Locally advanced,Left colon,True,True,11,Before surgery,False,2,133,7.5,4,Good,Comfortable,Low,0,0.99,28,-2,low-energy recovery pattern,rest,progress
Early,Rectum,True,False,0,Not applicable,True,5,47,8,1,Fair,Occasional discomfort,Moderate,2,0.23,-26,-2,steady wellbeing pattern,maintenance,ease
Locally advanced,Right colon,False,True,11,Both,False,3,59,6,1,Fair,Comfortable,High,0,0.19,28,-1,low-energy recovery pattern,rest,ease
Metastatic,Unknown,False,False,0,Not applicable,False,5,28,8,1,Fair,Persistent discomfort,High,1,0.21,29,-2,bowel-comfort support pattern,nutrition,ease
Early,Rectum,True,False,0,Not applicable,False,6,86,5.5,3,Good,Comfortable,Moderate,0,0.99,26,0,low-energy recovery pattern,rest,progress
Locally advanced,Rectum,True,True,6,Before surgery,False,5,108,7,1,Poor,Occasional discomfort,Moderate,2,0.46,-24,-1,bowel-comfort support pattern,nutrition,maintain
Locally advanced,Rectum,True,False,0,Not applicable,False,10,21,7,1,Good,Occasional discomfort,Low,1,0.5,-19,1,low-activity recovery pattern,movement,ease
Early,Unknown,True,False,0,Not applicable,False,10,40,5.5,2,Fair,Persistent discomfort,Moderate,0,0.82,-12,0,bowel-comfort support pattern,nutrition,maintain
Metastatic,Unknown,True,True,10,Both,True,3,138,7,3,Good,Persistent discomfort,High,2,0.87,-7,0,bowel-comfort support pattern,nutrition,maintain
Locally advanced,Left colon,True,True,4,After surgery,False,3,65,6.5,4,Fair,Persistent discomfort,High,1,0.35,-24,1,bowel-comfort support pattern,nutrition,ease
Early,Left colon,True,False,0,Not applicable,False,3,126,6,3,Poor,Occasional discomfort,Low,0,0.54,8,2,bowel-comfort support pattern,nutrition,ease
Locally advanced,Unknown,True,True,9,Before surgery,True,5,36,7.5,5,Fair,Occasional discomfort,Moderate,1,0.15,-21,0,low-energy recovery pattern,rest,ease
Early,Rectum,True,True,8,Both,False,3,122,6,5,Fair,Persistent discomfort,Moderate,0,0.28,21,-2,bowel-comfort support pattern,nutrition,ease
Early,Left colon,True,True,4,Both,True,6,148,6.5,5,Fair,Comfortable,Moderate,2,0.5,-5,-1,low-energy recovery pattern,rest,maintain
Unknown,Right colon,True,True,6,Both,False,2,107,6.5,5,Fair,Occasional discomfort,Moderate,0,0.01,-22,1,low-energy recovery pattern,rest,ease
Metastatic,Unknown,True,True,10,After surgery,False,10,59,7.5,5,Good,Comfortable,Moderate,1,0.92,23,0,low-energy recovery pattern,rest,progress
Locally advanced,Unknown,True,True,4,Before surgery,False,4,12,5.5,5,Fair,Comfortable,High,1,0.88,-1,-2,low-energy recovery pattern,rest,maintain
Early,Rectum,True,True,12,Before surgery,False,9,48,6,2,Fair,Occasional discomfort,Moderate,0,0.49,30,1,low-energy recovery pattern,rest,ease
Locally advanced,Left colon,False,False,0,Not applicable,False,6,88,7,5,Fair,Persistent discomfort,High,2,0.74,24,0,bowel-comfort support pattern,nutrition,progress
Locally advanced,Unknown,False,True,12,Before surgery,True,4,14,6.5,4,Fair,Occasional discomfort,Moderate,1,0.52,9,0,low-energy recovery pattern,rest,maintain
Locally advanced,Rectum,True,True,8,After surgery,True,5,85,5.5,1,Good,Comfortable,Low,1,0.49,-24,1,low-energy recovery pattern,rest,ease
Locally advanced,Rectum,True,False,0,Not applicable,False,7,68,7.5,2,Fair,Occasional discomfort,Moderate,0,0.77,3,0,steady wellbeing pattern,maintenance,progress
Early,Rectum,False,True,11,Both,False,8,22,6,3,Fair,Persistent discomfort,High,1,0.87,17,-2,bowel-comfort support pattern,nutrition,progress
Metastatic,Left colon,True,True,8,After surgery,False,4,34,7.5,3,Poor,Occasional discomfort,Low,2,0.06,-20,2,bowel-comfort support pattern,nutrition,ease
Locally advanced,Unknown,False,True,9,After surgery,True,10,146,7,4,Fair,Comfortable,Moderate,0,0.28,12,0,low-energy recovery pattern,rest,ease
Locally advanced,Left colon,True,False,0,Not applicable,False,6,47,5.5,1,Fair,Occasional discomfort,Moderate,2,0.25,20,2,low-energy recovery pattern,rest,ease
Early,Rectum,True,False,0,Not applicable,False,6,82,8,2,Good,Occasional discomfort,High,0,0.67,-13,-2,low-energy recovery pattern,rest,maintain
Locally advanced,Unknown,True,True,12,Before surgery,False,8,12,6,2,Fair,Comfortable,Low,0,0.82,-18,2,low-energy recovery pattern,rest,ease
Locally advanced,Unknown,True,True,12,Both,False,10,146,5.5,2,Fair,Persistent discomfort,High,1,0.57,-15,1,bowel-comfort support pattern,nutrition,ease
Locally advanced,Left colon,True,False,0,Not applicable,True,7,148,6,3,Fair,Occasional discomfort,Moderate,1,0.24,-15,0,low-energy recovery pattern,rest,ease
Metastatic,Left colon,True,False,0,Not applicable,True,7,80,7.5,3,Good,Occasional discomfort,Moderate,0,0.8,-25,-2,steady wellbeing pattern,maintenance,maintain
Unknown,Right colon,True,True,12,After surgery,False,2,11,7.5,1,Fair,Persistent discomfort,High,3,0.4,2,2,bowel-comfort support pattern,nutrition,ease
Locally advanced,Right colon,True,False,0,Not applicable,True,6,75,7,3,Fair,Comfortable,Low,1,0.48,-24,0,steady wellbeing pattern,maintenance,maintain
Locally advanced,Left colon,True,True,10,Before surgery,True,10,15,7,2,Good,Comfortable,Moderate,1,0.8,-28,1,low-activity recovery pattern,movement,ease
Early,Rectum,True,True,7,After surgery,True,8,85,8,2,Good,Occasional discomfort,Low,0,0.4,20,0,steady wellbeing pattern,maintenance,maintain
Early,Right colon,True,False,0,Not applicable,False,4,134,8,2,Fair,Occasional discomfort,Low,0,0.82,-4,0,hydration support pattern,hydration,maintain
Early,Rectum,True,False,0,Not applicable,True,10,139,8,2,Fair,Comfortable,High,0,0.74,-21,-1,low-energy recovery pattern,rest,maintain
Early,Left colon,True,True,6,Before surgery,True,3,140,7,2,Fair,Persistent discomfort,Low,0,0.21,30,1,bowel-comfort support pattern,nutrition,ease
Locally advanced,Right colon,True,True,11,Before surgery,True,9,16,6.5,3,Poor,Comfortable,Moderate,1,0.82,1,-1,bowel-comfort support pattern,nutrition,progress
Locally advanced,Unknown,True,False,0,Not applicable,False,3,69,8,1,Fair,Persistent discomfort,Moderate,0,0.44,-20,0,bowel-comfort support pattern,nutrition,maintain
Early,Unknown,False,False,0,Not applicable,False,3,47,6,3,Poor,Occasional discomfort,High,1,0.7,13,-1,bowel-comfort support pattern,nutrition,progress
Locally advanced,Unknown,False,False,0,Not applicable,False,4,53,5.5,2,Good,Occasional discomfort,Low,0,0.34,16,0,low-energy recovery pattern,rest,maintain
Locally advanced,Unknown,False,True,10,After surgery,False,3,136,6,2,Good,Comfortable,High,2,0.13,25,0,low-energy recovery pattern,rest,ease
Locally advanced,Unknown,True,False,0,Not applicable,False,10,47,7,3,Poor,Comfortable,Low,0,0.35,-28,-1,bowel-comfort support pattern,nutrition,maintain
Early,Left colon,True,True,10,Before surgery,False,4,36,7.5,1,Fair,Occasional discomfort,Moderate,0,0.91,-16,0,low-activity recovery pattern,movement,maintain
Locally advanced,Left colon,False,True,7,Before surgery,False,8,102,6.5,2,Good,Persistent discomfort,Low,0,0.76,2,-1,bowel-comfort support pattern,nutrition,progress
Locally advanced,Left colon,True,True,6,Before surgery,False,2,75,7.5,3,Good,Occasional discomfort,Moderate,0,0.18,21,-2,hydration support pattern,hydration,ease
Locally advanced,Right colon,False,True,6,Both,False,3,68,7,1,Good,Comfortable,High,1,0.24,5,1,low-energy recovery pattern,rest,ease
Early,Unknown,True,True,12,After surgery,False,4,125,6,1,Fair,Comfortable,High,2,0.69,2,-2,low-energy recovery pattern,rest,maintain
Locally advanced,Left colon,True,True,12,Before surgery,False,6,21,8,1,Fair,Occasional discomfort,Low,3,0.46,-15,-1,low-activity recovery pattern,movement,maintain
Locally advanced,Unknown,False,False,0,Not applicable,True,6,107,6.5,4,Fair,Occasional discomfort,High,1,0.94,-10,0,low-energy recovery pattern,rest,maintain
Early,Rectum,True,True,4,Both,False,5,133,6.5,5,Good,Comfortable,Low,1,0.09,-26,-1,low-energy recovery pattern,rest,ease
Early,Rectum,True,False,0,Not applicable,False,5,86,5.5,3,Fair,Persistent discomfort,Moderate,1,0.05,-29,0,bowel-comfort support pattern,nutrition,ease
Early,Unknown,False,False,0,Not applicable,True,6,148,7,2,Fair,Occasional discomfort,Low,1,0.29,27,0,steady wellbeing pattern,maintenance,ease
Locally advanced,Rectum,False,False,0,Not applicable,False,10,61,7.5,4,Good,Comfortable,High,1,0.74,29,-1,low-energy recovery pattern,rest,progress
Locally advanced,Left colon,True,True,10,After surgery,False,7,87,7.5,2,Good,Persistent discomfort,Moderate,1,0.17,21,2,bowel-comfort support pattern,nutrition,ease
Early,Unknown,False,True,6,Both,False,6,104,8,2,Good,Comfortable,Moderate,0,0.82,23,0,steady wellbeing pattern,maintenance,progress
Early,Unknown,False,True,8,After surgery,False,4,143,5.5,4,Fair,Occasional discomfort,Moderate,2,0.29,-9,2,low-energy recovery pattern,rest,ease
Unknown,Unknown,True,True,9,Before surgery,False,2,113,8,5,Poor,Occasional discomfort,Low,0,0.9,-1,0,bowel-comfort support pattern,nutrition,maintain
Early,Left colon,True,False,0,Not applicable,False,2,61,5.5,4,Good,Occasional discomfort,Moderate,1,0.03,13,-2,low-energy recovery pattern,rest,ease
Early,Rectum,True,False,0,Not applicable,False,6,94,6,2,Fair,Occasional discomfort,Low,2,0.03,-5,1,low-energy recovery pattern,rest,ease
Locally advanced,Left colon,True,False,0,Not applicable,False,10,21,5.5,1,Fair,Comfortable,High,0,0.02,-11,0,low-energy recovery pattern,rest,ease
Locally advanced,Rectum,False,False,0,Not applicable,False,4,96,6.5,1,Fair,Occasional discomfort,High,1,0.11,-6,2,low-energy recovery pattern,rest,ease
Early,Left colon,False,False,0,Not applicable,False,7,135,7.5,3,Fair,Comfortable,High,0,0.5,23,-1,low-energy recovery pattern,rest,maintain
Early,Left colon,True,False,0,Not applicable,False,6,54,8,3,Fair,Comfortable,Low,0,0.95,1,-2,steady wellbeing pattern,maintenance,progress
Locally advanced,Rectum,True,True,6,After surgery,False,7,20,6.5,4,Poor,Occasional discomfort,Low,1,0.11,16,-1,bowel-comfort support pattern,nutrition,ease
Locally advanced,Unknown,True,False,0,Not applicable,False,8,101,6.5,4,Fair,Occasional discomfort,Moderate,0,0.9,-5,2,low-energy recovery pattern,rest,ease
Unknown,Left colon,True,True,4,Both,False,8,74,7.5,3,Poor,Occasional discomfort,Low,1,0.77,9,0,bowel-comfort support pattern,nutrition,progress
Early,Rectum,True,True,5,Before surgery,False,8,148,8,3,Fair,Occasional discomfort,Low,1,0.93,7,-2,steady wellbeing pattern,maintenance,progress
Unknown,Rectum,True,True,9,Before surgery,False,8,75,8,4,Good,Comfortable,Moderate,1,0.68,3,2,low-energy recovery pattern,rest,ease
Unknown,Right colon,True,False,0,Not applicable,False,5,37,6.5,5,Poor,Occasional discomfort,Low,1,0.86,10,0,bowel-comfort support pattern,nutrition,progress
Early,Unknown,True,False,0,Not applicable,False,2,11,8,2,Good,Comfortable,Moderate,1,0.6,-13,1,low-activity recovery pattern,movement,ease
Metastatic,Rectum,True,False,0,Not applicable,False,9,61,6.5,3,Fair,Occasional discomfort,Moderate,1,0.53,25,-2,steady wellbeing pattern,maintenance,maintain
Early,Left colon,False,True,6,After surgery,False,9,10,5.5,5,Poor,Comfortable,Moderate,1,0.04,24,2,bowel-comfort support pattern,nutrition,ease
Unknown,Left colon,True,False,0,Not applicable,False,2,95,7,1,Fair,Comfortable,Low,0,0.69,2,2,hydration support pattern,hydration,ease
Early,Left colon,False,False,0,Not applicable,True,10,137,7.5,2,Fair,Occasional discomfort,Low,1,0.03,8,0,steady wellbeing pattern,maintenance,ease
Locally advanced,Rectum,True,True,11,Before surgery,False,7,75,8,4,Fair,Occasional discomfort,Low,0,0.23,4,0,low-energy recovery pattern,rest,ease
Locally advanced,Unknown,True,False,0,Not applicable,False,8,114,6.5,2,Fair,Comfortable,Low,2,0.86,1,-2,steady wellbeing pattern,maintenance,progress
Metastatic,Right colon,True,False,0,Not applicable,False,3,105,6.5,2,Good,Comfortable,Moderate,1,0.69,-2,-2,hydration support pattern,hydration,maintain
Metastatic,Left colon,True,False,0,Not applicable,False,6,112,8,1,Good,Occasional discomfort,Low,0,0.35,-15,0,steady wellbeing pattern,maintenance,maintain
Metastatic,Right colon,True,False,0,Not applicable,True,9,38,6.5,2,Good,Occasional discomfort,Moderate,2,0.39,8,0,low-activity recovery pattern,movement,maintain
Locally advanced,Rectum,False,False,0,Not applicable,False,7,30,6.5,4,Fair,Persistent discomfort,High,2,0.84,-15,0,bowel-comfort support pattern,nutrition,maintain
Early,Unknown,True,True,10,Before surgery,True,7,52,5.5,2,Fair,Occasional discomfort,Moderate,1,0.74,-19,1,low-energy recovery pattern,rest,ease
Early,Right colon,True,True,6,After surgery,False,6,13,8,2,Fair,Persistent discomfort,Moderate,3,0.4,-18,2,bowel-comfort support pattern,nutrition,ease
Metastatic,Unknown,True,True,4,Before surgery,False,9,82,5.5,3,Good,Occasional discomfort,High,1,0.87,-26,1,low-energy recovery pattern,rest,ease
Early,Unknown,False,False,0,Not applicable,False,6,98,6.5,4,Good,Comfortable,High,2,0.54,21,2,low-energy recovery pattern,rest,ease
Early,Rectum,True,True,9,After surgery,True,4,51,7.5,5,Poor,Occasional discomfort,Moderate,2,0.93,29,0,bowel-comfort support pattern,nutrition,progress
Early,Left colon,True,True,4,Both,False,3,149,6.5,2,Fair,Occasional discomfort,Moderate,2,0.37,28,0,hydration support pattern,hydration,maintain
Locally advanced,Rectum,False,False,0,Not applicable,False,6,96,6,5,Good,Comfortable,Moderate,0,0.19,9,-2,low-energy recovery pattern,rest,ease
Locally advanced,Left colon,False,True,5,Both,True,9,135,6,4,Fair,Persistent discomfort,Moderate,2,0.83,20,0,bowel-comfort support pattern,nutrition,progress
Unknown,Right colon,True,False,0,Not applicable,False,5,108,7.5,2,Good,Comfortable,High,2,0.06,-18,-1,low-energy recovery pattern,rest,ease
Early,Right colon,True,True,9,Both,False,2,126,8,4,Good,Occasional discomfort,Low,2,0.84,-19,-2,low-energy recovery pattern,rest,maintain
Early,Right colon,False,True,7,Before surgery,False,6,108,7.5,4,Good,Occasional discomfort,Moderate,2,0.68,21,-2,low-energy recovery pattern,rest,maintain
Locally advanced,Left colon,True,True,6,After surgery,False,3,17,8,4,Poor,Comfortable,Moderate,0,0.18,12,1,bowel-comfort support pattern,nutrition,ease
Locally advanced,Rectum,True,True,6,Before surgery,True,6,17,7,5,Fair,Comfortable,Moderate,1,0.08,13,2,low-energy recovery pattern,rest,ease
Early,Right colon,True,False,0,Not applicable,False,8,145,6.5,5,Fair,Occasional discomfort,Low,1,0.58,12,-2,low-energy recovery pattern,rest,maintain
Early,Rectum,False,True,8,After surgery,False,7,12,5.5,2,Fair,Persistent discomfort,Moderate,3,0.95,-24,0,bowel-comfort support pattern,nutrition,maintain
Locally advanced,Right colon,True,True,7,After surgery,False,7,74,6,3,Fair,Persistent discomfort,High,1,0.89,13,-1,bowel-comfort support pattern,nutrition,progress
Locally advanced,Left colon,True,False,0,Not applicable,False,9,122,6,2,Good,Occasional discomfort,Moderate,1,0.65,-15,-2,low-energy recovery pattern,rest,maintain
Locally advanced,Left colon,True,False,0,Not applicable,True,10,38,7,2,Fair,Occasional discomfort,Moderate,0,0.93,-9,1,low-activity recovery pattern,movement,ease
Early,Unknown,True,False,0,Not applicable,False,8,54,7,3,Good,Persistent discomfort,Moderate,3,0.65,-13,0,bowel-comfort support pattern,nutrition,maintain
Metastatic,Left colon,False,True,10,Both,False,8,97,7,5,Good,Occasional discomfort,Moderate,1,0.84,-14,0,low-energy recovery pattern,rest,maintain
Early,Right colon,True,True,8,After surgery,True,9,48,6,4,Good,Comfortable,Moderate,0,0.27,22,1,low-energy recovery pattern,rest,ease
Unknown,Rectum,True,False,0,Not applicable,False,4,131,6.5,4,Fair,Persistent discomfort,Moderate,1,0.24,10,-1,bowel-comfort support pattern,nutrition,ease
Locally advanced,Left colon,True,True,12,Both,False,5,84,5.5,2,Good,Comfortable,Moderate,1,0.88,-11,0,low-energy recovery pattern,rest,maintain
Locally advanced,Unknown,True,True,12,Both,False,10,43,7.5,4,Good,Persistent discomfort,Moderate,0,0.68,-21,2,bowel-comfort support pattern,nutrition,ease
Locally advanced,Right colon,False,True,4,Before surgery,False,4,118,8,4,Poor,Comfortable,Moderate,3,0.97,15,-2,bowel-comfort support pattern,nutrition,progress
Early,Rectum,True,False,0,Not applicable,False,2,139,6,2,Good,Comfortable,Moderate,3,0.83,-28,2,low-energy recovery pattern,rest,ease
Locally advanced,Rectum,False,False,0,Not applicable,False,8,119,6,2,Poor,Occasional discomfort,Moderate,2,0.38,-29,-1,bowel-comfort support pattern,nutrition,maintain
Early,Unknown,False,True,10,Before surgery,True,3,94,5.5,3,Fair,Comfortable,Moderate,0,0.89,-6,-2,low-energy recovery pattern,rest,maintain
Early,Left colon,True,True,5,Before surgery,False,5,94,8,5,Good,Occasional discomfort,Moderate,1,0.97,-15,-2,low-energy recovery pattern,rest,maintain
Locally advanced,Left colon,True,True,8,After surgery,False,5,69,7,4,Fair,Persistent discomfort,Moderate,0,0.73,-10,0,bowel-comfort support pattern,nutrition,maintain
Metastatic,Right colon,True,False,0,Not applicable,False,4,106,7.5,2,Fair,Persistent discomfort,Moderate,0,0.54,1,0,bowel-comfort support pattern,nutrition,maintain
Locally advanced,Rectum,True,True,7,Both,True,3,29,6,5,Fair,Occasional discomfort,Low,0,0.72,0,0,low-energy recovery pattern,rest,progress
Locally advanced,Left colon,True,False,0,Not applicable,False,2,135,6,4,Fair,Comfortable,Moderate,1,0.19,-30,-2,low-energy recovery pattern,rest,ease
Unknown,Left colon,True,False,0,Not applicable,False,7,50,5.5,1,Fair,Comfortable,Low,1,0.77,29,0,low-energy recovery pattern,rest,progress
Locally advanced,Unknown,True,True,8,After surgery,False,10,26,8,5,Fair,Occasional discomfort,Moderate,0,0.83,-23,1,low-energy recovery pattern,rest,ease
Locally advanced,Right colon,True,False,0,Not applicable,False,3,87,7.5,3,Fair,Persistent discomfort,Moderate,0,0.23,3,2,bowel-comfort support pattern,nutrition,ease
Early,Left colon,False,True,9,Both,False,5,33,7.5,4,Poor,Occasional discomfort,Moderate,0,0.4,-15,0,bowel-comfort support pattern,nutrition,maintain
Early,Rectum,False,False,0,Not applicable,False,8,83,5.5,4,Fair,Occasional discomfort,Moderate,3,0.6,-21,-2,low-energy recovery pattern,rest,maintain
Early,Unknown,True,True,12,Before surgery,False,10,15,5.5,3,Fair,Occasional discomfort,Moderate,1,0.08,-29,1,low-energy recovery pattern,rest,ease
Locally advanced,Right colon,True,True,11,Before surgery,False,9,68,8,3,Good,Occasional discomfort,High,1,0.35,-2,-1,low-energy recovery pattern,rest,maintain
Early,Right colon,False,True,4,Before surgery,False,2,38,6,3,Fair,Occasional discomfort,Moderate,2,0.51,28,2,low-energy recovery pattern,rest,ease
Early,Right colon,True,True,9,Both,False,2,124,8,2,Fair,Comfortable,Moderate,0,0.16,30,-1,hydration support pattern,hydration,ease
Early,Right colon,True,True,8,Both,False,5,27,7.5,1,Fair,Occasional discomfort,Low,1,0.76,-14,1,low-activity recovery pattern,movement,ease
Early,Unknown,True,False,0,Not applicable,False,9,80,6.5,3,Good,Comfortable,Moderate,1,0.44,21,0,steady wellbeing pattern,maintenance,maintain
Unknown,Left colon,True,True,10,Both,False,10,41,8,4,Fair,Occasional discomfort,High,2,0.23,-9,2,low-energy recovery pattern,rest,ease
Early,Unknown,True,False,0,Not applicable,False,8,15,7,5,Fair,Occasional discomfort,High,1,0.27,-10,0,low-energy recovery pattern,rest,ease
Locally advanced,Left colon,True,True,10,After surgery,False,8,97,8,1,Fair,Comfortable,High,3,0.83,-8,1,low-energy recovery pattern,rest,ease
Locally advanced,Right colon,True,True,12,Before surgery,False,10,123,7.5,1,Fair,Occasional discomfort,High,1,0.87,-2,0,low-energy recovery pattern,rest,maintain
Locally advanced,Right colon,True,False,0,Not applicable,False,10,35,6,1,Good,Comfortable,Moderate,0,0.92,-22,1,low-energy recovery pattern,rest,ease
Locally advanced,Left colon,True,True,12,Before surgery,False,9,66,6,3,Fair,Comfortable,High,0,0.04,-23,2,low-energy recovery pattern,rest,ease
Early,Left colon,True,True,7,Both,False,7,16,6.5,3,Fair,Persistent discomfort,High,0,0.74,28,-2,bowel-comfort support pattern,nutrition,progress
Unknown,Unknown,True,True,6,Before surgery,False,5,131,6,3,Fair,Occasional discomfort,Moderate,1,0.99,-21,2,low-energy recovery pattern,rest,ease
Early,Left colon,True,False,0,Not applicable,False,2,100,5.5,1,Good,Occasional discomfort,Moderate,0,0.71,0,-2,low-energy recovery pattern,rest,progress
Locally advanced,Left colon,True,True,8,After surgery,True,2,30,8,3,Fair,Occasional discomfort,Moderate,0,0.21,12,-1,low-activity recovery pattern,movement,ease
Early,Right colon,True,False,0,Not applicable,False,5,84,7.5,1,Good,Comfortable,Low,2,0.05,23,0,steady wellbeing pattern,maintenance,ease
Unknown,Unknown,True,False,0,Not applicable,False,7,89,7,2,Good,Occasional discomfort,Moderate,1,0.93,-14,2,steady wellbeing pattern,maintenance,ease
Unknown,Rectum,False,False,0,Not applicable,False,9,65,6,3,Fair,Occasional discomfort,Low,1,0.57,-24,2,low-energy recovery pattern,rest,ease
Locally advanced,Unknown,True,False,0,Not applicable,False,3,20,5.5,5,Poor,Occasional discomfort,Moderate,0,0.04,25,0,bowel-comfort support pattern,nutrition,ease
Unknown,Rectum,True,True,6,Both,False,3,116,7,2,Good,Persistent discomfort,High,0,0.25,6,1,bowel-comfort support pattern,nutrition,ease
Unknown,Unknown,True,False,0,Not applicable,True,4,13,7.5,2,Fair,Occasional discomfort,Moderate,1,0.45,24,1,low-activity recovery pattern,movement,ease
Metastatic,Left colon,True,True,7,After surgery,False,6,119,8,2,Poor,Persistent discomfort,High,0,0.76,-29,2,bowel-comfort support pattern,nutrition,ease
Locally advanced,Rectum,True,True,6,Both,False,5,68,8,3,Fair,Persistent discomfort,High,2,0.61,13,1,bowel-comfort support pattern,nutrition,ease
Early,Unknown,True,True,8,Before surgery,False,3,116,8,4,Fair,Occasional discomfort,Moderate,0,0.48,18,0,low-energy recovery pattern,rest,maintain
Early,Unknown,True,True,10,After surgery,False,7,90,7.5,2,Good,Occasional discomfort,Moderate,1,0.71,5,-2,steady wellbeing pattern,maintenance,progress
Locally advanced,Rectum,False,True,6,Before surgery,True,8,82,7.5,5,Fair,Occasional discomfort,Moderate,1,0.21,-24,-2,low-energy recovery pattern,rest,ease
Early,Unknown,True,False,0,Not applicable,False,7,85,6.5,1,Fair,Occasional discomfort,Moderate,1,0.64,7,0,steady wellbeing pattern,maintenance,maintain
Locally advanced,Rectum,True,True,6,Before surgery,False,6,57,7,5,Fair,Comfortable,Moderate,0,0.88,18,2,low-energy recovery pattern,rest,ease
Unknown,Left colon,False,True,10,Before surgery,False,7,150,5.5,3,Fair,Occasional discomfort,Low,1,0.72,27,0,low-energy recovery pattern,rest,progress
Locally advanced,Rectum,False,False,0,Not applicable,True,8,25,6,2,Poor,Occasional discomfort,Low,0,0.28,28,-1,bowel-comfort support pattern,nutrition,ease
Early,Left colon,True,True,8,Both,False,10,108,6,2,Good,Occasional discomfort,Moderate,1,0.98,2,0,low-energy recovery pattern,rest,progress
Early,Rectum,True,False,0,Not applicable,False,2,25,6,3,Fair,Occasional discomfort,High,1,0.83,-5,2,low-energy recovery pattern,rest,ease
Early,Unknown,True,True,6,Both,False,3,90,6,3,Poor,Occasional discomfort,Moderate,0,0.11,22,0,bowel-comfort support pattern,nutrition,ease
Unknown,Rectum,True,True,10,After surgery,False,6,71,8,2,Fair,Occasional discomfort,Moderate,0,0.26,-19,0,steady wellbeing pattern,maintenance,ease
Early,Unknown,False,False,0,Not applicable,False,9,51,7,4,Good,Comfortable,High,0,0.88,16,-2,low-energy recovery pattern,rest,progress
Metastatic,Right colon,True,True,6,Both,False,9,69,7,5,Good,Occasional discomfort,High,1,0.62,1,1,low-energy recovery pattern,rest,ease
Early,Right colon,True,True,7,Before surgery,False,3,50,7,2,Good,Occasional discomfort,Low,2,0.03,3,0,hydration support pattern,hydration,ease
Locally advanced,Unknown,True,False,0,Not applicable,True,7,92,8,1,Poor,Persistent discomfort,High,2,0.6,11,-2,bowel-comfort support pattern,nutrition,maintain
Early,Right colon,True,True,5,After surgery,False,9,117,6.5,2,Good,Occasional discomfort,Moderate,2,0.93,4,2,steady wellbeing pattern,maintenance,ease
Locally advanced,Unknown,True,True,7,Both,False,4,118,6.5,4,Fair,Occasional discomfort,Low,2,0.77,23,0,low-energy recovery pattern,rest,progress
Early,Rectum,False,True,11,Both,False,9,40,7.5,1,Good,Comfortable,High,2,0.37,-22,0,low-energy recovery pattern,rest,maintain
Unknown,Unknown,True,True,7,After surgery,False,2,70,6,2,Poor,Comfortable,Moderate,0,0.93,-23,1,bowel-comfort support pattern,nutrition,ease
Metastatic,Left colon,True,False,0,Not applicable,False,7,27,7,4,Fair,Occasional discomfort,Low,1,0.98,11,-2,low-energy recovery pattern,rest,progress
Unknown,Unknown,False,False,0,Not applicable,False,2,36,5.5,5,Fair,Comfortable,Moderate,0,0.36,4,2,low-energy recovery pattern,rest,ease
Early,Right colon,False,False,0,Not applicable,True,9,84,5.5,5,Good,Persistent discomfort,Low,1,0.52,-8,0,bowel-comfort support pattern,nutrition,maintain
Early,Unknown,True,False,0,Not applicable,False,10,110,8,1,Good,Persistent discomfort,Moderate,1,0.07,-16,-2,bowel-comfort support pattern,nutrition,ease
Locally advanced,Right colon,True,True,5,Before surgery,False,7,19,5.5,3,Fair,Persistent discomfort,Moderate,2,0.85,5,0,bowel-comfort support pattern,nutrition,progress
Metastatic,Right colon,False,False,0,Not applicable,False,2,130,8,2,Poor,Occasional discomfort,Moderate,0,0.72,-21,1,bowel-comfort support pattern,nutrition,ease
Unknown,Unknown,True,False,0,Not applicable,False,4,14,8,1,Fair,Persistent discomfort,High,0,0.2,9,-1,bowel-comfort support pattern,nutrition,ease
Locally advanced,Unknown,True,False,0,Not applicable,True,2,54,6.5,4,Fair,Comfortable,Moderate,0,0.38,-14,0,low-energy recovery pattern,rest,maintain
Early,Unknown,False,False,0,Not applicable,False,4,70,7,4,Good,Comfortable,Moderate,1,0.69,-13,0,low-energy recovery pattern,rest,maintain
Locally advanced,Left colon,False,True,6,Before surgery,False,4,91,8,2,Fair,Comfortable,Moderate,1,0.96,21,0,hydration support pattern,hydration,progress
Early,Unknown,True,False,0,Not applicable,False,5,140,6.5,2,Good,Comfortable,Moderate,1,0.69,27,-2,steady wellbeing pattern,maintenance,maintain
Locally advanced,Rectum,True,False,0,Not applicable,False,2,136,7.5,4,Good,Occasional discomfort,Moderate,2,0.58,17,0,low-energy recovery pattern,rest,maintain
Locally advanced,Left colon,True,False,0,Not applicable,False,4,112,7,1,Poor,Occasional discomfort,Moderate,2,0.19,15,1,bowel-comfort support pattern,nutrition,ease
Early,Left colon,False,False,0,Not applicable,False,4,17,7.5,5,Fair,Comfortable,Moderate,0,0.21,17,2,low-energy recovery pattern,rest,ease
Locally advanced,Right colon,False,False,0,Not applicable,False,2,83,7,2,Good,Occasional discomfort,Moderate,0,0.31,-28,2,hydration support pattern,hydration,ease
Locally advanced,Right colon,True,False,0,Not applicable,False,9,122,7,5,Fair,Occasional discomfort,Moderate,1,0.06,4,-1,low-energy recovery pattern,rest,ease
Unknown,Left colon,True,False,0,Not applicable,True,7,114,8,3,Fair,Comfortable,Moderate,0,0.93,14,1,steady wellbeing pattern,maintenance,ease
Metastatic,Rectum,True,True,7,Before surgery,False,2,81,5.5,1,Fair,Occasional discomfort,Moderate,1,0.03,19,1,low-energy recovery pattern,rest,ease
Locally advanced,Unknown,True,True,5,After surgery,False,7,103,6,1,Good,Persistent discomfort,Moderate,0,0.8,-8,0,bowel-comfort support pattern,nutrition,maintain
Locally advanced,Unknown,True,True,11,Both,False,9,35,6.5,1,Good,Occasional discomfort,Low,1,0.93,22,-1,low-activity recovery pattern,movement,progress
Early,Right colon,True,True,8,Both,False,3,109,7.5,3,Fair,Comfortable,High,1,0.97,15,0,low-energy recovery pattern,rest,progress
Locally advanced,Unknown,True,True,11,After surgery,True,5,144,5.5,1,Good,Occasional discomfort,Moderate,1,0.39,-29,-1,low-energy recovery pattern,rest,maintain
Locally advanced,Rectum,True,False,0,Not applicable,False,6,123,6,5,Fair,Occasional discomfort,Low,0,0.99,-16,-2,low-energy recovery pattern,rest,maintain
Locally advanced,Unknown,True,False,0,Not applicable,False,9,91,8,5,Fair,Persistent discomfort,Moderate,1,0.03,29,2,bowel-comfort support pattern,nutrition,ease
Unknown,Unknown,True,False,0,Not applicable,True,5,147,7,5,Fair,Persistent discomfort,High,2,0.49,-15,2,bowel-comfort support pattern,nutrition,ease
Early,Right colon,False,True,12,Both,False,7,124,7,4,Fair,Occasional discomfort,Low,2,0.02,20,-1,low-energy recovery pattern,rest,ease
Locally advanced,Right colon,False,True,9,Both,False,3,84,7.5,5,Poor,Comfortable,Moderate,3,0.98,-8,0,bowel-comfort support pattern,nutrition,maintain
Early,Unknown,True,True,12,After surgery,False,5,50,7,1,Good,Occasional discomfort,Moderate,3,0.42,-19,1,steady wellbeing pattern,maintenance,ease
Unknown,Unknown,True,False,0,Not applicable,False,3,72,5.5,5,Poor,Comfortable,Low,1,0.34,-9,-2,bowel-comfort support pattern,nutrition,maintain
Unknown,Unknown,True,True,10,After surgery,True,2,140,5.5,4,Fair,Occasional discomfort,High,0,0.87,16,0,low-energy recovery pattern,rest,progress
Locally advanced,Unknown,True,False,0,Not applicable,False,3,40,5.5,2,Fair,Persistent discomfort,Low,1,0.51,-7,0,bowel-comfort support pattern,nutrition,maintain
Metastatic,Left colon,True,True,10,Before surgery,False,8,31,8,1,Good,Comfortable,Low,0,0.48,18,1,low-activity recovery pattern,movement,ease
Locally advanced,Left colon,False,False,0,Not applicable,False,2,32,7,1,Fair,Occasional discomfort,Low,0,0.12,-29,0,low-activity recovery pattern,movement,ease
Early,Unknown,True,False,0,Not applicable,False,5,26,6.5,1,Poor,Occasional discomfort,Moderate,3,0.85,22,0,bowel-comfort support pattern,nutrition,progress
Unknown,Unknown,True,False,0,Not applicable,False,10,115,7,4,Fair,Occasional discomfort,Moderate,1,0.31,9,2,low-energy recovery pattern,rest,ease
Locally advanced,Left colon,True,True,10,Both,False,9,33,7,1,Poor,Occasional discomfort,Moderate,1,0.42,-8,-1,bowel-comfort support pattern,nutrition,maintain
Locally advanced,Right colon,False,True,10,Before surgery,False,2,113,6,1,Good,Occasional discomfort,Low,1,0.23,23,1,low-energy recovery pattern,rest,ease
Locally advanced,Right colon,False,True,5,After surgery,False,5,131,8,2,Poor,Comfortable,Low,0,0.13,-21,1,bowel-comfort support pattern,nutrition,ease
Early,Rectum,True,False,0,Not applicable,False,9,131,8,1,Poor,Persistent discomfort,Moderate,0,0.1,-16,2,bowel-comfort support pattern,nutrition,ease
Unknown,Left colon,True,False,0,Not applicable,False,5,46,5.5,3,Fair,Persistent discomfort,High,0,0.35,9,0,bowel-comfort support pattern,nutrition,maintain
Metastatic,Left colon,False,True,4,Both,True,9,34,8,3,Poor,Occasional discomfort,Low,0,0.36,-20,-1,bowel-comfort support pattern,nutrition,maintain
Metastatic,Unknown,True,False,0,Not applicable,False,4,18,7.5,2,Good,Occasional discomfort,Moderate,2,0.1,-19,2,low-activity recovery pattern,movement,ease
Locally advanced,Rectum,False,True,4,After surgery,False,5,62,8,3,Fair,Comfortable,High,1,0.24,-17,2,low-energy recovery pattern,rest,ease
Locally advanced,Left colon,True,False,0,Not applicable,False,8,68,6,5,Good,Persistent discomfort,Low,3,0.24,-25,1,bowel-comfort support pattern,nutrition,ease
Locally advanced,Unknown,True,True,5,Before surgery,False,2,146,7,4,Fair,Comfortable,Moderate,2,0.73,18,2,low-energy recovery pattern,rest,ease
Early,Right colon,True,False,0,Not applicable,False,4,49,6.5,1,Fair,Occasional discomfort,Low,3,0.35,-6,-2,hydration support pattern,hydration,maintain
Early,Left colon,False,False,0,Not applicable,False,4,142,7,4,Poor,Occasional discomfort,Moderate,3,0.82,-9,-1,bowel-comfort support pattern,nutrition,maintain
Locally advanced,Rectum,True,True,12,Both,False,10,114,5.5,1,Poor,Occasional discomfort,High,0,0.61,-6,0,bowel-comfort support pattern,nutrition,maintain
Early,Right colon,True,True,11,Before surgery,True,7,117,6.5,4,Fair,Occasional discomfort,Low,0,0.28,5,1,low-energy recovery pattern,rest,ease
Unknown,Right colon,True,True,9,Before surgery,True,9,15,6,1,Poor,Comfortable,Moderate,1,0.85,12,0,bowel-comfort support pattern,nutrition,progress
Unknown,Rectum,True,False,0,Not applicable,False,3,12,7,5,Good,Occasional discomfort,High,1,0.56,27,-2,low-energy recovery pattern,rest,maintain
Early,Right colon,True,False,0,Not applicable,False,5,14,6.5,3,Good,Persistent discomfort,Moderate,1,0.46,0,0,bowel-comfort support pattern,nutrition,maintain
Metastatic,Unknown,True,True,12,Both,False,4,135,8,5,Good,Occasional discomfort,Moderate,1,0.88,-19,0,low-energy recovery pattern,rest,maintain
Locally advanced,Rectum,True,True,9,Before surgery,False,6,35,7,1,Fair,Comfortable,Low,0,0.78,-2,-1,low-activity recovery pattern,movement,maintain
Early,Rectum,True,True,4,After surgery,False,2,139,5.5,5,Good,Comfortable,Moderate,2,0.71,28,1,low-energy recovery pattern,rest,ease
Metastatic,Rectum,True,True,12,Both,True,6,118,7,3,Good,Persistent discomfort,Moderate,0,0.6,13,-1,bowel-comfort support pattern,nutrition,maintain
Early,Right colon,False,False,0,Not applicable,False,4,104,6,2,Fair,Comfortable,Low,1,0.03,-16,0,low-energy recovery pattern,rest,ease
Locally advanced,Rectum,True,True,4,Before surgery,False,4,126,6,1,Fair,Occasional discomfort,Moderate,2,0.48,-21,-2,low-energy recovery pattern,rest,maintain
Early,Left colon,True,False,0,Not applicable,False,2,81,7,3,Fair,Comfortable,Low,1,0.25,-6,1,hydration support pattern,hydration,ease
Locally advanced,Unknown,True,False,0,Not applicable,False,3,61,6,2,Fair,Comfortable,High,1,0.2,29,1,low-energy recovery pattern,rest,ease
Early,Rectum,True,True,12,After surgery,True,5,78,6,3,Fair,Occasional discomfort,Low,0,0.13,28,2,low-energy recovery pattern,rest,ease
Early,Right colon,True,True,4,Both,False,10,82,6,2,Fair,Comfortable,Moderate,2,0.14,19,-1,low-energy recovery pattern,rest,ease
Metastatic,Left colon,True,True,7,Before surgery,False,4,142,7.5,1,Poor,Comfortable,Low,2,0.24,-11,0,bowel-comfort support pattern,nutrition,ease
Metastatic,Left colon,True,False,0,Not applicable,False,7,98,5.5,5,Fair,Comfortable,Low,2,0.09,29,2,low-energy recovery pattern,rest,ease
Locally advanced,Rectum,True,True,6,Before surgery,False,6,141,6.5,3,Fair,Persistent discomfort,Moderate,1,0.85,17,0,bowel-comfort support pattern,nutrition,progress
Early,Unknown,True,False,0,Not applicable,False,4,31,7.5,5,Fair,Comfortable,Moderate,1,0.13,29,0,low-energy recovery pattern,rest,ease
Early,Unknown,True,False,0,Not applicable,True,8,24,7,5,Good,Occasional discomfort,Moderate,1,0.24,-28,-2,low-energy recovery pattern,rest,ease
Locally advanced,Rectum,True,True,6,Both,True,3,123,6.5,4,Fair,Occasional discomfort,Low,2,0.39,-28,0,low-energy recovery pattern,rest,maintain
Locally advanced,Left colon,False,True,10,Before surgery,False,5,43,6,3,Good,Occasional discomfort,Moderate,2,0.44,-15,-2,low-energy recovery pattern,rest,maintain
Locally advanced,Right colon,False,False,0,Not applicable,False,8,108,7.5,2,Fair,Persistent discomfort,Moderate,1,0.82,16,-2,bowel-comfort support pattern,nutrition,progress
Locally advanced,Right colon,True,True,10,Both,True,7,52,6.5,4,Good,Comfortable,Low,1,0.02,-19,0,low-energy recovery pattern,rest,ease
Early,Unknown,False,True,5,Before surgery,True,9,33,6.5,3,Poor,Occasional discomfort,Moderate,0,0.26,16,0,bowel-comfort support pattern,nutrition,ease
Unknown,Rectum,True,True,8,Both,False,7,42,7.5,4,Good,Occasional discomfort,High,2,0.85,-6,-2,low-energy recovery pattern,rest,maintain
Locally advanced,Rectum,True,True,4,Both,True,8,92,6.5,3,Good,Persistent discomfort,Moderate,0,0.82,-13,-1,bowel-comfort support pattern,nutrition,maintain
Unknown,Right colon,True,True,11,After surgery,False,3,89,5.5,5,Good,Occasional discomfort,High,0,0.98,-10,2,low-energy recovery pattern,rest,ease
Early,Rectum,True,True,4,Both,True,6,98,6.5,4,Good,Persistent discomfort,Moderate,0,0.92,13,-1,bowel-comfort support pattern,nutrition,progress
Locally advanced,Rectum,True,False,0,Not applicable,True,8,147,7,1,Fair,Persistent discomfort,High,0,0.03,-7,-1,bowel-comfort support pattern,nutrition,ease
Early,Right colon,False,False,0,Not applicable,False,4,97,5.5,2,Fair,Occasional discomfort,Low,1,0.24,9,0,low-energy recovery pattern,rest,ease
Early,Rectum,True,True,5,After surgery,False,7,70,6,1,Fair,Occasional discomfort,High,2,0.25,20,1,low-energy recovery pattern,rest,ease
Early,Unknown,True,False,0,Not applicable,False,9,12,7,2,Fair,Comfortable,High,1,0.08,1,1,low-energy recovery pattern,rest,ease
Early,Rectum,True,False,0,Not applicable,True,3,94,7.5,2,Fair,Occasional discomfort,Moderate,1,0.06,-22,1,hydration support pattern,hydration,ease
Unknown,Left colon,True,False,0,Not applicable,False,7,114,8,4,Good,Occasional discomfort,Low,2,0.29,-8,-1,low-energy recovery pattern,rest,ease
Unknown,Rectum,True,False,0,Not applicable,False,5,107,5.5,3,Poor,Occasional discomfort,High,3,0.95,5,-2,bowel-comfort support pattern,nutrition,progress
Early,Rectum,True,True,11,Both,False,7,52,7,3,Fair,Comfortable,Low,3,0.61,-9,0,steady wellbeing pattern,maintenance,maintain
Locally advanced,Left colon,True,True,9,After surgery,False,3,65,6.5,2,Good,Occasional discomfort,Low,2,0.55,-27,2,hydration support pattern,hydration,ease
Locally advanced,Rectum,True,True,6,After surgery,False,6,63,6,3,Good,Comfortable,Moderate,0,0.28,16,-2,low-energy recovery pattern,rest,ease
Unknown,Rectum,True,True,9,Both,True,8,139,7.5,1,Poor,Comfortable,Moderate,0,0.79,28,-2,bowel-comfort support pattern,nutrition,progress
Early,Right colon,True,False,0,Not applicable,False,10,139,5.5,4,Good,Occasional discomfort,Moderate,2,0.14,1,2,low-energy recovery pattern,rest,ease
Early,Unknown,True,True,7,Before surgery,False,9,58,7.5,1,Good,Occasional discomfort,Moderate,1,0.74,-1,2,steady wellbeing pattern,maintenance,ease
Metastatic,Right colon,True,False,0,Not applicable,False,9,106,7.5,1,Good,Comfortable,Moderate,2,0.29,9,-1,steady wellbeing pattern,maintenance,ease
Early,Right colon,True,False,0,Not applicable,False,4,75,6.5,5,Good,Comfortable,High,1,0.22,-12,0,low-energy recovery pattern,rest,ease
Unknown,Left colon,True,True,8,Both,False,9,82,6.5,2,Fair,Occasional discomfort,High,0,0.96,26,1,low-energy recovery pattern,rest,ease
Locally advanced,Left colon,True,True,5,Both,True,9,55,5.5,4,Fair,Occasional discomfort,Low,0,0.6,-13,2,low-energy recovery pattern,rest,ease
Early,Right colon,True,False,0,Not applicable,False,7,77,5.5,3,Fair,Occasional discomfort,Low,0,0.94,-2,0,low-energy recovery pattern,rest,maintain
Early,Right colon,True,False,0,Not applicable,False,4,132,8,3,Good,Occasional discomfort,High,3,0.34,27,0,low-energy recovery pattern,rest,maintain
Early,Unknown,True,False,0,Not applicable,False,3,143,5.5,4,Fair,Occasional discomfort,High,0,0.83,6,0,low-energy recovery pattern,rest,progress
Unknown,Right colon,True,True,6,After surgery,False,5,112,5.5,1,Good,Occasional discomfort,Moderate,3,0.29,8,1,low-energy recovery pattern,rest,ease
Locally advanced,Left colon,False,False,0,Not applicable,True,7,73,8,2,Good,Comfortable,High,2,0.33,-6,-2,low-energy recovery pattern,rest,maintain
Metastatic,Unknown,True,False,0,Not applicable,False,6,124,8,3,Fair,Comfortable,Moderate,2,0.56,24,-1,steady wellbeing pattern,maintenance,maintain
Early,Unknown,False,False,0,Not applicable,False,4,132,7,1,Fair,Comfortable,Moderate,1,0.12,-9,2,hydration support pattern,hydration,ease
Locally advanced,Unknown,False,False,0,Not applicable,False,4,77,5.5,1,Fair,Comfortable,Moderate,1,0.96,-22,2,low-energy recovery pattern,rest,ease
Unknown,Unknown,True,False,0,Not applicable,True,6,72,7,3,Fair,Occasional discomfort,Moderate,2,0.07,21,-2,steady wellbeing pattern,maintenance,ease
Unknown,Left colon,True,False,0,Not applicable,False,9,52,7.5,3,Good,Occasional discomfort,Moderate,3,0.58,-6,-2,steady wellbeing pattern,maintenance,maintain
Locally advanced,Rectum,True,False,0,Not applicable,False,7,42,7.5,4,Fair,Comfortable,Moderate,1,0.84,13,0,low-energy recovery pattern,rest,progress
Early,Left colon,True,True,5,Both,False,8,14,5.5,4,Fair,Comfortable,Low,0,0.98,4,-1,low-energy recovery pattern,rest,progress
Metastatic,Unknown,True,True,7,Both,False,4,96,6,2,Good,Comfortable,High,0,0.52,16,-2,low-energy recovery pattern,rest,maintain
Early,Right colon,False,False,0,Not applicable,False,2,82,6,5,Good,Comfortable,Low,1,0.28,4,-1,low-energy recovery pattern,rest,ease
Locally advanced,Rectum,True,False,0,Not applicable,False,9,87,5.5,4,Poor,Comfortable,Moderate,0,0.74,27,2,bowel-comfort support pattern,nutrition,ease
Unknown,Left colon,True,True,4,After surgery,False,7,85,8,3,Fair,Occasional discomfort,Low,0,0.7,4,-1,steady wellbeing pattern,maintenance,progress
Metastatic,Unknown,True,True,5,After surgery,True,9,63,7.5,2,Fair,Comfortable,Moderate,1,0.42,18,1,steady wellbeing pattern,maintenance,ease
Unknown,Unknown,True,False,0,Not applicable,False,9,126,6,5,Fair,Occasional discomfort,Low,0,0.84,29,-2,low-energy recovery pattern,rest,progress
Unknown,Unknown,True,True,8,After surgery,True,9,105,7,2,Fair,Occasional discomfort,Low,1,0.76,-18,-1,steady wellbeing pattern,maintenance,maintain
Metastatic,Rectum,True,False,0,Not applicable,True,10,35,7.5,3,Good,Persistent discomfort,High,1,0.83,-27,0,bowel-comfort support pattern,nutrition,maintain
Early,Left colon,True,False,0,Not applicable,False,9,45,6.5,4,Good,Occasional discomfort,Moderate,2,0.92,19,1,low-energy recovery pattern,rest,ease
Early,Left colon,False,False,0,Not applicable,False,7,144,8,1,Fair,Occasional discomfort,Moderate,1,0.72,-19,0,steady wellbeing pattern,maintenance,maintain
Locally advanced,Unknown,True,True,6,After surgery,False,2,45,6.5,4,Fair,Occasional discomfort,Moderate,1,0.72,27,0,low-energy recovery pattern,rest,progress
Locally advanced,Unknown,True,False,0,Not applicable,False,6,72,6,3,Fair,Occasional discomfort,Low,3,0.68,-27,-1,low-energy recovery pattern,rest,maintain
Unknown,Rectum,True,True,6,Before surgery,True,5,92,7,2,Poor,Occasional discomfort,High,3,0.46,-12,0,bowel-comfort support pattern,nutrition,maintain
Locally advanced,Left colon,True,False,0,Not applicable,False,5,92,8,4,Fair,Occasional discomfort,Moderate,1,0.71,-9,-2,low-energy recovery pattern,rest,maintain
Early,Unknown,True,True,12,After surgery,False,7,78,6.5,1,Good,Occasional discomfort,Moderate,1,0.29,11,-2,steady wellbeing pattern,maintenance,ease
Locally advanced,Right colon,False,False,0,Not applicable,False,4,58,7.5,2,Fair,Occasional discomfort,Moderate,0,0.35,9,-1,hydration support pattern,hydration,maintain
Metastatic,Left colon,False,True,8,Both,False,8,87,7,1,Fair,Occasional discomfort,Moderate,0,0.76,17,-2,steady wellbeing pattern,maintenance,progress
Early,Rectum,False,True,9,After surgery,False,4,127,6,3,Fair,Comfortable,High,1,0.93,-1,2,low-energy recovery pattern,rest,ease
Locally advanced,Right colon,True,True,4,After surgery,False,2,135,5.5,4,Fair,Persistent discomfort,High,1,0.34,-14,0,bowel-comfort support pattern,nutrition,maintain
Unknown,Rectum,True,True,4,Both,False,8,34,8,4,Fair,Comfortable,Low,0,0.83,24,0,low-energy recovery pattern,rest,progress
Unknown,Right colon,False,True,9,Both,True,5,133,7,3,Fair,Comfortable,Moderate,1,0.92,-23,1,steady wellbeing pattern,maintenance,ease
Early,Right colon,True,False,0,Not applicable,True,5,92,8,3,Fair,Occasional discomfort,Low,3,0.21,22,0,steady wellbeing pattern,maintenance,ease
Metastatic,Left colon,True,False,0,Not applicable,True,10,84,8,5,Good,Persistent discomfort,Moderate,0,0.91,2,-1,bowel-comfort support pattern,nutrition,progress
Early,Rectum,True,True,6,Before surgery,False,3,119,6.5,2,Poor,Comfortable,High,2,0.16,12,0,bowel-comfort support pattern,nutrition,ease
Metastatic,Rectum,True,False,0,Not applicable,False,3,115,5.5,1,Fair,Occasional discomfort,Moderate,0,0.97,-16,2,low-energy recovery pattern,rest,ease
Locally advanced,Rectum,True,True,4,After surgery,False,2,58,7.5,2,Good,Comfortable,High,0,0.03,-9,0,low-energy recovery pattern,rest,ease
Early,Right colon,True,True,6,Both,False,6,92,8,3,Good,Occasional discomfort,High,1,0.18,23,1,low-energy recovery pattern,rest,ease
Early,Rectum,False,False,0,Not applicable,True,2,45,5.5,1,Fair,Occasional discomfort,Moderate,1,0.72,22,-2,low-energy recovery pattern,rest,progress
Locally advanced,Unknown,True,False,0,Not applicable,True,9,32,8,1,Fair,Persistent discomfort,Moderate,0,0.47,29,2,bowel-comfort support pattern,nutrition,ease
Locally advanced,Right colon,True,False,0,Not applicable,False,6,32,7,3,Fair,Occasional discomfort,Low,1,0.53,-28,1,low-activity recovery pattern,movement,ease
Early,Left colon,True,False,0,Not applicable,True,4,32,8,5,Fair,Occasional discomfort,Moderate,0,0.47,7,0,low-energy recovery pattern,rest,maintain
Locally advanced,Left colon,True,True,7,Before surgery,False,2,131,7,2,Good,Occasional discomfort,High,1,0.51,-16,0,low-energy recovery pattern,rest,maintain
Locally advanced,Right colon,True,True,5,Before surgery,False,3,100,6.5,4,Fair,Persistent discomfort,Moderate,1,0.32,27,2,bowel-comfort support pattern,nutrition,ease
Metastatic,Left colon,False,True,6,Before surgery,False,6,147,6,3,Fair,Occasional discomfort,Low,3,0.89,-19,1,low-energy recovery pattern,rest,ease
Early,Left colon,False,True,12,Before surgery,True,2,130,5.5,5,Good,Occasional discomfort,Moderate,1,0.17,-14,0,low-energy recovery pattern,rest,ease
Early,Unknown,True,True,8,Both,False,8,138,5.5,4,Poor,Persistent discomfort,Moderate,1,0.07,-21,2,bowel-comfort support pattern,nutrition,ease
Early,Right colon,False,False,0,Not applicable,False,10,100,7.5,5,Fair,Occasional discomfort,Low,2,0.18,-4,2,low-energy recovery pattern,rest,ease
Metastatic,Right colon,True,True,8,Before surgery,False,8,54,6.5,2,Fair,Persistent discomfort,Low,0,0.3,-10,1,bowel-comfort support pattern,nutrition,ease
Metastatic,Unknown,True,False,0,Not applicable,True,6,87,6.5,4,Poor,Occasional discomfort,High,2,0.71,-3,-2,bowel-comfort support pattern,nutrition,maintain
Locally advanced,Left colon,False,False,0,Not applicable,False,4,70,8,3,Fair,Occasional discomfort,Moderate,2,0.16,23,0,hydration support pattern,hydration,ease
Locally advanced,Unknown,True,True,12,Both,False,7,105,8,3,Fair,Occasional discomfort,Low,1,0.0,12,2,steady wellbeing pattern,maintenance,ease
Locally advanced,Rectum,True,True,8,Before surgery,False,10,45,8,4,Good,Comfortable,High,0,0.58,-9,2,low-energy recovery pattern,rest,ease
Early,Unknown,True,True,12,Both,False,6,11,7.5,5,Good,Occasional discomfort,High,1,0.36,23,-1,low-energy recovery pattern,rest,maintain
Locally advanced,Right colon,True,False,0,Not applicable,True,7,60,5.5,4,Good,Persistent discomfort,Low,3,0.97,22,-2,bowel-comfort support pattern,nutrition,progress
Metastatic,Left colon,True,False,0,Not applicable,False,3,130,7.5,4,Fair,Comfortable,Low,0,0.64,23,0,low-energy recovery pattern,rest,maintain
Locally advanced,Right colon,True,True,11,Both,True,7,53,7,4,Good,Comfortable,Moderate,0,0.13,6,1,low-energy recovery pattern,rest,ease
Locally advanced,Right colon,True,True,5,Both,True,3,134,6,5,Fair,Persistent discomfort,Moderate,3,0.15,-3,-2,bowel-comfort support pattern,nutrition,ease
Metastatic,Rectum,False,True,10,Before surgery,False,4,10,6.5,1,Fair,Persistent discomfort,High,2,0.93,-16,1,bowel-comfort support pattern,nutrition,ease
Metastatic,Unknown,False,True,5,Both,False,6,64,8,2,Poor,Comfortable,Moderate,0,0.46,10,-2,bowel-comfort support pattern,nutrition,maintain
Early,Left colon,False,False,0,Not applicable,False,5,103,7.5,2,Fair,Persistent discomfort,Low,1,0.05,-6,0,bowel-comfort support pattern,nutrition,ease
Unknown,Unknown,True,False,0,Not applicable,False,4,112,8,5,Good,Persistent discomfort,High,0,0.99,3,1,bowel-comfort support pattern,nutrition,ease
Locally advanced,Right colon,True,False,0,Not applicable,False,6,19,7.5,1,Good,Comfortable,Moderate,1,0.04,-28,-2,low-activity recovery pattern,movement,ease
Early,Right colon,True,False,0,Not applicable,False,2,142,6.5,4,Fair,Occasional discomfort,High,0,0.48,-20,2,low-energy recovery pattern,rest,ease
Early,Unknown,True,False,0,Not applicable,False,10,21,5.5,4,Fair,Persistent discomfort,Low,2,0.48,0,-2,bowel-comfort support pattern,nutrition,maintain
Early,Rectum,True,True,9,Before surgery,False,2,107,5.5,4,Good,Comfortable,Low,1,0.12,27,-1,low-energy recovery pattern,rest,ease
Metastatic,Rectum,True,False,0,Not applicable,True,10,25,7,4,Good,Occasional discomfort,Moderate,1,0.1,19,0,low-energy recovery pattern,rest,ease
Early,Rectum,False,False,0,Not applicable,True,7,139,6,2,Good,Comfortable,Moderate,2,0.99,-9,1,low-energy recovery pattern,rest,ease
Early,Rectum,False,True,9,Before surgery,False,7,131,6.5,3,Good,Occasional discomfort,Low,1,0.76,-10,0,steady wellbeing pattern,maintenance,maintain
Locally advanced,Left colon,True,False,0,Not applicable,False,10,114,7,5,Poor,Comfortable,High,0,0.7,15,1,bowel-comfort support pattern,nutrition,ease
Locally advanced,Rectum,True,True,8,Before surgery,False,3,122,5.5,5,Poor,Comfortable,Low,1,0.5,-18,0,bowel-comfort support pattern,nutrition,maintain
Metastatic,Unknown,True,True,12,Both,True,9,137,8,4,Poor,Occasional discomfort,Moderate,1,0.56,30,0,bowel-comfort support pattern,nutrition,maintain
Metastatic,Rectum,False,True,6,Before surgery,False,8,99,6,2,Fair,Comfortable,Moderate,2,0.59,-3,-2,low-energy recovery pattern,rest,maintain
Locally advanced,Unknown,False,True,6,After surgery,False,10,37,5.5,3,Fair,Comfortable,High,1,0.63,21,0,low-energy recovery pattern,rest,maintain
Locally advanced,Right colon,False,False,0,Not applicable,False,8,109,7.5,2,Poor,Persistent discomfort,Moderate,1,0.65,11,2,bowel-comfort support pattern,nutrition,ease
Early,Rectum,True,False,0,Not applicable,True,9,59,6.5,1,Fair,Comfortable,High,1,0.4,9,0,low-energy recovery pattern,rest,maintain
Metastatic,Rectum,True,False,0,Not applicable,False,4,122,6,3,Good,Comfortable,High,1,0.29,11,-2,low-energy recovery pattern,rest,ease
Locally advanced,Rectum,True,True,6,Before surgery,False,7,78,8,1,Fair,Occasional discomfort,High,1,0.68,-26,2,low-energy recovery pattern,rest,ease
Unknown,Right colon,True,False,0,Not applicable,False,8,60,7.5,2,Fair,Occasional discomfort,Low,0,0.85,18,1,steady wellbeing pattern,maintenance,ease
Locally advanced,Rectum,True,True,7,Both,False,6,91,7,5,Fair,Comfortable,Moderate,1,0.02,-27,-2,low-energy recovery pattern,rest,ease
Early,Left colon,False,False,0,Not applicable,False,10,85,6.5,3,Fair,Comfortable,Moderate,1,0.09,13,2,steady wellbeing pattern,maintenance,ease
Locally advanced,Right colon,True,False,0,Not applicable,False,4,20,6.5,1,Fair,Comfortable,Low,1,0.25,25,0,low-activity recovery pattern,movement,ease
Unknown,Unknown,True,True,5,After surgery,False,5,142,7,2,Fair,Occasional discomfort,Low,1,0.53,20,1,steady wellbeing pattern,maintenance,ease
Unknown,Left colon,False,True,12,Both,False,7,45,7,4,Fair,Occasional discomfort,Moderate,2,0.27,26,-2,low-energy recovery pattern,rest,ease
Unknown,Left colon,True,True,9,Both,False,6,18,8,4,Good,Occasional discomfort,Low,3,0.45,-20,-1,low-energy recovery pattern,rest,maintain
Unknown,Unknown,True,False,0,Not applicable,True,4,95,7,4,Good,Occasional discomfort,High,0,0.47,-29,-1,low-energy recovery pattern,rest,maintain
Locally advanced,Right colon,True,True,8,After surgery,False,4,127,6,5,Fair,Occasional discomfort,Low,1,0.07,30,2,low-energy recovery pattern,rest,ease
Locally advanced,Right colon,True,True,11,After surgery,False,6,75,8,5,Fair,Occasional discomfort,Moderate,1,0.98,15,0,low-energy recovery pattern,rest,progress
Early,Rectum,True,False,0,Not applicable,False,6,82,6,3,Fair,Occasional discomfort,Low,1,0.09,10,0,low-energy recovery pattern,rest,ease
Locally advanced,Left colon,True,True,7,Before surgery,False,9,113,7,1,Fair,Occasional discomfort,Moderate,0,0.49,-21,0,steady wellbeing pattern,maintenance,maintain
Unknown,Rectum,True,False,0,Not applicable,False,8,108,5.5,4,Good,Comfortable,High,1,0.93,-28,2,low-energy recovery pattern,rest,ease
Metastatic,Left colon,False,True,6,After surgery,True,8,108,8,2,Good,Occasional discomfort,Moderate,1,0.51,0,1,steady wellbeing pattern,maintenance,ease
Early,Unknown,True,True,7,After surgery,True,6,106,7,3,Good,Comfortable,Low,2,0.49,-13,1,steady wellbeing pattern,maintenance,ease
Locally advanced,Unknown,True,True,9,Both,False,6,141,7.5,1,Fair,Occasional discomfort,Low,0,0.97,-23,-2,steady wellbeing pattern,maintenance,maintain
Unknown,Unknown,True,True,8,After surgery,False,9,132,6.5,4,Poor,Occasional discomfort,High,0,0.68,0,2,bowel-comfort support pattern,nutrition,ease
Early,Right colon,True,False,0,Not applicable,False,2,77,7.5,5,Fair,Occasional discomfort,High,2,0.31,3,0,low-energy recovery pattern,rest,maintain
Locally advanced,Left colon,False,False,0,Not applicable,False,4,63,5.5,1,Good,Persistent discomfort,Moderate,1,0.92,-27,0,bowel-comfort support pattern,nutrition,maintain
Locally advanced,Right colon,True,True,12,Both,False,8,65,7,3,Good,Comfortable,Moderate,3,0.43,6,0,steady wellbeing pattern,maintenance,maintain
Locally advanced,Unknown,False,False,0,Not applicable,False,8,92,5.5,5,Poor,Comfortable,Moderate,1,0.64,6,2,bowel-comfort support pattern,nutrition,ease
Locally advanced,Unknown,True,False,0,Not applicable,False,7,70,6,1,Fair,Occasional discomfort,Moderate,1,0.66,-25,2,low-energy recovery pattern,rest,ease
Locally advanced,Left colon,False,True,10,Both,False,7,37,7,2,Poor,Persistent discomfort,Moderate,1,0.06,-18,0,bowel-comfort support pattern,nutrition,ease
Unknown,Rectum,False,False,0,Not applicable,False,10,53,8,2,Good,Occasional discomfort,Moderate,0,0.1,16,-1,steady wellbeing pattern,maintenance,ease
Metastatic,Left colon,True,False,0,Not applicable,False,10,138,7,1,Good,Comfortable,High,3,0.39,-13,0,low-energy recovery pattern,rest,maintain
Unknown,Unknown,True,True,11,Both,False,2,114,7.5,4,Fair,Occasional discomfort,High,2,0.53,9,1,low-energy recovery pattern,rest,ease
Locally advanced,Rectum,True,False,0,Not applicable,False,2,13,7,4,Poor,Persistent discomfort,Low,0,0.77,0,2,bowel-comfort support pattern,nutrition,ease
Locally advanced,Unknown,True,True,11,Both,False,7,80,7,2,Poor,Occasional discomfort,Low,1,0.95,19,-1,bowel-comfort support pattern,nutrition,progress
Locally advanced,Right colon,False,False,0,Not applicable,True,2,87,6,3,Poor,Occasional discomfort,High,1,0.3,17,1,bowel-comfort support pattern,nutrition,ease
Unknown,Unknown,True,True,7,Before surgery,True,3,128,6,4,Good,Comfortable,High,0,0.08,-29,1,low-energy recovery pattern,rest,ease
Unknown,Rectum,True,False,0,Not applicable,False,8,150,7.5,4,Poor,Occasional discomfort,Moderate,1,0.49,-18,0,bowel-comfort support pattern,nutrition,maintain
Locally advanced,Rectum,False,True,11,After surgery,False,2,44,6.5,3,Good,Occasional discomfort,Low,2,0.09,6,-2,low-activity recovery pattern,movement,ease
Locally advanced,Left colon,True,False,0,Not applicable,True,8,33,6,1,Fair,Occasional discomfort,High,0,0.89,-5,0,low-energy recovery pattern,rest,maintain
Early,Rectum,True,True,8,After surgery,False,9,116,6,4,Fair,Occasional discomfort,Low,2,0.86,8,1,low-energy recovery pattern,rest,ease
Locally advanced,Unknown,False,True,6,Both,False,6,20,5.5,4,Poor,Occasional discomfort,Moderate,1,0.7,-4,1,bowel-comfort support pattern,nutrition,ease
Metastatic,Unknown,False,True,10,Both,True,2,112,5.5,1,Fair,Comfortable,Moderate,2,0.07,-12,0,low-energy recovery pattern,rest,ease
Unknown,Unknown,False,True,6,Before surgery,False,8,148,7,2,Fair,Occasional discomfort,High,2,0.24,-19,0,low-energy recovery pattern,rest,ease
Early,Unknown,True,True,10,Both,False,4,143,7.5,5,Fair,Persistent discomfort,Moderate,1,0.53,-30,0,bowel-comfort support pattern,nutrition,maintain
Early,Unknown,False,True,10,Both,False,9,13,6,1,Fair,Comfortable,Moderate,1,0.68,6,1,low-energy recovery pattern,rest,ease
Metastatic,Rectum,True,True,8,Both,False,8,67,8,4,Fair,Persistent discomfort,Low,0,0.09,-19,0,bowel-comfort support pattern,nutrition,ease
Locally advanced,Rectum,False,False,0,Not applicable,False,9,63,7.5,3,Good,Occasional discomfort,High,0,0.72,14,0,low-energy recovery pattern,rest,progress
Early,Unknown,True,True,7,Before surgery,False,6,107,5.5,4,Fair,Occasional discomfort,Low,1,0.77,-21,-1,low-energy recovery pattern,rest,maintain
Early,Rectum,False,True,4,Both,False,10,19,7,3,Good,Comfortable,Moderate,2,0.37,30,0,low-activity recovery pattern,movement,maintain
Unknown,Rectum,False,False,0,Not applicable,False,8,108,7.5,3,Fair,Occasional discomfort,Moderate,1,0.18,29,-1,steady wellbeing pattern,maintenance,ease
Early,Unknown,True,False,0,Not applicable,False,2,12,6.5,3,Fair,Occasional discomfort,Low,0,0.21,-30,1,low-activity recovery pattern,movement,ease
Unknown,Left colon,True,False,0,Not applicable,True,2,121,7,4,Good,Comfortable,Low,1,0.85,-1,-1,low-energy recovery pattern,rest,maintain
Early,Right colon,True,False,0,Not applicable,False,8,41,7.5,2,Poor,Comfortable,Low,0,0.42,-14,-2,bowel-comfort support pattern,nutrition,maintain
Early,Unknown,True,False,0,Not applicable,True,10,66,7,4,Good,Persistent discomfort,Moderate,2,0.45,-24,0,bowel-comfort support pattern,nutrition,maintain
Metastatic,Left colon,False,True,8,After surgery,False,10,137,7.5,4,Good,Comfortable,Low,0,0.92,15,-2,low-energy recovery pattern,rest,progress
Locally advanced,Rectum,False,True,5,After surgery,True,7,115,7,1,Fair,Occasional discomfort,Moderate,0,0.13,25,0,steady wellbeing pattern,maintenance,ease
Locally advanced,Left colon,True,False,0,Not applicable,False,8,81,5.5,5,Fair,Occasional discomfort,High,2,0.96,17,-1,low-energy recovery pattern,rest,progress
Early,Left colon,True,True,11,Both,False,7,120,6.5,3,Poor,Occasional discomfort,Low,0,0.62,18,-1,bowel-comfort support pattern,nutrition,maintain
Early,Rectum,True,False,0,Not applicable,False,2,114,8,5,Fair,Occasional discomfort,Low,0,0.26,26,0,low-energy recovery pattern,rest,ease
Locally advanced,Unknown,True,False,0,Not applicable,False,8,45,6,2,Poor,Occasional discomfort,Moderate,0,0.77,-4,2,bowel-comfort support pattern,nutrition,ease
Unknown,Rectum,False,False,0,Not applicable,False,5,90,7.5,4,Fair,Occasional discomfort,Moderate,0,0.28,-16,1,low-energy recovery pattern,rest,ease
Locally advanced,Right colon,True,True,9,After surgery,True,2,19,5.5,3,Fair,Persistent discomfort,Low,3,0.4,19,-1,bowel-comfort support pattern,nutrition,maintain
Metastatic,Rectum,True,True,9,Before surgery,True,9,116,6,2,Fair,Comfortable,High,1,0.45,18,0,low-energy recovery pattern,rest,maintain
Early,Left colon,True,False,0,Not applicable,False,8,47,7,1,Poor,Comfortable,Moderate,1,0.3,-25,0,bowel-comfort support pattern,nutrition,maintain
Locally advanced,Rectum,True,False,0,Not applicable,False,2,111,7,1,Fair,Comfortable,High,1,0.71,-23,-2,low-energy recovery pattern,rest,maintain
Early,Unknown,False,False,0,Not applicable,False,10,116,6,5,Fair,Comfortable,High,2,0.12,-29,2,low-energy recovery pattern,rest,ease
Early,Unknown,False,False,0,Not applicable,False,6,80,5.5,3,Fair,Persistent discomfort,Moderate,0,0.63,-27,0,bowel-comfort support pattern,nutrition,maintain
Early,Left colon,True,True,5,Both,True,7,88,7.5,2,Good,Persistent discomfort,High,1,0.28,29,0,bowel-comfort support pattern,nutrition,ease
Locally advanced,Left colon,True,True,10,Both,False,9,133,7,3,Good,Comfortable,Moderate,2,0.14,-11,2,steady wellbeing pattern,maintenance,ease
Early,Right colon,True,False,0,Not applicable,False,8,75,5.5,3,Fair,Occasional discomfort,High,0,0.25,24,0,low-energy recovery pattern,rest,ease
Metastatic,Left colon,False,True,9,After surgery,False,6,40,5.5,3,Fair,Occasional discomfort,Low,1,0.48,3,0,low-energy recovery pattern,rest,maintain
Unknown,Left colon,False,True,9,Both,True,2,118,7,5,Fair,Occasional discomfort,Moderate,2,0.27,27,-1,low-energy recovery pattern,rest,ease
Locally advanced,Rectum,False,True,9,Before surgery,False,9,77,8,4,Fair,Persistent discomfort,Low,0,0.1,-9,-1,bowel-comfort support pattern,nutrition,ease
Early,Rectum,True,False,0,Not applicable,False,5,84,6.5,5,Fair,Occasional discomfort,Low,3,0.16,-14,2,low-energy recovery pattern,rest,ease
Locally advanced,Right colon,False,True,10,Both,False,8,72,7.5,5,Good,Comfortable,Moderate,0,0.97,18,0,low-energy recovery pattern,rest,progress
Early,Unknown,True,False,0,Not applicable,False,2,83,7,3,Poor,Occasional discomfort,Moderate,1,0.81,-9,1,bowel-comfort support pattern,nutrition,ease
Metastatic,Left colon,True,False,0,Not applicable,False,5,49,6.5,5,Good,Occasional discomfort,High,1,0.32,-5,-1,low-energy recovery pattern,rest,maintain
Metastatic,Left colon,False,True,11,Both,False,9,129,8,3,Fair,Occasional discomfort,High,2,0.03,-4,-1,low-energy recovery pattern,rest,ease
Early,Left colon,True,False,0,Not applicable,False,8,133,7,5,Fair,Occasional discomfort,High,0,0.57,-29,-1,low-energy recovery pattern,rest,maintain
Locally advanced,Right colon,False,True,6,Both,False,8,78,8,2,Good,Persistent discomfort,Low,1,0.91,19,-2,bowel-comfort support pattern,nutrition,progress
Early,Rectum,False,True,7,After surgery,False,9,135,6,5,Poor,Occasional discomfort,Low,0,0.76,-25,1,bowel-comfort support pattern,nutrition,ease
Early,Left colon,True,True,8,Both,False,7,139,8,1,Good,Occasional discomfort,High,0,0.55,-13,-2,low-energy recovery pattern,rest,maintain
Early,Left colon,False,True,5,Before surgery,True,3,91,6,3,Good,Occasional discomfort,Moderate,1,0.32,8,0,low-energy recovery pattern,rest,maintain
Early,Left colon,True,False,0,Not applicable,False,9,115,6,2,Fair,Occasional discomfort,Low,2,0.35,3,1,low-energy recovery pattern,rest,ease
Unknown,Unknown,True,False,0,Not applicable,True,9,53,5.5,3,Poor,Occasional discomfort,High,1,0.38,-3,0,bowel-comfort support pattern,nutrition,maintain
Metastatic,Rectum,True,False,0,Not applicable,False,7,49,6,4,Fair,Comfortable,Low,0,0.56,15,1,low-energy recovery pattern,rest,ease
Unknown,Left colon,True,True,7,After surgery,False,6,141,7.5,4,Poor,Occasional discomfort,Low,1,0.03,-24,0,bowel-comfort support pattern,nutrition,ease
Locally advanced,Right colon,True,True,7,Both,True,3,65,7,3,Fair,Occasional discomfort,Moderate,1,0.86,6,0,hydration support pattern,hydration,progress
Early,Left colon,True,True,11,After surgery,False,8,101,6.5,5,Good,Persistent discomfort,Low,0,0.45,-12,0,bowel-comfort support pattern,nutrition,maintain
Unknown,Rectum,True,False,0,Not applicable,False,7,59,6,3,Poor,Occasional discomfort,Low,0,0.97,28,-1,bowel-comfort support pattern,nutrition,progress
Unknown,Rectum,True,True,12,After surgery,False,2,145,8,5,Good,Comfortable,Moderate,0,0.4,-4,2,low-energy recovery pattern,rest,ease
Unknown,Unknown,True,True,8,Both,True,6,99,7.5,4,Poor,Comfortable,High,1,0.59,-3,-1,bowel-comfort support pattern,nutrition,maintain
Metastatic,Left colon,False,True,4,Both,False,5,113,5.5,5,Good,Comfortable,High,0,0.33,18,0,low-energy recovery pattern,rest,maintain
Unknown,Unknown,False,True,8,Both,False,8,92,6.5,2,Fair,Comfortable,Low,1,0.65,20,2,steady wellbeing pattern,maintenance,ease
Early,Unknown,True,False,0,Not applicable,False,4,100,7.5,4,Fair,Occasional discomfort,Moderate,1,0.1,21,0,low-energy recovery pattern,rest,ease
Locally advanced,Left colon,True,True,5,Both,False,4,41,7.5,4,Fair,Persistent discomfort,Moderate,0,0.49,-23,1,bowel-comfort support pattern,nutrition,ease
Locally advanced,Left colon,True,False,0,Not applicable,False,10,67,6.5,3,Poor,Occasional discomfort,Low,1,0.31,-17,0,bowel-comfort support pattern,nutrition,maintain
Early,Right colon,True,True,8,Before surgery,False,6,66,5.5,1,Fair,Occasional discomfort,Low,1,0.97,-3,-2,low-energy recovery pattern,rest,maintain
Locally advanced,Right colon,True,True,8,After surgery,False,4,115,6,5,Good,Persistent discomfort,Moderate,0,0.85,5,1,bowel-comfort support pattern,nutrition,ease
Locally advanced,Left colon,True,True,12,Both,True,5,19,7.5,1,Fair,Occasional discomfort,High,0,0.56,-20,-2,low-energy recovery pattern,rest,maintain
Unknown,Unknown,True,False,0,Not applicable,False,3,100,8,4,Fair,Comfortable,High,0,0.13,-20,1,low-energy recovery pattern,rest,ease
Locally advanced,Left colon,False,True,8,After surgery,False,7,76,6,5,Fair,Occasional discomfort,Moderate,1,0.54,-22,0,low-energy recovery pattern,rest,maintain
Early,Rectum,True,False,0,Not applicable,False,2,70,6,4,Fair,Occasional discomfort,Moderate,0,0.9,-13,2,low-energy recovery pattern,rest,ease
Locally advanced,Right colon,False,False,0,Not applicable,False,6,137,7.5,1,Good,Comfortable,Moderate,1,0.41,17,-1,steady wellbeing pattern,maintenance,maintain
Early,Rectum,False,True,6,Before surgery,True,2,38,6.5,3,Fair,Comfortable,Moderate,2,0.12,-14,1,low-activity recovery pattern,movement,ease
Early,Rectum,True,True,6,After surgery,False,6,26,8,5,Fair,Occasional discomfort,Moderate,1,0.1,15,1,low-energy recovery pattern,rest,ease
Early,Unknown,True,True,8,Both,True,3,40,5.5,5,Fair,Comfortable,Low,1,0.87,19,2,low-energy recovery pattern,rest,ease
Locally advanced,Rectum,True,False,0,Not applicable,True,10,60,8,3,Fair,Comfortable,High,0,0.53,12,0,low-energy recovery pattern,rest,maintain
Early,Right colon,True,True,5,Before surgery,True,8,57,5.5,4,Fair,Occasional discomfort,Low,0,0.74,17,0,low-energy recovery pattern,rest,progress
Locally advanced,Unknown,True,True,10,After surgery,False,6,28,7,1,Fair,Comfortable,Low,1,0.89,-14,-2,low-activity recovery pattern,movement,maintain
Locally advanced,Rectum,True,True,8,After surgery,False,3,83,5.5,2,Fair,Occasional discomfort,Moderate,0,0.73,12,1,low-energy recovery pattern,rest,ease
Unknown,Rectum,False,False,0,Not applicable,False,2,29,7.5,3,Fair,Occasional discomfort,Low,1,0.92,27,1,low-activity recovery pattern,movement,ease
Early,Unknown,True,True,12,Before surgery,False,8,103,7,4,Fair,Occasional discomfort,High,0,0.71,-14,-2,low-energy recovery pattern,rest,maintain
Early,Right colon,False,True,4,After surgery,False,7,147,7.5,5,Good,Persistent discomfort,Low,1,0.95,-14,0,bowel-comfort support pattern,nutrition,maintain
Metastatic,Unknown,False,False,0,Not applicable,False,10,108,6,5,Fair,Occasional discomfort,Low,2,0.99,-26,0,low-energy recovery pattern,rest,maintain
Early,Unknown,False,True,8,Both,False,4,112,8,5,Poor,Occasional discomfort,Moderate,1,0.65,20,-2,bowel-comfort support pattern,nutrition,maintain
Early,Right colon,False,False,0,Not applicable,False,6,63,5.5,4,Good,Comfortable,High,0,0.46,-19,-2,low-energy recovery pattern,rest,maintain
Locally advanced,Unknown,True,True,7,Both,False,6,12,6,2,Fair,Comfortable,Low,1,0.65,-24,1,low-energy recovery pattern,rest,ease
Locally advanced,Left colon,False,False,0,Not applicable,False,6,58,5.5,3,Good,Persistent discomfort,High,0,0.24,13,1,bowel-comfort support pattern,nutrition,ease
Early,Left colon,True,True,5,Before surgery,True,7,149,7.5,1,Fair,Occasional discomfort,High,2,0.72,1,1,low-energy recovery pattern,rest,ease
Early,Right colon,True,True,12,Before surgery,False,8,59,6,4,Fair,Occasional discomfort,Moderate,1,0.75,-10,0,low-energy recovery pattern,rest,maintain
Locally advanced,Left colon,False,True,10,Before surgery,True,6,125,7.5,1,Fair,Persistent discomfort,Moderate,1,0.72,17,1,bowel-comfort support pattern,nutrition,ease
Early,Right colon,False,False,0,Not applicable,False,8,98,6.5,4,Fair,Comfortable,Low,0,0.18,24,-1,low-energy recovery pattern,rest,ease
Early,Unknown,True,True,11,After surgery,False,8,120,7.5,2,Fair,Persistent discomfort,High,2,0.62,13,1,bowel-comfort support pattern,nutrition,ease
Locally advanced,Right colon,True,True,9,Before surgery,False,6,148,8,1,Good,Comfortable,Low,2,0.95,11,1,steady wellbeing pattern,maintenance,ease
Locally advanced,Rectum,True,True,10,Both,False,10,84,7.5,5,Good,Comfortable,High,3,0.91,-4,2,low-energy recovery pattern,rest,ease
Early,Rectum,False,True,9,After surgery,False,6,54,7,4,Fair,Occasional discomfort,Low,1,0.55,-29,2,low-energy recovery pattern,rest,ease
Early,Right colon,True,True,11,Both,False,8,16,5.5,4,Fair,Occasional discomfort,Low,2,0.25,7,2,low-energy recovery pattern,rest,ease
Early,Right colon,False,True,6,Both,False,2,24,7.5,2,Fair,Comfortable,Moderate,1,0.22,11,-1,low-activity recovery pattern,movement,ease
Early,Right colon,True,False,0,Not applicable,True,7,16,5.5,4,Fair,Comfortable,Low,2,0.92,-20,0,low-energy recovery pattern,rest,maintain
Locally advanced,Unknown,True,True,4,Both,False,9,136,7.5,4,Good,Comfortable,High,0,0.39,-17,2,low-energy recovery pattern,rest,ease
Unknown,Right colon,True,False,0,Not applicable,False,10,65,7,3,Poor,Occasional discomfort,Moderate,1,0.68,6,-1,bowel-comfort support pattern,nutrition,maintain
Early,Rectum,True,True,11,Before surgery,False,5,78,8,2,Fair,Comfortable,Low,0,0.74,-5,0,steady wellbeing pattern,maintenance,maintain
Locally advanced,Left colon,False,False,0,Not applicable,False,2,46,6,4,Good,Comfortable,Moderate,0,0.54,13,-1,low-energy recovery pattern,rest,maintain
Locally advanced,Rectum,True,False,0,Not applicable,True,9,137,7.5,5,Fair,Occasional discomfort,Low,2,0.4,3,0,low-energy recovery pattern,rest,maintain
Metastatic,Right colon,False,True,10,Both,False,10,59,6,1,Good,Occasional discomfort,Moderate,2,0.73,17,-1,low-energy recovery pattern,rest,progress
Early,Left colon,True,False,0,Not applicable,True,7,19,8,2,Good,Occasional discomfort,Moderate,0,0.25,5,0,low-activity recovery pattern,movement,ease
Locally advanced,Unknown,False,True,10,Before surgery,True,9,45,6,5,Good,Comfortable,Low,1,0.27,18,-2,low-energy recovery pattern,rest,ease
Early,Rectum,True,True,11,Both,False,9,53,7,3,Poor,Occasional discomfort,Moderate,0,0.73,2,2,bowel-comfort support pattern,nutrition,ease
Early,Rectum,True,False,0,Not applicable,False,5,141,7.5,3,Poor,Comfortable,Low,0,0.29,21,-1,bowel-comfort support pattern,nutrition,ease
Early,Unknown,True,False,0,Not applicable,True,2,73,6,1,Good,Occasional discomfort,Low,0,0.16,-8,0,low-energy recovery pattern,rest,ease
Early,Left colon,True,True,9,Before surgery,False,3,130,5.5,4,Poor,Occasional discomfort,Moderate,0,0.77,19,2,bowel-comfort support pattern,nutrition,ease
Unknown,Unknown,False,False,0,Not applicable,False,10,12,6,2,Poor,Occasional discomfort,High,1,0.21,-4,0,bowel-comfort support pattern,nutrition,ease
Metastatic,Rectum,True,True,11,Before surgery,False,4,90,7,3,Fair,Occasional discomfort,Moderate,2,0.21,-25,2,hydration support pattern,hydration,ease
Locally advanced,Unknown,False,False,0,Not applicable,False,5,109,7,5,Good,Occasional discomfort,Moderate,1,0.65,-12,2,low-energy recovery pattern,rest,ease
Locally advanced,Right colon,True,False,0,Not applicable,True,2,137,6.5,5,Good,Comfortable,High,2,0.4,-21,1,low-energy recovery pattern,rest,ease
Locally advanced,Right colon,True,False,0,Not applicable,False,6,116,7.5,5,Fair,Occasional discomfort,Moderate,2,0.73,-3,1,low-energy recovery pattern,rest,ease
Early,Right colon,True,True,12,Before surgery,False,4,146,7.5,2,Good,Comfortable,Low,2,0.95,14,-2,hydration support pattern,hydration,progress
Locally advanced,Unknown,True,False,0,Not applicable,False,4,85,8,5,Good,Comfortable,Moderate,0,0.57,-3,0,low-energy recovery pattern,rest,maintain
Unknown,Right colon,True,True,9,Before surgery,False,4,76,7.5,1,Good,Occasional discomfort,Moderate,1,0.06,5,2,hydration support pattern,hydration,ease
Locally advanced,Rectum,False,False,0,Not applicable,False,10,45,6,4,Good,Occasional discomfort,Moderate,1,0.85,-28,1,low-energy recovery pattern,rest,ease
Locally advanced,Unknown,True,True,7,Before surgery,True,5,139,7,3,Good,Occasional discomfort,Low,1,0.17,-4,1,steady wellbeing pattern,maintenance,ease
Locally advanced,Left colon,False,True,12,After surgery,False,8,54,6,2,Poor,Persistent discomfort,High,1,0.46,25,0,bowel-comfort support pattern,nutrition,maintain
Early,Rectum,True,False,0,Not applicable,True,7,113,6,1,Poor,Occasional discomfort,Moderate,0,0.43,3,-1,bowel-comfort support pattern,nutrition,maintain
Early,Left colon,True,False,0,Not applicable,False,10,78,5.5,5,Fair,Occasional discomfort,Moderate,3,1.0,-19,2,low-energy recovery pattern,rest,ease
Unknown,Rectum,False,False,0,Not applicable,False,2,16,7.5,2,Poor,Occasional discomfort,Moderate,1,0.82,21,0,bowel-comfort support pattern,nutrition,progress
Early,Rectum,True,False,0,Not applicable,False,8,100,5.5,3,Poor,Occasional discomfort,High,1,0.95,-26,1,bowel-comfort support pattern,nutrition,ease
Unknown,Left colon,True,False,0,Not applicable,False,5,144,7.5,4,Good,Comfortable,High,0,0.32,-25,-2,low-energy recovery pattern,rest,maintain
Metastatic,Left colon,True,False,0,Not applicable,True,5,94,7,3,Fair,Occasional discomfort,High,1,0.73,17,0,low-energy recovery pattern,rest,progress
Early,Right colon,True,False,0,Not applicable,False,4,63,7,5,Fair,Comfortable,Moderate,0,0.67,-17,0,low-energy recovery pattern,rest,maintain
Locally advanced,Rectum,True,True,7,After surgery,False,6,66,6.5,3,Good,Comfortable,Moderate,2,0.23,-6,0,steady wellbeing pattern,maintenance,ease
Early,Unknown,False,True,10,After surgery,False,5,62,8,2,Fair,Comfortable,High,0,0.97,-27,2,low-energy recovery pattern,rest,ease
Metastatic,Unknown,True,True,9,Before surgery,False,2,100,8,3,Fair,Occasional discomfort,Moderate,3,0.34,3,0,hydration support pattern,hydration,maintain
Locally advanced,Unknown,True,False,0,Not applicable,True,4,140,7,4,Fair,Comfortable,Low,1,0.22,-30,0,low-energy recovery pattern,rest,ease
Locally advanced,Right colon,True,True,11,Before surgery,False,4,131,5.5,1,Good,Occasional discomfort,Moderate,2,0.56,-25,0,low-energy recovery pattern,rest,maintain
Locally advanced,Left colon,True,True,12,After surgery,False,4,82,6,1,Fair,Comfortable,Moderate,1,0.19,-2,2,low-energy recovery pattern,rest,ease
Metastatic,Unknown,True,True,8,Before surgery,True,5,90,7,2,Poor,Comfortable,Moderate,0,0.26,-30,-1,bowel-comfort support pattern,nutrition,ease
Early,Right colon,True,False,0,Not applicable,False,10,72,7.5,3,Fair,Persistent discomfort,Low,0,0.92,10,-1,bowel-comfort support pattern,nutrition,progress
Locally advanced,Rectum,True,False,0,Not applicable,True,5,45,6.5,5,Fair,Occasional discomfort,Moderate,1,0.54,14,1,low-energy recovery pattern,rest,ease
Early,Right colon,True,False,0,Not applicable,False,6,23,7.5,5,Good,Comfortable,Low,0,0.54,-5,-1,low-energy recovery pattern,rest,maintain
Unknown,Left colon,True,False,0,Not applicable,False,10,39,7.5,5,Poor,Occasional discomfort,Low,0,0.68,5,0,bowel-comfort support pattern,nutrition,maintain
Early,Right colon,True,True,11,Both,False,5,45,5.5,2,Fair,Occasional discomfort,Moderate,1,0.67,6,-2,low-energy recovery pattern,rest,maintain
Locally advanced,Right colon,False,False,0,Not applicable,False,7,145,8,5,Poor,Comfortable,Low,0,0.92,6,2,bowel-comfort support pattern,nutrition,ease
Locally advanced,Rectum,True,False,0,Not applicable,False,2,24,7,1,Poor,Occasional discomfort,Moderate,1,0.7,-29,2,bowel-comfort support pattern,nutrition,ease
Unknown,Rectum,True,True,6,After surgery,False,2,78,7,3,Fair,Comfortable,High,1,0.96,-25,-2,low-energy recovery pattern,rest,maintain
Early,Left colon,True,False,0,Not applicable,False,6,48,8,5,Good,Occasional discomfort,High,0,0.73,-12,-1,low-energy recovery pattern,rest,maintain
Locally advanced,Unknown,True,False,0,Not applicable,False,8,32,7,5,Good,Occasional discomfort,Moderate,0,0.75,20,-2,low-energy recovery pattern,rest,progress
Metastatic,Right colon,True,False,0,Not applicable,False,5,92,6.5,2,Fair,Persistent discomfort,Moderate,1,0.85,13,-2,bowel-comfort support pattern,nutrition,progress
Early,Unknown,True,True,11,After surgery,False,6,35,6,3,Poor,Occasional discomfort,Low,3,0.06,2,0,bowel-comfort support pattern,nutrition,ease
Unknown,Rectum,True,False,0,Not applicable,True,6,83,8,5,Good,Occasional discomfort,Moderate,1,0.49,-10,0,low-energy recovery pattern,rest,maintain
Early,Rectum,True,False,0,Not applicable,True,8,118,8,4,Fair,Occasional discomfort,Moderate,0,0.15,-13,0,low-energy recovery pattern,rest,ease
Locally advanced,Left colon,False,False,0,Not applicable,False,9,130,5.5,4,Good,Persistent discomfort,Low,1,0.39,-20,0,bowel-comfort support pattern,nutrition,maintain
Early,Rectum,True,True,4,Before surgery,False,2,51,7,3,Fair,Occasional discomfort,Moderate,0,0.18,23,1,hydration support pattern,hydration,ease
Unknown,Left colon,True,False,0,Not applicable,False,2,66,5.5,1,Good,Occasional discomfort,Moderate,1,0.4,28,2,low-energy recovery pattern,rest,ease
Early,Unknown,True,True,4,Before surgery,False,9,36,8,3,Poor,Occasional discomfort,Moderate,1,0.55,22,2,bowel-comfort support pattern,nutrition,ease
Early,Unknown,True,True,11,After surgery,True,7,147,7.5,3,Fair,Comfortable,Low,0,0.43,-28,-2,steady wellbeing pattern,maintenance,maintain
Locally advanced,Rectum,True,True,12,After surgery,True,7,140,6.5,5,Fair,Occasional discomfort,High,0,0.55,-1,2,low-energy recovery pattern,rest,ease
Early,Rectum,True,False,0,Not applicable,False,6,21,8,4,Good,Occasional discomfort,Moderate,1,0.78,27,-2,low-energy recovery pattern,rest,progress
Metastatic,Unknown,True,False,0,Not applicable,False,2,34,8,3,Good,Comfortable,Moderate,1,0.49,11,-1,low-activity recovery pattern,movement,maintain
Early,Left colon,True,True,6,Before surgery,False,4,24,8,2,Good,Persistent discomfort,High,0,0.58,7,1,bowel-comfort support pattern,nutrition,ease
Locally advanced,Right colon,True,True,7,Both,False,6,64,5.5,5,Good,Comfortable,Moderate,2,0.4,-12,0,low-energy recovery pattern,rest,maintain
Locally advanced,Rectum,True,False,0,Not applicable,False,2,42,6.5,5,Good,Persistent discomfort,Moderate,3,0.25,-3,2,bowel-comfort support pattern,nutrition,ease
Unknown,Unknown,True,False,0,Not applicable,False,3,27,6,1,Fair,Occasional discomfort,Moderate,1,0.98,20,-2,low-energy recovery pattern,rest,progress
Unknown,Left colon,True,False,0,Not applicable,True,4,148,7.5,3,Good,Comfortable,High,1,0.74,18,-2,low-energy recovery pattern,rest,progress
Early,Left colon,True,False,0,Not applicable,False,9,141,6.5,3,Good,Comfortable,Moderate,1,0.5,-11,0,steady wellbeing pattern,maintenance,maintain
Early,Rectum,True,True,11,Both,False,5,143,6,1,Fair,Persistent discomfort,Low,0,0.59,30,0,bowel-comfort support pattern,nutrition,maintain
Locally advanced,Unknown,False,True,10,Before surgery,False,8,50,8,4,Fair,Comfortable,Low,0,0.98,-5,1,low-energy recovery pattern,rest,ease
Early,Rectum,True,True,8,After surgery,True,6,100,5.5,2,Good,Comfortable,Moderate,0,0.22,-22,2,low-energy recovery pattern,rest,ease
Early,Rectum,True,False,0,Not applicable,True,10,51,8,3,Poor,Occasional discomfort,Moderate,2,0.08,19,0,bowel-comfort support pattern,nutrition,ease
Early,Unknown,True,True,6,After surgery,True,4,58,7.5,5,Good,Comfortable,Moderate,0,0.53,-25,0,low-energy recovery pattern,rest,maintain
Metastatic,Right colon,True,True,10,After surgery,False,4,48,6.5,1,Good,Comfortable,Moderate,0,0.49,-4,-2,hydration support pattern,hydration,maintain
Unknown,Right colon,True,False,0,Not applicable,False,2,125,7.5,2,Good,Occasional discomfort,High,2,0.92,7,-2,low-energy recovery pattern,rest,progress
Early,Left colon,True,True,12,Before surgery,False,4,128,7.5,3,Poor,Comfortable,High,2,0.69,-22,-1,bowel-comfort support pattern,nutrition,maintain
Locally advanced,Right colon,True,True,7,Both,False,10,33,8,3,Good,Comfortable,Moderate,2,0.49,21,1,low-activity recovery pattern,movement,ease
Locally advanced,Left colon,True,True,5,Before surgery,False,6,19,7.5,5,Fair,Occasional discomfort,Low,1,0.35,29,0,low-energy recovery pattern,rest,maintain
Locally advanced,Right colon,True,True,11,Both,False,9,79,7.5,3,Poor,Comfortable,High,1,0.77,29,0,bowel-comfort support pattern,nutrition,progress
Early,Rectum,True,True,4,Before surgery,False,2,73,7.5,1,Fair,Persistent discomfort,Low,0,0.83,28,2,bowel-comfort support pattern,nutrition,ease
Locally advanced,Rectum,True,False,0,Not applicable,False,8,52,5.5,3,Fair,Occasional discomfort,High,2,0.57,-28,0,low-energy recovery pattern,rest,maintain
Early,Unknown,True,True,10,Before surgery,False,7,23,5.5,2,Fair,Persistent discomfort,Moderate,2,0.87,-16,-1,bowel-comfort support pattern,nutrition,maintain
Locally advanced,Unknown,True,True,4,After surgery,True,6,81,7.5,3,Fair,Occasional discomfort,Moderate,1,0.06,-30,0,steady wellbeing pattern,maintenance,ease
Metastatic,Left colon,True,True,12,After surgery,False,3,48,5.5,1,Good,Comfortable,Low,3,0.88,16,0,low-energy recovery pattern,rest,progress
Unknown,Unknown,True,False,0,Not applicable,False,7,83,8,4,Fair,Occasional discomfort,High,0,0.75,4,-1,low-energy recovery pattern,rest,progress
Locally advanced,Rectum,False,False,0,Not applicable,True,5,78,6,2,Good,Persistent discomfort,High,3,0.68,-4,-1,bowel-comfort support pattern,nutrition,maintain
Locally advanced,Rectum,False,True,6,After surgery,False,8,46,7,3,Fair,Persistent discomfort,Moderate,2,0.35,-21,1,bowel-comfort support pattern,nutrition,ease
Metastatic,Right colon,False,False,0,Not applicable,False,9,133,7.5,2,Fair,Comfortable,Moderate,1,0.8,2,-2,steady wellbeing pattern,maintenance,progress
Early,Rectum,True,False,0,Not applicable,False,6,36,6.5,5,Fair,Occasional discomfort,Low,1,0.05,21,-2,low-energy recovery pattern,rest,ease
Metastatic,Right colon,True,False,0,Not applicable,False,5,138,7.5,2,Fair,Occasional discomfort,Low,2,0.29,-5,0,steady wellbeing pattern,maintenance,ease
Locally advanced,Rectum,True,False,0,Not applicable,False,5,109,7,5,Poor,Comfortable,Low,2,0.88,2,-1,bowel-comfort support pattern,nutrition,progress
Early,Rectum,True,True,4,Both,False,8,148,6.5,5,Fair,Occasional discomfort,Moderate,1,0.06,-10,2,low-energy recovery pattern,rest,ease
Locally advanced,Rectum,True,True,11,Both,True,4,71,8,5,Good,Occasional discomfort,Moderate,1,0.15,19,-1,low-energy recovery pattern,rest,ease
Locally advanced,Right colon,True,True,9,Both,False,6,12,6,3,Good,Persistent discomfort,Low,2,0.01,-22,-2,bowel-comfort support pattern,nutrition,ease
Early,Unknown,True,False,0,Not applicable,False,10,38,8,2,Good,Occasional discomfort,High,1,0.93,-26,0,low-energy recovery pattern,rest,maintain
Locally advanced,Right colon,True,True,10,Before surgery,False,3,35,6,3,Good,Occasional discomfort,High,1,0.95,24,-1,low-energy recovery pattern,rest,progress
Unknown,Left colon,True,True,6,Both,False,6,138,7.5,3,Fair,Comfortable,Moderate,1,0.9,13,2,steady wellbeing pattern,maintenance,ease
Early,Left colon,True,True,7,After surgery,False,6,116,6.5,3,Fair,Comfortable,Low,2,0.66,27,-1,steady wellbeing pattern,maintenance,maintain
Early,Rectum,True,True,10,Before surgery,False,10,84,7.5,3,Good,Occasional discomfort,High,0,0.38,27,-1,low-energy recovery pattern,rest,maintain
Locally advanced,Rectum,False,False,0,Not applicable,False,7,38,7,4,Poor,Comfortable,Low,2,0.66,-16,-2,bowel-comfort support pattern,nutrition,maintain
Locally advanced,Left colon,True,True,6,After surgery,False,10,43,6,3,Fair,Occasional discomfort,Moderate,1,0.74,16,1,low-energy recovery pattern,rest,ease
Locally advanced,Left colon,True,False,0,Not applicable,False,2,126,6.5,4,Fair,Persistent discomfort,Moderate,2,0.66,-16,-1,bowel-comfort support pattern,nutrition,maintain
Metastatic,Unknown,True,False,0,Not applicable,False,10,11,7,5,Good,Occasional discomfort,Moderate,3,0.85,16,0,low-energy recovery pattern,rest,progress
Early,Unknown,False,False,0,Not applicable,True,6,146,7,1,Good,Comfortable,Low,0,0.08,-14,-2,steady wellbeing pattern,maintenance,ease
Metastatic,Left colon,True,False,0,Not applicable,False,3,34,6.5,3,Fair,Persistent discomfort,Moderate,1,0.86,-3,0,bowel-comfort support pattern,nutrition,maintain
Unknown,Right colon,True,True,5,After surgery,False,7,41,7,5,Fair,Comfortable,Moderate,0,0.49,8,0,low-energy recovery pattern,rest,maintain
Early,Right colon,True,True,5,Before surgery,False,7,27,8,5,Fair,Comfortable,High,0,0.59,-1,0,low-energy recovery pattern,rest,maintain
Locally advanced,Left colon,True,True,9,After surgery,False,9,104,5.5,1,Fair,Comfortable,Low,1,0.29,-1,0,low-energy recovery pattern,rest,ease
Early,Left colon,True,False,0,Not applicable,True,2,58,7.5,1,Good,Comfortable,Moderate,1,0.57,28,-1,hydration support pattern,hydration,maintain
Unknown,Right colon,True,False,0,Not applicable,True,9,23,6,1,Good,Occasional discomfort,Moderate,1,0.62,-10,1,low-energy recovery pattern,rest,ease
Locally advanced,Rectum,True,False,0,Not applicable,True,9,93,6.5,1,Fair,Comfortable,Moderate,0,0.45,13,2,steady wellbeing pattern,maintenance,ease
Early,Left colon,True,False,0,Not applicable,False,8,95,7,4,Good,Comfortable,Moderate,1,0.04,-2,-1,low-energy recovery pattern,rest,ease
Early,Left colon,True,True,11,Both,False,2,121,7.5,5,Good,Occasional discomfort,High,0,0.37,17,-2,low-energy recovery pattern,rest,maintain
Locally advanced,Rectum,True,True,4,Before surgery,True,3,116,7,2,Good,Comfortable,Moderate,1,0.75,-19,-1,hydration support pattern,hydration,maintain
Locally advanced,Unknown,True,False,0,Not applicable,False,3,142,6,4,Good,Occasional discomfort,High,0,0.44,6,-2,low-energy recovery pattern,rest,maintain
Unknown,Rectum,True,True,6,Before surgery,False,3,23,6,3,Poor,Persistent discomfort,Moderate,1,0.74,14,-1,bowel-comfort support pattern,nutrition,progress
Early,Unknown,True,False,0,Not applicable,True,8,135,7,4,Fair,Comfortable,High,1,0.22,9,1,low-energy recovery pattern,rest,ease
Locally advanced,Rectum,True,True,12,After surgery,False,10,32,6.5,4,Good,Comfortable,Moderate,1,0.13,-27,2,low-energy recovery pattern,rest,ease
Locally advanced,Right colon,True,True,7,After surgery,False,6,36,7,3,Fair,Comfortable,Moderate,0,0.92,-17,-1,low-activity recovery pattern,movement,maintain
Early,Left colon,True,True,6,Both,False,6,70,7.5,3,Fair,Comfortable,Low,0,0.4,-18,1,steady wellbeing pattern,maintenance,ease
Locally advanced,Left colon,True,True,7,After surgery,True,8,117,6.5,4,Good,Occasional discomfort,Low,2,0.31,9,0,low-energy recovery pattern,rest,maintain
Early,Left colon,True,True,5,After surgery,True,2,79,8,5,Fair,Occasional discomfort,Low,0,0.93,-28,-1,low-energy recovery pattern,rest,maintain
Early,Left colon,True,False,0,Not applicable,False,10,143,7,4,Fair,Comfortable,Low,0,0.14,-8,1,low-energy recovery pattern,rest,ease
Locally advanced,Right colon,False,False,0,Not applicable,False,9,85,7,4,Good,Persistent discomfort,Low,2,0.28,-5,1,bowel-comfort support pattern,nutrition,ease
Locally advanced,Rectum,True,False,0,Not applicable,False,5,42,7.5,3,Fair,Persistent discomfort,Low,0,0.73,9,2,bowel-comfort support pattern,nutrition,ease
Locally advanced,Unknown,True,True,9,After surgery,False,9,58,5.5,5,Poor,Comfortable,Moderate,1,0.04,25,-2,bowel-comfort support pattern,nutrition,ease
Unknown,Rectum,True,True,4,Before surgery,False,9,38,7.5,2,Good,Occasional discomfort,High,3,0.53,20,2,low-energy recovery pattern,rest,ease
Locally advanced,Unknown,False,True,12,Both,False,2,91,7,2,Poor,Occasional discomfort,Low,2,0.79,-6,2,bowel-comfort support pattern,nutrition,ease
Locally advanced,Left colon,False,True,5,After surgery,False,2,150,6,4,Fair,Persistent discomfort,Moderate,2,0.91,-7,1,bowel-comfort support pattern,nutrition,ease
Unknown,Left colon,False,False,0,Not applicable,False,7,95,5.5,5,Fair,Comfortable,Moderate,1,0.37,16,2,low-energy recovery pattern,rest,ease
Early,Left colon,False,True,11,Before surgery,False,4,14,6.5,2,Fair,Occasional discomfort,High,0,0.78,3,2,low-energy recovery pattern,rest,ease
Early,Unknown,True,True,12,Both,False,3,59,6.5,4,Good,Occasional discomfort,Low,0,0.53,4,0,low-energy recovery pattern,rest,maintain
Early,Left colon,False,False,0,Not applicable,True,4,121,7.5,1,Fair,Comfortable,Moderate,1,0.49,-28,1,hydration support pattern,hydration,ease
Locally advanced,Right colon,True,False,0,Not applicable,False,8,119,5.5,2,Poor,Occasional discomfort,Moderate,1,0.64,-6,2,bowel-comfort support pattern,nutrition,ease
Early,Rectum,True,True,12,Before surgery,False,10,76,6.5,3,Good,Occasional discomfort,Moderate,1,0.92,-13,0,steady wellbeing pattern,maintenance,maintain
Early,Right colon,True,False,0,Not applicable,True,7,126,7,1,Fair,Persistent discomfort,Low,0,0.88,29,-2,bowel-comfort support pattern,nutrition,progress
Unknown,Rectum,True,False,0,Not applicable,False,6,53,8,3,Fair,Occasional discomfort,Low,2,0.02,-23,2,steady wellbeing pattern,maintenance,ease
Locally advanced,Right colon,True,True,10,Before surgery,False,4,123,5.5,4,Good,Occasional discomfort,High,2,0.57,-29,-2,low-energy recovery pattern,rest,maintain
Locally advanced,Rectum,True,False,0,Not applicable,True,2,27,6.5,3,Poor,Persistent discomfort,High,0,0.12,-23,2,bowel-comfort support pattern,nutrition,ease
Metastatic,Rectum,False,True,6,After surgery,False,8,13,8,1,Poor,Comfortable,Low,3,0.29,-14,2,bowel-comfort support pattern,nutrition,ease
Early,Right colon,True,True,5,Both,False,6,42,6.5,5,Good,Occasional discomfort,Moderate,1,0.12,6,1,low-energy recovery pattern,rest,ease
Metastatic,Unknown,True,True,9,Before surgery,True,2,35,7.5,5,Good,Occasional discomfort,Moderate,3,0.49,22,2,low-energy recovery pattern,rest,ease
Early,Rectum,False,True,12,Before surgery,True,2,78,5.5,5,Good,Comfortable,Moderate,1,0.62,11,-1,low-energy recovery pattern,rest,maintain
Early,Rectum,False,True,12,Before surgery,False,3,63,8,5,Poor,Comfortable,Low,2,0.51,-2,0,bowel-comfort support pattern,nutrition,maintain
Metastatic,Right colon,True,True,12,Before surgery,False,4,88,5.5,1,Good,Comfortable,Low,2,0.86,-26,0,low-energy recovery pattern,rest,maintain
Locally advanced,Rectum,False,True,9,Before surgery,False,10,54,6,1,Poor,Comfortable,High,2,0.71,-11,-2,bowel-comfort support pattern,nutrition,maintain
Early,Rectum,True,False,0,Not applicable,False,2,85,6,2,Fair,Persistent discomfort,Moderate,1,0.73,-22,2,bowel-comfort support pattern,nutrition,ease
Early,Left colon,False,False,0,Not applicable,False,8,17,7,1,Fair,Occasional discomfort,Low,2,0.26,-10,-2,low-activity recovery pattern,movement,ease
Locally advanced,Rectum,True,True,7,Both,False,2,54,5.5,3,Poor,Comfortable,Moderate,2,0.58,29,-1,bowel-comfort support pattern,nutrition,maintain
Early,Left colon,True,False,0,Not applicable,False,9,23,6,1,Poor,Persistent discomfort,High,2,0.28,-10,0,bowel-comfort support pattern,nutrition,ease
Locally advanced,Left colon,True,True,10,Both,False,7,77,7.5,2,Fair,Occasional discomfort,High,1,0.73,-11,-1,low-energy recovery pattern,rest,maintain
Unknown,Left colon,False,True,8,Both,False,5,142,8,3,Fair,Comfortable,Low,1,0.06,-6,-1,steady wellbeing pattern,maintenance,ease
Unknown,Right colon,True,False,0,Not applicable,False,8,98,7,1,Fair,Occasional discomfort,Low,0,0.06,28,-1,steady wellbeing pattern,maintenance,ease
Unknown,Rectum,True,True,6,Both,False,10,90,6,4,Poor,Persistent discomfort,Moderate,2,0.6,-11,0,bowel-comfort support pattern,nutrition,maintain
Unknown,Rectum,True,False,0,Not applicable,False,7,81,7,1,Good,Persistent discomfort,Moderate,1,0.05,-11,2,bowel-comfort support pattern,nutrition,ease
Locally advanced,Right colon,True,True,11,Before surgery,False,8,110,7,5,Fair,Occasional discomfort,Moderate,0,0.59,-20,1,low-energy recovery pattern,rest,ease
Early,Rectum,True,True,12,After surgery,False,5,145,7,5,Fair,Occasional discomfort,High,1,0.64,-21,1,low-energy recovery pattern,rest,ease
Early,Left colon,True,True,5,Before surgery,False,9,107,7.5,1,Fair,Comfortable,Low,1,0.96,-10,0,steady wellbeing pattern,maintenance,maintain
Unknown,Unknown,False,True,7,Before surgery,True,3,85,6.5,4,Poor,Comfortable,Low,0,0.33,27,0,bowel-comfort support pattern,nutrition,maintain
Unknown,Unknown,False,True,11,After surgery,True,9,35,7,1,Fair,Occasional discomfort,High,2,0.45,10,0,low-energy recovery pattern,rest,maintain
Locally advanced,Unknown,False,True,7,After surgery,False,10,21,7.5,4,Fair,Occasional discomfort,Moderate,0,0.74,8,-1,low-energy recovery pattern,rest,progress
Unknown,Left colon,True,False,0,Not applicable,False,4,20,7.5,2,Fair,Comfortable,Moderate,1,0.94,20,-1,low-activity recovery pattern,movement,progress
Early,Right colon,False,False,0,Not applicable,True,8,45,5.5,2,Fair,Comfortable,Moderate,1,0.8,-26,0,low-energy recovery pattern,rest,maintain
Locally advanced,Rectum,True,False,0,Not applicable,False,6,67,6.5,2,Good,Persistent discomfort,High,2,0.31,-19,-1,bowel-comfort support pattern,nutrition,maintain
Locally advanced,Left colon,False,True,10,Before surgery,False,4,75,6,4,Fair,Persistent discomfort,Moderate,1,0.42,8,-1,bowel-comfort support pattern,nutrition,maintain
Metastatic,Rectum,True,False,0,Not applicable,False,3,40,6,5,Good,Occasional discomfort,Moderate,0,0.25,23,2,low-energy recovery pattern,rest,ease
Locally advanced,Unknown,True,False,0,Not applicable,False,5,108,7,2,Fair,Comfortable,High,1,0.01,-13,-2,low-energy recovery pattern,rest,ease
Metastatic,Rectum,True,True,10,After surgery,True,7,47,5.5,5,Good,Persistent discomfort,High,0,0.52,-13,0,bowel-comfort support pattern,nutrition,maintain
Early,Unknown,True,True,9,After surgery,False,9,125,7.5,2,Good,Comfortable,Moderate,1,0.02,24,0,steady wellbeing pattern,maintenance,ease
Locally advanced,Right colon,True,False,0,Not applicable,False,2,92,8,4,Fair,Occasional discomfort,Low,2,0.33,11,1,low-energy recovery pattern,rest,ease
Early,Left colon,False,False,0,Not applicable,True,4,23,8,3,Fair,Occasional discomfort,High,1,0.25,5,-2,low-energy recovery pattern,rest,ease
Early,Rectum,False,False,0,Not applicable,False,10,84,7,3,Fair,Persistent discomfort,Moderate,1,0.42,3,2,bowel-comfort support pattern,nutrition,ease
Locally advanced,Rectum,False,True,8,After surgery,True,8,149,8,5,Fair,Comfortable,High,0,0.51,20,-1,low-energy recovery pattern,rest,maintain
Early,Rectum,True,True,12,Before surgery,True,7,29,7.5,3,Good,Comfortable,Moderate,1,0.52,-19,0,low-activity recovery pattern,movement,maintain
Locally advanced,Left colon,True,True,4,Before surgery,False,6,142,7.5,2,Fair,Persistent discomfort,High,0,0.38,0,0,bowel-comfort support pattern,nutrition,maintain
Early,Rectum,True,False,0,Not applicable,False,6,97,6.5,5,Good,Occasional discomfort,High,2,0.69,-4,-1,low-energy recovery pattern,rest,maintain
Metastatic,Right colon,True,True,5,After surgery,False,4,69,7.5,2,Poor,Occasional discomfort,Low,3,0.01,16,2,bowel-comfort support pattern,nutrition,ease
Unknown,Left colon,False,False,0,Not applicable,False,2,23,6.5,1,Fair,Persistent discomfort,Moderate,0,0.49,1,1,bowel-comfort support pattern,nutrition,ease
Metastatic,Left colon,True,True,8,After surgery,False,5,19,7.5,5,Fair,Persistent discomfort,Moderate,1,0.8,17,0,bowel-comfort support pattern,nutrition,progress
Early,Unknown,True,False,0,Not applicable,False,9,54,6.5,3,Good,Persistent discomfort,Moderate,1,0.02,-6,1,bowel-comfort support pattern,nutrition,ease
Early,Left colon,True,False,0,Not applicable,False,6,107,7.5,5,Fair,Comfortable,Moderate,0,0.32,29,0,low-energy recovery pattern,rest,maintain
Locally advanced,Rectum,True,False,0,Not applicable,False,8,127,5.5,1,Poor,Persistent discomfort,Low,2,0.71,-7,2,bowel-comfort support pattern,nutrition,ease
Early,Right colon,True,False,0,Not applicable,False,4,14,6,3,Poor,Occasional discomfort,Moderate,1,0.44,20,0,bowel-comfort support pattern,nutrition,maintain
Locally advanced,Unknown,False,True,12,Both,False,6,140,5.5,5,Fair,Persistent discomfort,Moderate,2,0.49,-26,-2,bowel-comfort support pattern,nutrition,maintain
Unknown,Right colon,True,True,7,Both,False,10,150,5.5,4,Poor,Persistent discomfort,Low,1,0.09,-13,0,bowel-comfort support pattern,nutrition,ease
Locally advanced,Right colon,True,True,8,Before surgery,False,8,117,6.5,3,Fair,Persistent discomfort,Low,0,0.86,17,0,bowel-comfort support pattern,nutrition,progress
Metastatic,Left colon,True,True,6,Before surgery,False,4,35,6.5,5,Fair,Comfortable,High,1,0.25,-28,-1,low-energy recovery pattern,rest,ease
Unknown,Rectum,True,False,0,Not applicable,False,2,53,8,2,Good,Occasional discomfort,Moderate,1,0.73,-25,-1,hydration support pattern,hydration,maintain
Early,Right colon,False,True,6,Before surgery,True,5,140,7.5,3,Fair,Occasional discomfort,Moderate,2,0.18,28,-1,steady wellbeing pattern,maintenance,ease
Unknown,Rectum,True,True,4,Both,True,6,75,7,3,Good,Comfortable,Moderate,0,0.38,0,1,steady wellbeing pattern,maintenance,ease
Metastatic,Unknown,True,True,4,Before surgery,False,6,80,7.5,1,Good,Occasional discomfort,Low,0,0.49,16,0,steady wellbeing pattern,maintenance,maintain
Locally advanced,Left colon,True,False,0,Not applicable,False,6,87,8,4,Good,Occasional discomfort,Moderate,3,0.82,-5,1,low-energy recovery pattern,rest,ease
Metastatic,Left colon,True,False,0,Not applicable,False,2,101,6.5,5,Fair,Occasional discomfort,Moderate,1,0.53,-20,-1,low-energy recovery pattern,rest,maintain
Early,Left colon,False,True,8,Before surgery,False,7,10,8,1,Fair,Persistent discomfort,Moderate,1,0.98,13,0,bowel-comfort support pattern,nutrition,progress
Unknown,Unknown,True,True,7,Before surgery,False,4,129,7.5,1,Poor,Occasional discomfort,Moderate,3,0.76,-16,-1,bowel-comfort support pattern,nutrition,maintain
Locally advanced,Right colon,True,False,0,Not applicable,False,6,98,5.5,3,Good,Comfortable,Low,1,0.3,0,0,low-energy recovery pattern,rest,maintain
Locally advanced,Unknown,False,True,6,After surgery,False,7,99,8,3,Good,Occasional discomfort,Low,1,0.76,-30,1,steady wellbeing pattern,maintenance,ease
Locally advanced,Unknown,False,True,11,Both,True,3,63,6,4,Poor,Comfortable,Moderate,0,0.89,-18,2,bowel-comfort support pattern,nutrition,ease
Early,Unknown,True,False,0,Not applicable,False,4,69,8,5,Good,Occasional discomfort,High,2,0.86,-10,-2,low-energy recovery pattern,rest,maintain
Early,Right colon,True,False,0,Not applicable,False,3,122,8,3,Good,Occasional discomfort,Low,2,0.15,-14,-1,hydration support pattern,hydration,ease
Early,Left colon,True,True,5,After surgery,False,2,100,7,3,Good,Persistent discomfort,Low,0,0.35,-4,0,bowel-comfort support pattern,nutrition,maintain
Unknown,Rectum,True,False,0,Not applicable,True,10,31,7,1,Fair,Comfortable,High,1,0.28,15,-2,low-energy recovery pattern,rest,ease
Metastatic,Right colon,True,False,0,Not applicable,False,8,123,7,1,Fair,Comfortable,High,1,0.25,-23,-1,low-energy recovery pattern,rest,ease
Early,Right colon,True,True,6,Before surgery,True,6,26,5.5,4,Good,Persistent discomfort,High,1,0.42,-9,0,bowel-comfort support pattern,nutrition,maintain
Locally advanced,Right colon,True,True,7,Before surgery,False,5,23,6,4,Fair,Occasional discomfort,Moderate,0,0.63,3,-2,low-energy recovery pattern,rest,maintain
Early,Unknown,True,True,11,Both,False,7,23,7.5,5,Good,Occasional discomfort,High,1,0.08,9,1,low-energy recovery pattern,rest,ease
Early,Right colon,False,True,8,Both,True,2,89,6,3,Good,Occasional discomfort,Moderate,0,0.47,10,2,low-energy recovery pattern,rest,ease
Locally advanced,Rectum,False,True,5,Before surgery,False,6,121,8,5,Good,Occasional discomfort,Low,1,0.95,14,2,low-energy recovery pattern,rest,ease
Early,Rectum,True,True,12,Before surgery,False,5,128,7.5,3,Poor,Occasional discomfort,Low,2,0.77,23,0,bowel-comfort support pattern,nutrition,progress
Early,Rectum,True,False,0,Not applicable,False,10,94,5.5,1,Fair,Occasional discomfort,High,1,0.0,-27,0,low-energy recovery pattern,rest,ease
Locally advanced,Left colon,False,False,0,Not applicable,True,5,110,6,5,Poor,Persistent discomfort,Moderate,0,0.64,12,-1,bowel-comfort support pattern,nutrition,maintain
Locally advanced,Left colon,True,True,4,Both,False,9,43,7,5,Fair,Occasional discomfort,Low,0,0.91,-19,-2,low-energy recovery pattern,rest,maintain
Early,Left colon,True,True,12,Both,True,4,99,7.5,1,Fair,Comfortable,Low,2,0.93,-7,0,hydration support pattern,hydration,maintain
Locally advanced,Right colon,True,True,6,After surgery,False,5,143,5.5,3,Good,Persistent discomfort,Low,1,0.33,-25,2,bowel-comfort support pattern,nutrition,ease
Locally advanced,Right colon,False,True,10,Both,False,9,23,6,1,Poor,Occasional discomfort,High,0,0.63,20,2,bowel-comfort support pattern,nutrition,ease
Locally advanced,Rectum,True,False,0,Not applicable,False,2,150,7,4,Good,Persistent discomfort,Moderate,0,0.39,-1,0,bowel-comfort support pattern,nutrition,maintain
Locally advanced,Right colon,True,False,0,Not applicable,True,4,57,5.5,3,Poor,Comfortable,Moderate,2,0.98,18,0,bowel-comfort support pattern,nutrition,progress
Metastatic,Left colon,True,False,0,Not applicable,False,9,28,7.5,4,Fair,Occasional discomfort,Low,0,0.36,-17,0,low-energy recovery pattern,rest,maintain
Locally advanced,Rectum,True,True,9,After surgery,True,9,101,6.5,2,Fair,Persistent discomfort,Low,0,0.93,25,1,bowel-comfort support pattern,nutrition,ease
Early,Left colon,False,True,5,Both,False,5,78,5.5,3,Poor,Occasional discomfort,Moderate,1,0.34,-17,-2,bowel-comfort support pattern,nutrition,maintain
Locally advanced,Rectum,True,False,0,Not applicable,False,2,14,5.5,4,Good,Occasional discomfort,Moderate,0,0.64,28,-1,low-energy recovery pattern,rest,maintain
Locally advanced,Rectum,True,False,0,Not applicable,False,6,64,6.5,4,Fair,Occasional discomfort,Moderate,0,0.43,-16,0,low-energy recovery pattern,rest,maintain
Unknown,Unknown,True,False,0,Not applicable,True,6,147,6.5,1,Good,Comfortable,Moderate,2,0.26,7,-1,steady wellbeing pattern,maintenance,ease
Locally advanced,Right colon,True,True,8,Before surgery,True,4,19,7.5,2,Poor,Occasional discomfort,High,3,0.24,-18,0,bowel-comfort support pattern,nutrition,ease
Early,Left colon,False,True,4,Before surgery,False,9,115,8,3,Fair,Occasional discomfort,High,0,0.1,16,-2,low-energy recovery pattern,rest,ease
Locally advanced,Unknown,False,True,8,Both,False,10,105,5.5,2,Fair,Occasional discomfort,Low,2,0.42,20,2,low-energy recovery pattern,rest,ease
Locally advanced,Right colon,False,False,0,Not applicable,True,4,114,8,4,Fair,Comfortable,Low,3,0.93,4,-1,low-energy recovery pattern,rest,progress
Locally advanced,Left colon,True,False,0,Not applicable,False,8,63,8,2,Good,Occasional discomfort,Moderate,2,0.87,30,-2,steady wellbeing pattern,maintenance,progress
Locally advanced,Rectum,True,True,8,After surgery,False,4,81,8,1,Good,Occasional discomfort,Moderate,1,0.36,22,2,hydration support pattern,hydration,ease
Early,Left colon,False,True,8,After surgery,False,5,89,7,2,Good,Persistent discomfort,Moderate,2,0.43,30,-1,bowel-comfort support pattern,nutrition,maintain
Early,Right colon,True,True,4,After surgery,False,4,92,6.5,2,Good,Persistent discomfort,High,0,0.64,-1,0,bowel-comfort support pattern,nutrition,maintain
Unknown,Rectum,True,False,0,Not applicable,False,8,56,6.5,3,Fair,Comfortable,High,3,0.39,4,-2,low-energy recovery pattern,rest,maintain
Locally advanced,Right colon,True,True,10,Before surgery,False,9,28,5.5,3,Fair,Occasional discomfort,Moderate,2,0.03,-23,-2,low-energy recovery pattern,rest,ease
Locally advanced,Left colon,True,True,10,After surgery,False,7,105,7,1,Good,Occasional discomfort,Moderate,0,0.9,26,-2,steady wellbeing pattern,maintenance,progress
Locally advanced,Right colon,True,False,0,Not applicable,True,7,115,8,4,Poor,Persistent discomfort,Moderate,0,0.49,-17,-2,bowel-comfort support pattern,nutrition,maintain
Early,Unknown,True,True,12,After surgery,False,7,145,7.5,3,Fair,Occasional discomfort,Moderate,1,0.34,14,-2,steady wellbeing pattern,maintenance,maintain
Metastatic,Unknown,False,False,0,Not applicable,False,8,58,7,2,Poor,Persistent discomfort,Moderate,3,1.0,12,0,bowel-comfort support pattern,nutrition,progress
Unknown,Unknown,True,False,0,Not applicable,False,10,84,6,4,Fair,Persistent discomfort,Moderate,1,0.86,17,0,bowel-comfort support pattern,nutrition,progress
Locally advanced,Rectum,True,True,9,After surgery,False,10,34,8,5,Poor,Persistent discomfort,Low,0,0.01,5,2,bowel-comfort support pattern,nutrition,ease
Early,Rectum,True,True,12,After surgery,True,4,150,7.5,5,Poor,Persistent discomfort,High,0,0.88,3,1,bowel-comfort support pattern,nutrition,ease
Early,Left colon,True,True,6,After surgery,False,9,35,6,1,Fair,Comfortable,Low,1,0.55,-28,2,low-energy recovery pattern,rest,ease
Early,Left colon,True,False,0,Not applicable,True,7,129,6,2,Good,Persistent discomfort,Moderate,0,0.48,-21,-1,bowel-comfort support pattern,nutrition,maintain
Early,Rectum,True,True,8,Both,False,8,110,7,5,Good,Occasional discomfort,Moderate,0,0.35,28,-2,low-energy recovery pattern,rest,maintain
Early,Rectum,True,False,0,Not applicable,False,10,120,7.5,2,Fair,Comfortable,Low,2,0.06,16,0,steady wellbeing pattern,maintenance,ease
Metastatic,Unknown,True,False,0,Not applicable,True,5,43,6.5,1,Fair,Occasional discomfort,Moderate,0,0.49,6,1,low-activity recovery pattern,movement,ease
Early,Left colon,True,False,0,Not applicable,False,6,74,8,1,Fair,Comfortable,Moderate,1,0.26,-26,-2,steady wellbeing pattern,maintenance,ease
Early,Unknown,True,True,10,After surgery,True,9,16,6,1,Fair,Occasional discomfort,Moderate,3,0.49,-6,-2,low-energy recovery pattern,rest,maintain
Locally advanced,Left colon,False,False,0,Not applicable,False,6,115,6.5,2,Fair,Occasional discomfort,Moderate,1,0.25,-25,-2,steady wellbeing pattern,maintenance,ease
Locally advanced,Unknown,True,True,12,Before surgery,False,10,78,6,1,Poor,Occasional discomfort,High,2,0.64,18,0,bowel-comfort support pattern,nutrition,maintain
Early,Right colon,False,True,10,After surgery,False,9,55,6.5,2,Fair,Comfortable,Low,1,0.87,10,2,steady wellbeing pattern,maintenance,ease
Early,Right colon,False,False,0,Not applicable,True,4,56,5.5,4,Fair,Occasional discomfort,Moderate,0,0.16,-23,2,low-energy recovery pattern,rest,ease
Locally advanced,Rectum,False,True,9,After surgery,False,9,64,7.5,2,Good,Occasional discomfort,Low,1,0.07,2,0,steady wellbeing pattern,maintenance,ease
Early,Unknown,True,False,0,Not applicable,False,7,150,6,1,Poor,Occasional discomfort,Moderate,0,0.32,-12,-1,bowel-comfort support pattern,nutrition,maintain
Locally advanced,Unknown,True,True,10,Before surgery,False,7,110,5.5,2,Fair,Comfortable,Low,1,0.8,24,0,low-energy recovery pattern,rest,progress
Locally advanced,Rectum,True,False,0,Not applicable,False,7,112,8,3,Fair,Comfortable,Low,0,0.94,-8,2,steady wellbeing pattern,maintenance,ease
Early,Right colon,False,True,5,Before surgery,True,10,11,6.5,4,Poor,Occasional discomfort,High,0,0.6,23,-1,bowel-comfort support pattern,nutrition,maintain
Locally advanced,Left colon,False,False,0,Not applicable,False,8,10,5.5,2,Fair,Persistent discomfort,Moderate,1,0.47,-11,2,bowel-comfort support pattern,nutrition,ease
Locally advanced,Left colon,False,False,0,Not applicable,True,7,37,5.5,4,Poor,Occasional discomfort,Moderate,3,0.33,-19,0,bowel-comfort support pattern,nutrition,maintain
Early,Unknown,False,False,0,Not applicable,False,8,118,8,1,Good,Comfortable,Moderate,1,0.41,14,2,steady wellbeing pattern,maintenance,ease
Metastatic,Right colon,True,False,0,Not applicable,False,10,140,7,5,Good,Comfortable,Low,0,0.8,-30,-2,low-energy recovery pattern,rest,maintain
Early,Right colon,True,False,0,Not applicable,False,3,104,6,5,Fair,Comfortable,Moderate,0,0.18,-14,2,low-energy recovery pattern,rest,ease
Locally advanced,Right colon,True,True,11,After surgery,False,5,49,8,5,Fair,Occasional discomfort,Moderate,1,0.09,10,-1,low-energy recovery pattern,rest,ease
Unknown,Right colon,True,True,12,After surgery,True,8,54,6,5,Good,Occasional discomfort,Low,3,0.15,-27,0,low-energy recovery pattern,rest,ease
Locally advanced,Left colon,False,False,0,Not applicable,False,4,99,7,2,Good,Occasional discomfort,Moderate,0,0.72,7,-2,hydration support pattern,hydration,progress
Unknown,Right colon,True,False,0,Not applicable,False,3,144,8,2,Fair,Persistent discomfort,Low,1,0.91,24,0,bowel-comfort support pattern,nutrition,progress
Locally advanced,Rectum,False,True,10,Before surgery,False,2,60,5.5,2,Fair,Occasional discomfort,Low,1,0.88,18,-2,low-energy recovery pattern,rest,progress
Unknown,Rectum,False,False,0,Not applicable,True,8,74,7,4,Poor,Persistent discomfort,Moderate,2,0.98,27,-1,bowel-comfort support pattern,nutrition,progress
Early,Right colon,True,False,0,Not applicable,False,7,141,6.5,1,Poor,Occasional discomfort,Moderate,0,0.56,17,0,bowel-comfort support pattern,nutrition,maintain
Locally advanced,Rectum,True,True,10,Before surgery,True,4,52,6,3,Fair,Persistent discomfort,Moderate,1,0.41,-25,1,bowel-comfort support pattern,nutrition,ease
Early,Right colon,True,False,0,Not applicable,False,10,122,7,3,Fair,Comfortable,Moderate,1,0.03,7,-1,steady wellbeing pattern,maintenance,ease
Early,Left colon,True,False,0,Not applicable,True,8,123,6.5,3,Good,Persistent discomfort,Moderate,0,0.83,5,0,bowel-comfort support pattern,nutrition,progress
Early,Right colon,True,True,11,After surgery,False,3,70,6.5,3,Fair,Occasional discomfort,Moderate,0,0.08,22,0,hydration support pattern,hydration,ease
Early,Left colon,True,True,5,After surgery,True,5,42,8,2,Fair,Comfortable,Moderate,0,0.34,-18,1,low-activity recovery pattern,movement,ease
Locally advanced,Rectum,True,False,0,Not applicable,True,9,38,6,5,Poor,Occasional discomfort,Low,0,0.94,23,0,bowel-comfort support pattern,nutrition,progress
Early,Unknown,True,True,12,Both,True,7,94,8,2,Fair,Occasional discomfort,High,3,0.41,-28,2,low-energy recovery pattern,rest,ease
Locally advanced,Rectum,False,True,7,Before surgery,True,4,61,6.5,5,Fair,Occasional discomfort,Low,2,0.09,-5,0,low-energy recovery pattern,rest,ease
Locally advanced,Rectum,True,True,4,After surgery,False,6,150,6,2,Fair,Comfortable,Low,0,0.35,-25,-1,low-energy recovery pattern,rest,maintain
Early,Left colon,True,False,0,Not applicable,False,6,142,8,4,Poor,Comfortable,Low,1,0.09,1,0,bowel-comfort support pattern,nutrition,ease
Early,Rectum,False,True,6,After surgery,True,9,15,7.5,4,Good,Comfortable,Low,2,0.69,-17,1,low-energy recovery pattern,rest,ease
Metastatic,Unknown,True,False,0,Not applicable,False,7,127,7.5,5,Fair,Occasional discomfort,Moderate,1,0.9,-20,0,low-energy recovery pattern,rest,maintain
Metastatic,Rectum,True,False,0,Not applicable,True,5,122,5.5,1,Fair,Persistent discomfort,Moderate,2,0.81,-21,-2,bowel-comfort support pattern,nutrition,maintain
Early,Unknown,False,True,5,Both,False,4,150,6,4,Good,Persistent discomfort,Low,1,0.1,16,-1,bowel-comfort support pattern,nutrition,ease
Locally advanced,Rectum,True,True,5,Before surgery,False,6,117,7,3,Good,Comfortable,Moderate,1,0.96,8,-1,steady wellbeing pattern,maintenance,progress
Locally advanced,Unknown,True,False,0,Not applicable,False,5,50,8,4,Fair,Occasional discomfort,High,2,0.17,3,-1,low-energy recovery pattern,rest,ease
Unknown,Unknown,False,False,0,Not applicable,True,9,116,8,3,Fair,Comfortable,Low,0,0.97,-9,2,steady wellbeing pattern,maintenance,ease
Metastatic,Rectum,True,True,7,Before surgery,False,10,123,5.5,2,Poor,Occasional discomfort,High,3,0.66,-27,0,bowel-comfort support pattern,nutrition,maintain
Unknown,Left colon,True,True,6,Both,False,8,68,7.5,4,Fair,Occasional discomfort,High,1,0.53,-13,-1,low-energy recovery pattern,rest,maintain
Early,Unknown,True,True,5,Both,False,7,55,8,3,Fair,Comfortable,Moderate,0,0.39,-23,0,steady wellbeing pattern,maintenance,maintain
Early,Left colon,True,True,7,Both,False,6,16,7.5,2,Fair,Persistent discomfort,High,2,0.09,29,-2,bowel-comfort support pattern,nutrition,ease
Early,Rectum,False,True,7,After surgery,False,4,75,5.5,3,Poor,Occasional discomfort,High,0,0.1,-30,1,bowel-comfort support pattern,nutrition,ease
Locally advanced,Right colon,True,False,0,Not applicable,True,9,139,7,3,Fair,Comfortable,Moderate,0,0.34,-15,0,steady wellbeing pattern,maintenance,maintain
Unknown,Left colon,True,True,8,Both,False,2,11,8,4,Good,Persistent discomfort,Moderate,0,0.68,-1,-1,bowel-comfort support pattern,nutrition,maintain
Locally advanced,Right colon,False,True,11,Before surgery,False,3,34,6,4,Poor,Persistent discomfort,Moderate,1,0.52,3,1,bowel-comfort support pattern,nutrition,ease
Early,Rectum,True,True,9,After surgery,False,3,58,7,4,Good,Occasional discomfort,High,2,0.9,-9,-1,low-energy recovery pattern,rest,maintain
Early,Rectum,True,True,9,Both,False,9,32,6,4,Fair,Persistent discomfort,Low,0,0.88,-3,-1,bowel-comfort support pattern,nutrition,maintain
Locally advanced,Unknown,False,False,0,Not applicable,True,3,42,5.5,2,Good,Persistent discomfort,Moderate,1,0.93,-13,0,bowel-comfort support pattern,nutrition,maintain
Early,Unknown,True,True,12,After surgery,True,6,43,6,1,Good,Occasional discomfort,Low,1,0.4,8,0,low-energy recovery pattern,rest,maintain
Early,Rectum,True,True,8,Before surgery,True,2,92,7.5,5,Good,Occasional discomfort,Moderate,2,0.28,0,0,low-energy recovery pattern,rest,ease
Early,Left colon,True,False,0,Not applicable,True,5,88,6.5,2,Fair,Occasional discomfort,High,0,0.75,4,0,low-energy recovery pattern,rest,progress
Unknown,Left colon,True,False,0,Not applicable,True,8,144,8,3,Poor,Comfortable,Moderate,2,0.5,21,2,bowel-comfort support pattern,nutrition,ease
Locally advanced,Unknown,True,True,6,Both,False,9,67,6.5,3,Fair,Occasional discomfort,High,1,0.46,-1,0,low-energy recovery pattern,rest,maintain
Unknown,Rectum,False,False,0,Not applicable,False,2,29,6,4,Good,Persistent discomfort,Moderate,0,0.74,-6,-1,bowel-comfort support pattern,nutrition,maintain
Unknown,Unknown,True,False,0,Not applicable,True,2,19,8,4,Fair,Occasional discomfort,Moderate,0,0.18,5,0,low-energy recovery pattern,rest,ease
Early,Unknown,True,True,8,Both,False,10,11,6,2,Good,Comfortable,Moderate,3,0.79,-20,-2,low-energy recovery pattern,rest,maintain
Early,Unknown,False,True,10,Before surgery,False,7,72,6,5,Good,Comfortable,Moderate,1,0.47,-26,-1,low-energy recovery pattern,rest,maintain
Locally advanced,Rectum,True,True,9,Both,False,2,73,6.5,3,Good,Comfortable,High,1,0.3,2,-1,low-energy recovery pattern,rest,maintain
Early,Rectum,True,True,5,Both,False,10,69,6,5,Fair,Occasional discomfort,Moderate,2,0.85,13,-1,low-energy recovery pattern,rest,progress
Early,Unknown,False,True,5,Both,False,3,123,7,1,Good,Comfortable,Low,1,0.07,0,-1,hydration support pattern,hydration,ease
Locally advanced,Left colon,True,True,9,Before surgery,False,2,17,8,2,Fair,Occasional discomfort,Moderate,0,0.51,1,2,low-activity recovery pattern,movement,ease
Early,Right colon,True,True,5,Before surgery,False,7,20,6,5,Fair,Occasional discomfort,High,1,0.37,21,0,low-energy recovery pattern,rest,maintain
Early,Left colon,False,False,0,Not applicable,False,5,120,7,3,Good,Persistent discomfort,Low,3,0.74,-30,1,bowel-comfort support pattern,nutrition,ease
Early,Left colon,False,False,0,Not applicable,True,9,134,7,2,Poor,Occasional discomfort,Moderate,1,0.59,5,0,bowel-comfort support pattern,nutrition,maintain
Early,Unknown,True,True,10,After surgery,True,10,42,7.5,5,Good,Comfortable,High,1,0.02,-10,-2,low-energy recovery pattern,rest,ease
Metastatic,Left colon,True,True,6,After surgery,False,6,72,6.5,2,Poor,Comfortable,High,0,0.39,-13,0,bowel-comfort support pattern,nutrition,maintain
Locally advanced,Right colon,True,False,0,Not applicable,False,9,62,7,4,Good,Occasional discomfort,High,0,0.51,28,0,low-energy recovery pattern,rest,maintain
Early,Rectum,False,True,12,Before surgery,True,6,106,5.5,3,Fair,Comfortable,Low,3,0.47,30,-1,low-energy recovery pattern,rest,maintain
Unknown,Right colon,True,True,4,Before surgery,False,7,29,5.5,3,Fair,Occasional discomfort,Moderate,2,0.75,-5,1,low-energy recovery pattern,rest,ease
Early,Unknown,True,True,11,After surgery,False,4,12,7.5,4,Fair,Occasional discomfort,Moderate,0,0.23,15,1,low-energy recovery pattern,rest,ease
Locally advanced,Left colon,True,False,0,Not applicable,False,10,57,7.5,1,Fair,Comfortable,Low,0,0.93,-4,1,steady wellbeing pattern,maintenance,ease
Unknown,Unknown,True,True,4,After surgery,True,4,19,5.5,2,Good,Occasional discomfort,Low,2,0.99,2,2,low-energy recovery pattern,rest,ease
Early,Rectum,False,True,11,Before surgery,False,5,144,6.5,1,Fair,Occasional discomfort,High,1,0.35,-19,1,low-energy recovery pattern,rest,ease
Early,Right colon,True,False,0,Not applicable,False,5,65,6,5,Fair,Occasional discomfort,Low,0,0.86,27,2,low-energy recovery pattern,rest,ease
Metastatic,Right colon,True,True,8,Both,True,7,33,8,4,Fair,Comfortable,Moderate,0,0.18,-4,0,low-energy recovery pattern,rest,ease
Early,Right colon,False,False,0,Not applicable,False,7,107,6,5,Good,Comfortable,High,1,0.35,18,-1,low-energy recovery pattern,rest,maintain
Locally advanced,Rectum,True,False,0,Not applicable,False,7,38,8,4,Fair,Persistent discomfort,Moderate,2,0.29,6,0,bowel-comfort support pattern,nutrition,ease
Locally advanced,Unknown,True,False,0,Not applicable,False,7,116,5.5,4,Fair,Persistent discomfort,Moderate,0,0.47,-3,-2,bowel-comfort support pattern,nutrition,maintain
Early,Unknown,True,True,9,Before surgery,False,6,78,5.5,3,Fair,Persistent discomfort,High,1,0.1,-12,-2,bowel-comfort support pattern,nutrition,ease
Metastatic,Rectum,True,True,9,After surgery,False,3,22,5.5,4,Fair,Occasional discomfort,Low,3,0.4,-2,2,low-energy recovery pattern,rest,ease
Unknown,Left colon,True,False,0,Not applicable,True,2,76,6,2,Good,Occasional discomfort,High,2,0.57,27,2,low-energy recovery pattern,rest,ease
Locally advanced,Rectum,True,True,9,Both,False,7,104,7,1,Good,Persistent discomfort,Moderate,2,0.87,4,0,bowel-comfort support pattern,nutrition,progress
Early,Right colon,False,False,0,Not applicable,True,9,82,8,3,Poor,Occasional discomfort,Moderate,1,0.58,18,-2,bowel-comfort support pattern,nutrition,maintain
Locally advanced,Rectum,True,False,0,Not applicable,True,9,22,6,3,Fair,Occasional discomfort,Low,2,0.46,16,2,low-energy recovery pattern,rest,ease
Locally advanced,Right colon,True,False,0,Not applicable,False,6,16,8,4,Fair,Comfortable,High,1,0.53,0,-2,low-energy recovery pattern,rest,maintain
Early,Left colon,True,False,0,Not applicable,True,10,39,5.5,2,Fair,Occasional discomfort,High,2,0.91,-4,0,low-energy recovery pattern,rest,maintain
Locally advanced,Rectum,True,False,0,Not applicable,True,5,64,8,5,Fair,Persistent discomfort,Low,1,0.2,-16,-2,bowel-comfort support pattern,nutrition,ease
Early,Rectum,True,True,8,Both,False,3,116,6,1,Fair,Comfortable,Moderate,2,0.83,24,1,low-energy recovery pattern,rest,ease
Early,Unknown,True,False,0,Not applicable,False,2,67,7,3,Fair,Occasional discomfort,High,2,0.45,29,-2,low-energy recovery pattern,rest,maintain
Locally advanced,Rectum,True,False,0,Not applicable,False,4,35,6,2,Fair,Comfortable,Low,1,0.99,6,0,low-energy recovery pattern,rest,progress
Unknown,Unknown,True,True,7,After surgery,True,6,124,7.5,3,Fair,Persistent discomfort,High,1,0.07,28,-1,bowel-comfort support pattern,nutrition,ease
Metastatic,Rectum,True,True,9,Both,False,5,33,5.5,4,Good,Persistent discomfort,High,1,0.63,0,0,bowel-comfort support pattern,nutrition,maintain
Unknown,Unknown,True,True,12,Before surgery,False,4,13,6.5,5,Poor,Occasional discomfort,High,0,0.55,26,0,bowel-comfort support pattern,nutrition,maintain
Early,Rectum,True,True,8,After surgery,False,9,44,7,1,Fair,Occasional discomfort,Moderate,1,0.34,20,0,low-activity recovery pattern,movement,maintain
Early,Rectum,False,True,12,Both,False,4,138,6,4,Fair,Comfortable,Moderate,2,0.89,-4,-1,low-energy recovery pattern,rest,maintain
Early,Left colon,True,True,7,After surgery,False,10,59,6.5,5,Fair,Occasional discomfort,Moderate,0,0.75,-4,-1,low-energy recovery pattern,rest,maintain
Locally advanced,Left colon,True,True,8,After surgery,False,6,142,6.5,2,Good,Occasional discomfort,Low,0,0.15,-27,-1,steady wellbeing pattern,maintenance,ease
Early,Unknown,True,False,0,Not applicable,False,3,81,6.5,4,Fair,Occasional discomfort,Moderate,3,0.07,22,0,low-energy recovery pattern,rest,ease
Early,Unknown,False,False,0,Not applicable,False,4,21,7,3,Good,Persistent discomfort,Low,0,0.87,-16,-1,bowel-comfort support pattern,nutrition,maintain
Locally advanced,Rectum,True,False,0,Not applicable,True,5,20,7,2,Fair,Occasional discomfort,High,2,0.41,27,-1,low-energy recovery pattern,rest,maintain
Locally advanced,Right colon,False,False,0,Not applicable,False,9,81,5.5,2,Good,Comfortable,High,0,0.17,-30,-2,low-energy recovery pattern,rest,ease
Locally advanced,Right colon,True,False,0,Not applicable,True,2,139,8,1,Good,Comfortable,Low,0,0.22,4,0,hydration support pattern,hydration,ease
Locally advanced,Right colon,True,False,0,Not applicable,True,8,142,6,2,Fair,Occasional discomfort,Low,0,0.98,-18,2,low-energy recovery pattern,rest,ease
Early,Right colon,True,True,9,Both,True,7,48,7,4,Good,Occasional discomfort,Moderate,1,0.62,8,2,low-energy recovery pattern,rest,ease
Early,Unknown,True,True,4,Before surgery,False,3,135,7.5,3,Good,Comfortable,Low,2,0.62,26,-1,hydration support pattern,hydration,maintain
Metastatic,Left colon,True,True,8,Both,False,10,36,7,3,Fair,Comfortable,Moderate,2,0.08,15,-1,low-activity recovery pattern,movement,ease
Early,Unknown,False,False,0,Not applicable,True,4,66,8,2,Fair,Occasional discomfort,Moderate,0,0.82,-11,2,hydration support pattern,hydration,ease
Unknown,Right colon,False,False,0,Not applicable,False,6,130,7.5,5,Good,Occasional discomfort,High,1,0.74,-13,1,low-energy recovery pattern,rest,ease
Early,Unknown,True,False,0,Not applicable,False,2,87,5.5,1,Good,Comfortable,Moderate,1,0.6,24,0,low-energy recovery pattern,rest,maintain
Metastatic,Left colon,False,False,0,Not applicable,False,8,83,7.5,1,Poor,Occasional discomfort,Moderate,0,0.79,4,2,bowel-comfort support pattern,nutrition,ease
Early,Right colon,False,True,8,Both,False,7,88,6,4,Fair,Occasional discomfort,High,1,0.13,21,0,low-energy recovery pattern,rest,ease
Metastatic,Left colon,True,True,11,Before surgery,False,4,38,6.5,3,Poor,Comfortable,High,2,0.28,-26,2,bowel-comfort support pattern,nutrition,ease
Early,Unknown,False,False,0,Not applicable,False,4,146,8,1,Fair,Persistent discomfort,High,0,0.01,-6,1,bowel-comfort support pattern,nutrition,ease
Unknown,Left colon,True,True,5,Both,True,10,84,6,3,Good,Occasional discomfort,Moderate,0,0.69,6,-1,low-energy recovery pattern,rest,maintain
Locally advanced,Unknown,False,True,5,Before surgery,False,5,60,7.5,2,Poor,Occasional discomfort,Moderate,0,0.54,23,1,bowel-comfort support pattern,nutrition,ease
Unknown,Unknown,True,False,0,Not applicable,False,4,97,6,2,Fair,Occasional discomfort,Low,0,0.44,8,0,low-energy recovery pattern,rest,maintain
Early,Rectum,False,True,10,After surgery,False,2,137,7.5,4,Fair,Comfortable,High,1,0.25,-12,-1,low-energy recovery pattern,rest,ease
Early,Rectum,False,False,0,Not applicable,False,2,14,7,1,Poor,Occasional discomfort,Moderate,0,0.69,-6,1,bowel-comfort support pattern,nutrition,ease
Locally advanced,Left colon,True,False,0,Not applicable,False,9,104,7.5,2,Fair,Comfortable,Moderate,1,0.25,-4,-2,steady wellbeing pattern,maintenance,ease
Early,Unknown,True,True,11,Both,False,5,72,8,2,Poor,Comfortable,High,3,0.04,-23,2,bowel-comfort support pattern,nutrition,ease
Early,Rectum,False,False,0,Not applicable,True,10,13,6,1,Fair,Persistent discomfort,Moderate,0,0.65,-5,-1,bowel-comfort support pattern,nutrition,maintain
Locally advanced,Left colon,True,False,0,Not applicable,False,10,70,8,4,Good,Occasional discomfort,Low,2,0.52,-7,1,low-energy recovery pattern,rest,ease
Locally advanced,Right colon,True,False,0,Not applicable,False,2,133,7.5,4,Good,Comfortable,Moderate,0,0.18,-5,1,low-energy recovery pattern,rest,ease
Early,Right colon,True,False,0,Not applicable,False,4,70,5.5,5,Fair,Occasional discomfort,Low,0,0.76,20,2,low-energy recovery pattern,rest,ease
Locally advanced,Right colon,True,False,0,Not applicable,False,7,40,7.5,3,Good,Persistent discomfort,Moderate,1,0.02,-28,0,bowel-comfort support pattern,nutrition,ease
Early,Rectum,True,False,0,Not applicable,False,6,44,7,3,Fair,Occasional discomfort,Moderate,0,0.12,-14,1,low-activity recovery pattern,movement,ease
Unknown,Unknown,False,False,0,Not applicable,False,4,148,8,3,Fair,Persistent discomfort,Low,1,0.98,-2,-2,bowel-comfort support pattern,nutrition,maintain
Early,Rectum,False,True,8,Before surgery,False,4,106,7.5,5,Good,Comfortable,Low,1,0.03,-28,2,low-energy recovery pattern,rest,ease
Locally advanced,Right colon,True,True,5,After surgery,False,5,99,7.5,4,Fair,Occasional discomfort,Low,1,0.03,28,0,low-energy recovery pattern,rest,ease
Early,Left colon,True,False,0,Not applicable,True,10,55,7,3,Fair,Occasional discomfort,High,1,0.2,30,1,low-energy recovery pattern,rest,ease
Locally advanced,Unknown,True,False,0,Not applicable,False,7,145,7.5,1,Poor,Comfortable,High,2,0.12,8,-1,bowel-comfort support pattern,nutrition,ease
Locally advanced,Unknown,True,True,7,Both,False,9,108,7,3,Poor,Occasional discomfort,Moderate,2,0.69,-3,-1,bowel-comfort support pattern,nutrition,maintain
Locally advanced,Unknown,True,True,8,Before surgery,False,6,137,6.5,1,Fair,Occasional discomfort,High,0,0.15,-6,-2,low-energy recovery pattern,rest,ease
Early,Unknown,True,True,5,After surgery,False,10,25,6.5,3,Fair,Comfortable,Moderate,0,0.25,26,0,low-activity recovery pattern,movement,ease
Locally advanced,Left colon,True,False,0,Not applicable,False,5,98,6,3,Good,Persistent discomfort,Low,1,0.65,16,-1,bowel-comfort support pattern,nutrition,maintain
Locally advanced,Left colon,True,True,6,After surgery,False,10,65,6.5,2,Good,Comfortable,Moderate,1,0.94,-14,0,steady wellbeing pattern,maintenance,maintain
Locally advanced,Left colon,True,False,0,Not applicable,False,3,132,7,1,Fair,Occasional discomfort,Low,0,0.62,-1,1,hydration support pattern,hydration,ease
Locally advanced,Rectum,True,False,0,Not applicable,False,5,38,8,5,Poor,Occasional discomfort,Moderate,0,0.05,10,-2,bowel-comfort support pattern,nutrition,ease
Early,Right colon,True,True,5,After surgery,True,6,84,8,1,Good,Comfortable,Low,1,0.7,10,0,steady wellbeing pattern,maintenance,progress
Locally advanced,Left colon,True,True,7,Before surgery,False,6,68,8,1,Poor,Comfortable,Moderate,2,0.13,-28,-1,bowel-comfort support pattern,nutrition,ease
Metastatic,Unknown,True,True,7,Before surgery,False,10,13,7.5,3,Good,Comfortable,Moderate,0,0.02,-25,1,low-activity recovery pattern,movement,ease
Locally advanced,Left colon,True,False,0,Not applicable,False,5,128,6.5,4,Fair,Comfortable,High,0,0.55,-26,-2,low-energy recovery pattern,rest,maintain
Locally advanced,Right colon,True,False,0,Not applicable,True,6,104,7.5,1,Good,Comfortable,Moderate,0,0.99,9,-2,steady wellbeing pattern,maintenance,progress
Locally advanced,Left colon,True,True,6,Before surgery,False,3,25,7.5,3,Fair,Comfortable,Moderate,2,0.36,24,-1,low-activity recovery pattern,movement,maintain
Early,Left colon,True,True,6,Before surgery,False,6,132,7,3,Fair,Occasional discomfort,Low,1,0.58,8,1,steady wellbeing pattern,maintenance,ease
Early,Right colon,False,True,5,Before surgery,True,9,108,6,5,Good,Occasional discomfort,Moderate,1,0.65,24,-1,low-energy recovery pattern,rest,maintain
Early,Right colon,False,False,0,Not applicable,False,5,36,6,1,Fair,Comfortable,Moderate,0,0.35,-14,2,low-energy recovery pattern,rest,ease
Metastatic,Rectum,True,True,10,Both,False,7,127,7,3,Good,Occasional discomfort,High,0,0.4,-6,0,low-energy recovery pattern,rest,maintain
Locally advanced,Unknown,True,False,0,Not applicable,False,3,14,8,2,Poor,Occasional discomfort,High,0,0.25,-1,0,bowel-comfort support pattern,nutrition,ease
Locally advanced,Left colon,False,False,0,Not applicable,True,9,64,8,5,Good,Comfortable,Moderate,1,0.17,-22,-1,low-energy recovery pattern,rest,ease
Early,Rectum,True,False,0,Not applicable,False,6,122,7.5,5,Fair,Persistent discomfort,Low,2,0.61,-26,0,bowel-comfort support pattern,nutrition,maintain
Locally advanced,Unknown,True,True,11,Before surgery,False,8,139,5.5,1,Fair,Occasional discomfort,Moderate,0,0.04,-23,0,low-energy recovery pattern,rest,ease
Unknown,Unknown,True,True,4,Before surgery,False,2,13,6.5,1,Fair,Occasional discomfort,Moderate,0,0.06,-9,-2,low-activity recovery pattern,movement,ease
Locally advanced,Left colon,True,True,9,Both,False,10,49,5.5,2,Good,Comfortable,High,1,0.53,8,0,low-energy recovery pattern,rest,maintain
Metastatic,Right colon,True,False,0,Not applicable,False,10,88,6.5,4,Good,Comfortable,Low,1,0.33,22,-2,low-energy recovery pattern,rest,maintain
Unknown,Rectum,True,True,9,After surgery,False,9,22,6,3,Good,Occasional discomfort,Moderate,2,0.54,30,0,low-energy recovery pattern,rest,maintain
Early,Unknown,False,False,0,Not applicable,True,2,85,7,1,Good,Comfortable,High,1,0.17,14,0,low-energy recovery pattern,rest,ease
Locally advanced,Right colon,True,True,11,Before surgery,False,10,14,6.5,1,Poor,Occasional discomfort,Moderate,1,0.38,-5,-1,bowel-comfort support pattern,nutrition,maintain
Metastatic,Right colon,True,True,9,After surgery,False,3,31,8,3,Fair,Comfortable,Moderate,0,0.15,-14,-2,low-activity recovery pattern,movement,ease
Early,Unknown,True,True,6,After surgery,False,4,87,7,3,Poor,Comfortable,High,2,0.7,16,-1,bowel-comfort support pattern,nutrition,progress
Early,Right colon,True,True,6,Before surgery,False,2,28,7,1,Fair,Occasional discomfort,Low,2,0.92,7,2,low-activity recovery pattern,movement,ease
Metastatic,Left colon,True,False,0,Not applicable,True,3,14,6.5,4,Poor,Persistent discomfort,Moderate,3,0.0,21,-1,bowel-comfort support pattern,nutrition,ease
Locally advanced,Left colon,True,False,0,Not applicable,False,4,139,7.5,5,Fair,Persistent discomfort,Moderate,1,0.43,-12,2,bowel-comfort support pattern,nutrition,ease
Locally advanced,Rectum,True,True,12,Both,False,2,41,7,3,Fair,Persistent discomfort,Moderate,1,0.31,-29,-2,bowel-comfort support pattern,nutrition,maintain
Early,Right colon,False,False,0,Not applicable,False,10,98,5.5,5,Fair,Comfortable,Moderate,1,0.75,-3,2,low-energy recovery pattern,rest,ease
Locally advanced,Unknown,True,True,4,Both,False,5,88,7.5,3,Fair,Comfortable,Moderate,0,0.82,17,0,steady wellbeing pattern,maintenance,progress
Locally advanced,Left colon,True,True,5,Both,False,8,114,6,3,Fair,Persistent discomfort,Moderate,1,0.63,13,2,bowel-comfort support pattern,nutrition,ease
Unknown,Rectum,False,False,0,Not applicable,False,4,125,6,2,Fair,Comfortable,Moderate,2,0.01,14,0,low-energy recovery pattern,rest,ease
Metastatic,Unknown,True,True,7,After surgery,True,8,106,6.5,3,Fair,Occasional discomfort,Moderate,0,0.3,-2,-2,steady wellbeing pattern,maintenance,maintain
Early,Right colon,False,False,0,Not applicable,False,4,147,6,4,Fair,Occasional discomfort,Low,1,0.12,4,0,low-energy recovery pattern,rest,ease
Unknown,Right colon,True,True,4,Before surgery,False,6,63,6,5,Good,Comfortable,Moderate,0,0.7,21,0,low-energy recovery pattern,rest,progress
Unknown,Rectum,True,True,5,After surgery,False,8,40,7,2,Fair,Occasional discomfort,Moderate,2,0.68,-18,-2,low-activity recovery pattern,movement,maintain
Early,Rectum,True,False,0,Not applicable,True,9,86,6,4,Good,Occasional discomfort,High,0,0.13,17,-1,low-energy recovery pattern,rest,ease
Early,Right colon,True,True,7,After surgery,False,7,19,5.5,1,Fair,Occasional discomfort,Moderate,0,0.74,-21,0,low-energy recovery pattern,rest,maintain
Unknown,Right colon,True,False,0,Not applicable,False,6,147,6.5,5,Poor,Comfortable,Moderate,0,0.87,-19,0,bowel-comfort support pattern,nutrition,maintain
Unknown,Rectum,True,False,0,Not applicable,True,7,48,7,1,Good,Persistent discomfort,Moderate,2,0.43,19,1,bowel-comfort support pattern,nutrition,ease
Locally advanced,Unknown,True,False,0,Not applicable,False,6,54,5.5,5,Poor,Comfortable,Moderate,1,0.19,-25,-1,bowel-comfort support pattern,nutrition,ease
Early,Rectum,True,False,0,Not applicable,True,10,125,7.5,1,Good,Occasional discomfort,Low,1,0.45,4,2,steady wellbeing pattern,maintenance,ease
Locally advanced,Left colon,True,False,0,Not applicable,True,5,33,6.5,4,Poor,Occasional discomfort,Moderate,2,0.73,25,-1,bowel-comfort support pattern,nutrition,progress
Metastatic,Rectum,True,True,12,After surgery,False,5,139,7.5,3,Fair,Comfortable,Moderate,1,0.41,27,-1,steady wellbeing pattern,maintenance,maintain
Locally advanced,Unknown,False,True,8,Before surgery,False,2,16,5.5,3,Fair,Comfortable,Moderate,1,0.78,0,-2,low-energy recovery pattern,rest,progress
Locally advanced,Rectum,True,False,0,Not applicable,False,4,48,7,1,Poor,Persistent discomfort,Moderate,0,0.23,14,2,bowel-comfort support pattern,nutrition,ease
Early,Right colon,True,True,8,Before surgery,True,2,146,8,2,Poor,Comfortable,Low,0,0.92,1,0,bowel-comfort support pattern,nutrition,progress
Early,Rectum,True,True,7,After surgery,False,6,86,6,3,Good,Occasional discomfort,Moderate,0,0.43,-26,0,low-energy recovery pattern,rest,maintain
Metastatic,Rectum,False,False,0,Not applicable,True,3,30,7.5,5,Good,Comfortable,Moderate,2,0.83,-26,2,low-energy recovery pattern,rest,ease
Locally advanced,Rectum,True,False,0,Not applicable,True,9,138,7.5,1,Good,Occasional discomfort,Moderate,1,0.47,15,2,steady wellbeing pattern,maintenance,ease
Locally advanced,Left colon,True,False,0,Not applicable,True,3,44,7.5,3,Fair,Persistent discomfort,Low,1,0.58,3,0,bowel-comfort support pattern,nutrition,maintain
Early,Left colon,True,True,9,After surgery,False,5,140,6,5,Fair,Comfortable,High,1,0.53,-9,1,low-energy recovery pattern,rest,ease
Early,Right colon,True,True,10,After surgery,False,7,62,7.5,5,Fair,Occasional discomfort,Moderate,0,0.85,7,0,low-energy recovery pattern,rest,progress
Metastatic,Unknown,False,True,11,Before surgery,False,10,149,5.5,4,Good,Comfortable,Moderate,1,0.93,-30,2,low-energy recovery pattern,rest,ease
Unknown,Left colon,True,False,0,Not applicable,True,9,73,6,4,Fair,Occasional discomfort,Moderate,1,0.04,-27,-2,low-energy recovery pattern,rest,ease
Locally advanced,Right colon,True,True,5,Before surgery,True,5,133,6.5,4,Fair,Comfortable,Low,0,0.53,22,0,low-energy recovery pattern,rest,maintain
Unknown,Left colon,False,False,0,Not applicable,True,9,93,7,3,Fair,Occasional discomfort,High,0,0.23,21,0,low-energy recovery pattern,rest,ease
Early,Unknown,True,True,4,After surgery,True,5,28,8,3,Good,Comfortable,Moderate,0,0.07,24,-1,low-activity recovery pattern,movement,ease
Locally advanced,Right colon,True,True,7,Before surgery,False,6,67,5.5,2,Good,Persistent discomfort,Moderate,3,0.54,-2,0,bowel-comfort support pattern,nutrition,maintain
Locally advanced,Left colon,True,True,12,Both,False,9,32,6.5,3,Fair,Occasional discomfort,High,1,0.35,9,-1,low-energy recovery pattern,rest,maintain
Locally advanced,Unknown,True,True,7,Both,True,6,71,8,1,Poor,Occasional discomfort,Moderate,1,0.96,9,2,bowel-comfort support pattern,nutrition,ease
Early,Unknown,True,True,8,Both,False,9,148,8,4,Good,Comfortable,Low,0,0.15,8,-2,low-energy recovery pattern,rest,ease
Early,Unknown,True,True,8,Both,False,10,132,8,1,Fair,Comfortable,High,0,0.16,-24,-1,low-energy recovery pattern,rest,ease
Locally advanced,Unknown,False,False,0,Not applicable,False,2,26,5.5,1,Fair,Occasional discomfort,Moderate,1,0.58,-12,-2,low-energy recovery pattern,rest,maintain
Early,Unknown,True,True,11,Before surgery,False,7,115,8,2,Good,Occasional discomfort,High,1,0.2,24,2,low-energy recovery pattern,rest,ease
Early,Rectum,True,False,0,Not applicable,False,2,77,7,4,Good,Comfortable,High,0,0.39,29,1,low-energy recovery pattern,rest,ease
Locally advanced,Rectum,True,True,9,After surgery,False,9,81,7.5,1,Good,Occasional discomfort,Moderate,2,0.58,-7,-1,steady wellbeing pattern,maintenance,maintain
Locally advanced,Unknown,False,True,9,Before surgery,False,4,100,8,1,Fair,Occasional discomfort,Moderate,0,0.71,4,0,hydration support pattern,hydration,progress
Locally advanced,Unknown,True,False,0,Not applicable,False,10,100,5.5,3,Fair,Comfortable,High,0,0.22,1,-2,low-energy recovery pattern,rest,ease
Locally advanced,Right colon,True,True,6,Before surgery,False,8,96,8,4,Good,Occasional discomfort,Low,0,0.54,-18,-2,low-energy recovery pattern,rest,maintain
Early,Right colon,True,False,0,Not applicable,False,4,49,7.5,1,Good,Comfortable,Moderate,1,0.15,23,0,hydration support pattern,hydration,ease
Locally advanced,Right colon,True,True,8,After surgery,False,8,34,7,4,Fair,Occasional discomfort,Moderate,1,0.19,-21,-2,low-energy recovery pattern,rest,ease
Early,Rectum,True,True,5,Before surgery,False,2,54,5.5,5,Good,Occasional discomfort,Moderate,1,0.9,18,0,low-energy recovery pattern,rest,progress
Locally advanced,Left colon,True,True,6,Before surgery,False,10,86,5.5,5,Good,Occasional discomfort,High,1,0.17,10,0,low-energy recovery pattern,rest,ease
Early,Unknown,False,True,4,After surgery,False,3,128,7,1,Fair,Comfortable,High,3,0.3,-14,1,low-energy recovery pattern,rest,ease
Early,Left colon,False,False,0,Not applicable,False,9,100,7,1,Fair,Comfortable,Moderate,2,0.38,-7,0,steady wellbeing pattern,maintenance,maintain
Early,Rectum,True,False,0,Not applicable,True,2,131,7,5,Fair,Comfortable,High,1,0.54,10,0,low-energy recovery pattern,rest,maintain
Unknown,Unknown,True,False,0,Not applicable,True,8,11,7,3,Good,Occasional discomfort,High,2,0.3,9,0,low-energy recovery pattern,rest,maintain
Locally advanced,Unknown,False,True,7,Before surgery,False,5,104,6.5,2,Good,Persistent discomfort,Moderate,0,0.38,-20,-2,bowel-comfort support pattern,nutrition,maintain
Early,Unknown,True,True,6,Before surgery,False,6,86,6,1,Fair,Comfortable,Low,1,0.15,-13,2,low-energy recovery pattern,rest,ease
Locally advanced,Unknown,True,True,4,After surgery,False,9,110,6.5,2,Fair,Comfortable,High,0,0.61,11,-1,low-energy recovery pattern,rest,maintain
Early,Left colon,True,True,7,Both,False,8,129,5.5,3,Poor,Occasional discomfort,High,1,0.33,-6,0,bowel-comfort support pattern,nutrition,maintain
Locally advanced,Left colon,False,True,8,After surgery,False,10,114,8,1,Fair,Comfortable,Low,1,0.27,19,-2,steady wellbeing pattern,maintenance,ease
Locally advanced,Unknown,True,True,6,Before surgery,False,3,82,5.5,1,Good,Occasional discomfort,Moderate,2,0.75,-1,1,low-energy recovery pattern,rest,ease
Early,Left colon,False,True,12,Before surgery,False,10,76,6,3,Fair,Comfortable,High,0,0.5,29,1,low-energy recovery pattern,rest,ease
Locally advanced,Rectum,True,True,12,After surgery,False,5,34,6,2,Fair,Comfortable,Moderate,0,0.16,-26,0,low-energy recovery pattern,rest,ease
Early,Right colon,False,True,7,Both,False,8,39,5.5,1,Poor,Persistent discomfort,Moderate,1,0.46,20,-2,bowel-comfort support pattern,nutrition,maintain
Locally advanced,Unknown,True,False,0,Not applicable,True,6,87,7.5,5,Good,Persistent discomfort,Moderate,0,0.53,1,2,bowel-comfort support pattern,nutrition,ease
Metastatic,Right colon,False,False,0,Not applicable,False,3,149,6.5,1,Fair,Occasional discomfort,Moderate,0,0.85,5,-1,hydration support pattern,hydration,progress
Locally advanced,Unknown,True,True,8,Both,False,7,58,5.5,5,Fair,Comfortable,High,0,0.95,30,-2,low-energy recovery pattern,rest,progress
Metastatic,Left colon,True,True,12,After surgery,False,3,85,7.5,5,Fair,Comfortable,Moderate,2,0.01,20,-1,low-energy recovery pattern,rest,ease
Early,Rectum,True,True,9,After surgery,False,9,59,8,4,Fair,Comfortable,Moderate,0,0.2,-11,-2,low-energy recovery pattern,rest,ease
Early,Rectum,True,True,10,Both,False,9,49,6,4,Poor,Persistent discomfort,Low,1,0.82,-8,1,bowel-comfort support pattern,nutrition,ease
Locally advanced,Rectum,True,True,8,After surgery,False,9,127,6,5,Fair,Comfortable,Low,1,0.15,7,-2,low-energy recovery pattern,rest,ease
Unknown,Right colon,True,True,9,After surgery,False,10,38,6,5,Fair,Comfortable,Moderate,2,0.65,-6,2,low-energy recovery pattern,rest,ease
Early,Left colon,True,True,12,After surgery,False,2,78,6.5,1,Fair,Comfortable,Moderate,1,0.53,-6,0,hydration support pattern,hydration,maintain
Locally advanced,Left colon,True,True,9,Before surgery,False,6,10,5.5,3,Fair,Occasional discomfort,Moderate,3,0.41,22,0,low-energy recovery pattern,rest,maintain
Early,Unknown,True,True,10,After surgery,False,3,137,6.5,4,Poor,Comfortable,Moderate,2,0.85,14,-2,bowel-comfort support pattern,nutrition,progress
Early,Left colon,True,False,0,Not applicable,False,7,68,5.5,4,Fair,Comfortable,Moderate,1,0.63,19,0,low-energy recovery pattern,rest,maintain
Locally advanced,Right colon,False,True,9,Both,True,7,126,7.5,3,Fair,Occasional discomfort,Moderate,1,0.84,26,0,steady wellbeing pattern,maintenance,progress
Early,Right colon,True,True,6,Before surgery,False,10,13,7,1,Fair,Comfortable,Moderate,1,0.96,6,0,low-activity recovery pattern,movement,progress
Locally advanced,Unknown,True,False,0,Not applicable,True,5,18,5.5,3,Good,Comfortable,Low,0,0.85,16,1,low-energy recovery pattern,rest,ease
Early,Unknown,False,True,9,Both,True,3,103,6.5,4,Poor,Comfortable,Moderate,1,0.61,26,-1,bowel-comfort support pattern,nutrition,maintain
Early,Right colon,False,False,0,Not applicable,False,2,143,7,3,Fair,Comfortable,High,1,0.01,-4,2,low-energy recovery pattern,rest,ease
Early,Unknown,True,True,12,Both,False,9,82,7.5,2,Good,Occasional discomfort,Low,2,0.38,-9,0,steady wellbeing pattern,maintenance,maintain
Early,Rectum,False,False,0,Not applicable,False,4,27,8,4,Fair,Occasional discomfort,Low,0,0.67,-27,-1,low-energy recovery pattern,rest,maintain
Locally advanced,Left colon,True,True,10,Before surgery,False,8,129,6,1,Fair,Comfortable,High,0,0.63,-6,0,low-energy recovery pattern,rest,maintain
Early,Rectum,True,False,0,Not applicable,False,5,95,8,2,Fair,Occasional discomfort,Low,0,0.41,-16,0,steady wellbeing pattern,maintenance,maintain
Unknown,Rectum,True,True,7,After surgery,True,4,35,6,4,Poor,Occasional discomfort,Moderate,0,0.24,6,2,bowel-comfort support pattern,nutrition,ease
Early,Rectum,True,True,10,Before surgery,False,7,53,6.5,3,Poor,Comfortable,Moderate,1,0.84,-6,0,bowel-comfort support pattern,nutrition,maintain
Locally advanced,Right colon,False,False,0,Not applicable,False,6,143,7,2,Good,Occasional discomfort,Low,1,0.21,11,2,steady wellbeing pattern,maintenance,ease
Early,Unknown,False,True,11,After surgery,True,2,122,7.5,2,Poor,Occasional discomfort,Moderate,1,0.83,-11,-2,bowel-comfort support pattern,nutrition,maintain
Locally advanced,Unknown,True,True,5,Both,False,10,80,8,5,Fair,Comfortable,Moderate,0,0.02,-17,1,low-energy recovery pattern,rest,ease
Unknown,Unknown,False,True,7,Before surgery,True,5,121,7,3,Good,Persistent discomfort,Low,2,0.76,-11,0,bowel-comfort support pattern,nutrition,maintain
Locally advanced,Unknown,True,True,4,Both,False,5,140,8,5,Poor,Occasional discomfort,Moderate,2,0.81,-14,1,bowel-comfort support pattern,nutrition,ease
Early,Unknown,True,True,6,Before surgery,False,7,53,6,2,Poor,Occasional discomfort,Moderate,0,0.18,9,0,bowel-comfort support pattern,nutrition,ease
Metastatic,Right colon,True,False,0,Not applicable,False,5,57,8,2,Good,Occasional discomfort,High,0,0.23,-7,2,low-energy recovery pattern,rest,ease
Locally advanced,Rectum,False,True,10,After surgery,False,10,15,6,2,Fair,Persistent discomfort,Moderate,1,0.45,-3,2,bowel-comfort support pattern,nutrition,ease
Early,Unknown,True,True,12,Both,True,6,138,7,2,Fair,Persistent discomfort,High,1,0.4,-4,-2,bowel-comfort support pattern,nutrition,maintain
Unknown,Rectum,True,False,0,Not applicable,False,2,105,7.5,4,Fair,Persistent discomfort,Moderate,0,0.31,-29,2,bowel-comfort support pattern,nutrition,ease
Early,Unknown,True,True,12,Both,False,2,110,6,1,Good,Comfortable,Low,1,0.12,29,1,low-energy recovery pattern,rest,ease
Metastatic,Rectum,True,True,11,After surgery,True,3,91,7,2,Poor,Occasional discomfort,Moderate,0,0.79,29,1,bowel-comfort support pattern,nutrition,ease
Early,Rectum,False,False,0,Not applicable,False,3,96,5.5,3,Fair,Occasional discomfort,Low,0,0.09,5,2,low-energy recovery pattern,rest,ease
Locally advanced,Right colon,True,True,9,Before surgery,False,3,129,5.5,1,Good,Persistent discomfort,Moderate,1,0.12,-14,0,bowel-comfort support pattern,nutrition,ease
Early,Unknown,False,True,8,Before surgery,False,8,81,6,3,Fair,Comfortable,High,2,0.63,4,2,low-energy recovery pattern,rest,ease
Locally advanced,Rectum,True,True,11,Before surgery,False,10,48,7,2,Fair,Occasional discomfort,Moderate,0,0.54,-3,2,steady wellbeing pattern,maintenance,ease
Locally advanced,Rectum,False,True,10,After surgery,False,5,66,7,1,Poor,Comfortable,Moderate,1,0.03,27,1,bowel-comfort support pattern,nutrition,ease
Metastatic,Rectum,True,False,0,Not applicable,True,8,43,6.5,5,Poor,Persistent discomfort,Low,1,0.7,2,-2,bowel-comfort support pattern,nutrition,progress
Early,Left colon,True,False,0,Not applicable,False,4,72,6,5,Fair,Persistent discomfort,Moderate,1,0.12,9,0,bowel-comfort support pattern,nutrition,ease
Locally advanced,Rectum,True,True,4,Both,False,8,149,5.5,5,Fair,Persistent discomfort,Moderate,0,0.6,-21,0,bowel-comfort support pattern,nutrition,maintain
Locally advanced,Left colon,True,True,6,Both,False,10,34,6,1,Fair,Persistent discomfort,Low,2,0.94,-22,0,bowel-comfort support pattern,nutrition,maintain
Unknown,Left colon,True,False,0,Not applicable,False,3,12,8,2,Fair,Occasional discomfort,Moderate,0,0.71,25,0,low-activity recovery pattern,movement,progress
Metastatic,Left colon,False,True,5,After surgery,True,4,62,7.5,4,Good,Occasional discomfort,Moderate,1,0.64,21,-1,low-energy recovery pattern,rest,maintain
Early,Left colon,False,False,0,Not applicable,False,9,80,6.5,3,Fair,Persistent discomfort,Low,1,0.08,-22,0,bowel-comfort support pattern,nutrition,ease
Early,Rectum,True,True,10,Before surgery,False,5,90,6.5,3,Good,Occasional discomfort,Moderate,2,0.07,-9,2,steady wellbeing pattern,maintenance,ease
Early,Right colon,False,True,11,After surgery,False,10,133,7,5,Fair,Occasional discomfort,Low,0,0.61,-18,1,low-energy recovery pattern,rest,ease
Early,Left colon,True,True,11,Both,False,3,84,8,1,Fair,Occasional discomfort,Moderate,2,1.0,-4,-1,hydration support pattern,hydration,maintain
Unknown,Right colon,True,True,12,Before surgery,False,3,145,5.5,2,Fair,Comfortable,Moderate,0,0.24,12,-1,low-energy recovery pattern,rest,ease
Unknown,Rectum,True,True,5,After surgery,False,4,53,7.5,2,Good,Persistent discomfort,Low,0,0.77,16,0,bowel-comfort support pattern,nutrition,progress
Early,Left colon,False,True,8,After surgery,False,10,88,8,3,Good,Persistent discomfort,Moderate,0,0.97,28,0,bowel-comfort support pattern,nutrition,progress
Locally advanced,Right colon,False,False,0,Not applicable,False,10,15,6,4,Fair,Persistent discomfort,Low,3,0.76,19,1,bowel-comfort support pattern,nutrition,ease
Unknown,Unknown,False,True,7,After surgery,False,6,105,7,4,Good,Persistent discomfort,Low,2,0.85,19,0,bowel-comfort support pattern,nutrition,progress
Locally advanced,Unknown,True,True,5,Before surgery,False,4,17,8,4,Fair,Persistent discomfort,High,0,0.94,-16,0,bowel-comfort support pattern,nutrition,maintain
Unknown,Rectum,False,False,0,Not applicable,True,9,117,7,4,Fair,Occasional discomfort,High,0,0.46,11,0,low-energy recovery pattern,rest,maintain
Unknown,Rectum,True,False,0,Not applicable,False,6,43,6,5,Fair,Comfortable,High,0,0.71,-26,2,low-energy recovery pattern,rest,ease
Locally advanced,Right colon,True,True,7,Before surgery,False,6,14,6.5,4,Poor,Comfortable,High,2,0.13,30,1,bowel-comfort support pattern,nutrition,ease
Metastatic,Unknown,True,True,7,Before surgery,False,8,48,7,5,Fair,Comfortable,Moderate,0,0.41,12,-1,low-energy recovery pattern,rest,maintain
Unknown,Rectum,True,False,0,Not applicable,False,5,71,8,2,Fair,Persistent discomfort,Moderate,1,0.41,25,-1,bowel-comfort support pattern,nutrition,maintain
Early,Unknown,True,True,8,Before surgery,False,6,143,6.5,1,Good,Persistent discomfort,Moderate,1,0.89,12,-2,bowel-comfort support pattern,nutrition,progress
Unknown,Left colon,False,False,0,Not applicable,False,6,148,8,5,Poor,Persistent discomfort,Moderate,1,0.42,-7,1,bowel-comfort support pattern,nutrition,ease
Locally advanced,Left colon,True,True,6,Both,False,2,132,7,1,Good,Occasional discomfort,Moderate,0,0.57,-19,-1,hydration support pattern,hydration,maintain
Locally advanced,Unknown,True,True,11,After surgery,False,9,23,6.5,5,Fair,Comfortable,Moderate,0,0.35,-5,2,low-energy recovery pattern,rest,ease
Locally advanced,Left colon,False,False,0,Not applicable,False,7,89,7,4,Fair,Occasional discomfort,Moderate,1,0.12,14,2,low-energy recovery pattern,rest,ease
Early,Rectum,True,True,4,After surgery,False,9,106,6.5,2,Poor,Occasional discomfort,Moderate,1,0.94,-22,0,bowel-comfort support pattern,nutrition,maintain
Locally advanced,Left colon,False,False,0,Not applicable,False,3,52,5.5,4,Good,Occasional discomfort,Moderate,0,0.44,18,-2,low-energy recovery pattern,rest,maintain
Early,Right colon,True,True,11,Both,True,5,38,8,3,Fair,Occasional discomfort,High,2,0.37,18,-2,low-energy recovery pattern,rest,maintain
Unknown,Left colon,True,True,5,Before surgery,False,8,33,5.5,1,Good,Comfortable,Moderate,0,0.39,-29,-1,low-energy recovery pattern,rest,maintain
Metastatic,Rectum,True,False,0,Not applicable,False,7,51,8,2,Good,Persistent discomfort,Moderate,0,0.04,-7,0,bowel-comfort support pattern,nutrition,ease
Early,Unknown,True,True,11,Both,False,2,125,7,4,Fair,Persistent discomfort,Moderate,2,0.32,-14,1,bowel-comfort support pattern,nutrition,ease
Locally advanced,Left colon,True,True,12,Both,False,4,95,7,4,Fair,Occasional discomfort,Moderate,0,0.82,-24,-2,low-energy recovery pattern,rest,maintain
Early,Unknown,True,False,0,Not applicable,True,4,11,6.5,3,Good,Comfortable,Moderate,0,0.76,10,0,low-activity recovery pattern,movement,progress
Early,Rectum,True,True,10,After surgery,False,8,30,7.5,4,Fair,Comfortable,High,0,0.95,5,-1,low-energy recovery pattern,rest,progress
Unknown,Left colon,True,False,0,Not applicable,False,4,54,7.5,4,Poor,Persistent discomfort,High,1,0.15,-10,1,bowel-comfort support pattern,nutrition,ease
Locally advanced,Unknown,True,False,0,Not applicable,False,9,92,5.5,4,Fair,Occasional discomfort,Moderate,0,0.5,-24,0,low-energy recovery pattern,rest,maintain
Unknown,Right colon,True,False,0,Not applicable,False,8,52,8,3,Good,Persistent discomfort,Low,1,0.25,7,-1,bowel-comfort support pattern,nutrition,ease
Early,Rectum,True,False,0,Not applicable,False,5,80,8,5,Fair,Occasional discomfort,High,2,0.95,10,2,low-energy recovery pattern,rest,ease
Locally advanced,Left colon,True,True,12,Both,False,8,132,7,4,Poor,Comfortable,High,0,0.21,-28,-1,bowel-comfort support pattern,nutrition,ease
Early,Left colon,True,True,9,Before surgery,True,3,99,8,1,Fair,Occasional discomfort,Moderate,1,0.62,19,2,hydration support pattern,hydration,ease
Unknown,Unknown,True,True,5,After surgery,True,5,54,5.5,5,Good,Occasional discomfort,High,0,0.47,19,2,low-energy recovery pattern,rest,ease
Early,Right colon,True,True,7,Both,False,4,87,7,3,Good,Persistent discomfort,Low,2,0.84,5,0,bowel-comfort support pattern,nutrition,progress
Unknown,Rectum,False,False,0,Not applicable,False,7,43,5.5,4,Fair,Comfortable,Moderate,1,0.82,-29,-2,low-energy recovery pattern,rest,maintain
Locally advanced,Left colon,True,False,0,Not applicable,False,7,52,5.5,5,Good,Occasional discomfort,Low,0,0.72,8,-2,low-energy recovery pattern,rest,progress
Metastatic,Left colon,False,False,0,Not applicable,False,2,128,7,1,Fair,Occasional discomfort,Moderate,0,0.61,24,-2,hydration support pattern,hydration,maintain
Locally advanced,Unknown,True,True,12,Both,False,3,96,5.5,5,Good,Comfortable,Moderate,3,0.09,-13,-1,low-energy recovery pattern,rest,ease
Locally advanced,Rectum,False,True,10,After surgery,False,7,72,7.5,2,Good,Occasional discomfort,Moderate,1,0.72,-7,-1,steady wellbeing pattern,maintenance,maintain
Locally advanced,Unknown,True,True,12,Both,False,8,104,8,1,Fair,Occasional discomfort,High,3,0.86,-14,0,low-energy recovery pattern,rest,maintain
Early,Unknown,True,True,9,Both,False,4,127,8,5,Good,Occasional discomfort,Moderate,1,0.25,26,0,low-energy recovery pattern,rest,ease
Locally advanced,Left colon,False,True,11,Before surgery,False,5,97,6.5,1,Fair,Occasional discomfort,Low,3,0.23,-24,2,steady wellbeing pattern,maintenance,ease
Early,Left colon,True,False,0,Not applicable,False,4,35,5.5,2,Good,Occasional discomfort,Low,1,0.77,19,-2,low-energy recovery pattern,rest,progress
Locally advanced,Left colon,True,True,6,Before surgery,False,6,58,8,3,Good,Comfortable,Moderate,1,0.6,14,0,steady wellbeing pattern,maintenance,maintain
Metastatic,Rectum,False,False,0,Not applicable,False,10,119,5.5,5,Good,Comfortable,Low,0,0.35,-10,-1,low-energy recovery pattern,rest,maintain
Early,Rectum,True,True,12,After surgery,False,7,42,6,4,Good,Occasional discomfort,Moderate,1,0.01,10,-2,low-energy recovery pattern,rest,ease
Metastatic,Unknown,True,False,0,Not applicable,False,9,76,6,4,Fair,Occasional discomfort,Low,2,0.43,7,1,low-energy recovery pattern,rest,ease
Early,Right colon,True,False,0,Not applicable,True,3,118,7,2,Poor,Comfortable,High,0,0.89,-25,-2,bowel-comfort support pattern,nutrition,maintain
Early,Rectum,True,True,9,After surgery,False,6,73,6.5,5,Fair,Comfortable,Moderate,1,0.37,19,-2,low-energy recovery pattern,rest,maintain
Early,Rectum,True,True,8,After surgery,False,6,131,8,5,Good,Comfortable,High,2,0.98,-21,-2,low-energy recovery pattern,rest,maintain
Locally advanced,Unknown,True,False,0,Not applicable,True,8,75,5.5,1,Good,Occasional discomfort,Low,0,0.33,-6,0,low-energy recovery pattern,rest,maintain
Unknown,Right colon,False,False,0,Not applicable,False,3,119,5.5,4,Fair,Occasional discomfort,Low,1,0.6,-16,1,low-energy recovery pattern,rest,ease
Early,Right colon,False,False,0,Not applicable,False,2,128,5.5,5,Fair,Comfortable,Moderate,1,0.58,9,0,low-energy recovery pattern,rest,maintain
Locally advanced,Unknown,True,True,6,Both,False,4,138,5.5,2,Good,Occasional discomfort,Moderate,1,0.38,16,2,low-energy recovery pattern,rest,ease
Metastatic,Right colon,True,False,0,Not applicable,False,4,29,7,3,Fair,Comfortable,High,1,0.18,20,0,low-energy recovery pattern,rest,ease
Metastatic,Right colon,True,True,4,After surgery,False,5,52,7.5,1,Fair,Occasional discomfort,Moderate,3,0.36,5,0,steady wellbeing pattern,maintenance,maintain
Unknown,Right colon,True,False,0,Not applicable,False,7,31,8,5,Fair,Occasional discomfort,High,0,0.94,-24,0,low-energy recovery pattern,rest,maintain
Locally advanced,Unknown,True,True,8,Both,False,8,64,6.5,3,Fair,Occasional discomfort,Low,0,0.91,3,2,steady wellbeing pattern,maintenance,ease
Early,Left colon,False,True,10,Both,False,8,117,8,3,Good,Comfortable,Low,2,0.83,13,-2,steady wellbeing pattern,maintenance,progress
Metastatic,Right colon,True,True,10,After surgery,False,7,21,8,4,Fair,Occasional discomfort,Low,0,0.19,-15,2,low-energy recovery pattern,rest,ease
Early,Right colon,False,False,0,Not applicable,False,5,105,5.5,5,Good,Comfortable,Low,2,0.35,-2,-2,low-energy recovery pattern,rest,maintain
Early,Right colon,True,True,4,After surgery,False,9,24,6,1,Good,Persistent discomfort,High,1,0.83,-25,0,bowel-comfort support pattern,nutrition,maintain
Early,Left colon,True,True,4,Both,True,2,142,7,2,Poor,Comfortable,Moderate,1,0.54,11,0,bowel-comfort support pattern,nutrition,maintain
Metastatic,Left colon,True,True,9,Both,False,6,88,7.5,1,Fair,Comfortable,Low,3,0.76,2,0,steady wellbeing pattern,maintenance,progress
Early,Right colon,True,True,7,Before surgery,False,3,47,6,2,Poor,Comfortable,Moderate,1,0.37,-15,0,bowel-comfort support pattern,nutrition,maintain
Metastatic,Unknown,True,True,5,Both,False,5,35,6.5,3,Good,Occasional discomfort,High,2,0.18,-25,0,low-energy recovery pattern,rest,ease
Locally advanced,Rectum,True,False,0,Not applicable,False,3,148,6,5,Fair,Occasional discomfort,Moderate,0,0.97,-30,-2,low-energy recovery pattern,rest,maintain
Unknown,Rectum,False,True,12,Both,False,3,19,7,3,Fair,Comfortable,Low,0,0.67,17,1,low-activity recovery pattern,movement,ease
Early,Right colon,True,True,11,Both,False,4,14,7,5,Poor,Occasional discomfort,High,0,0.7,18,-2,bowel-comfort support pattern,nutrition,progress
Locally advanced,Right colon,True,True,7,Before surgery,True,5,109,7,4,Fair,Comfortable,Moderate,0,0.21,-6,0,low-energy recovery pattern,rest,ease
Unknown,Unknown,False,True,4,Both,True,3,110,6,2,Good,Comfortable,Low,1,0.21,12,1,low-energy recovery pattern,rest,ease
Locally advanced,Right colon,True,True,11,After surgery,True,6,17,7.5,1,Fair,Occasional discomfort,Moderate,2,0.23,20,0,low-activity recovery pattern,movement,ease
Unknown,Left colon,False,True,12,Before surgery,False,7,149,7,4,Good,Comfortable,High,0,0.5,-21,-1,low-energy recovery pattern,rest,maintain
Locally advanced,Rectum,True,True,7,Both,False,3,37,7.5,1,Poor,Comfortable,Moderate,0,0.9,-13,0,bowel-comfort support pattern,nutrition,maintain
Early,Rectum,True,True,7,Before surgery,True,6,50,7,2,Fair,Comfortable,High,0,0.71,26,2,low-energy recovery pattern,rest,ease
Early,Right colon,True,True,8,Both,False,8,49,7,2,Fair,Persistent discomfort,Moderate,2,0.55,-19,2,bowel-comfort support pattern,nutrition,ease
Early,Rectum,False,False,0,Not applicable,True,3,81,6.5,4,Fair,Comfortable,Low,2,0.78,-14,2,low-energy recovery pattern,rest,ease
Unknown,Left colon,True,False,0,Not applicable,False,8,132,7,5,Good,Comfortable,Low,1,0.5,0,-2,low-energy recovery pattern,rest,maintain
Locally advanced,Right colon,True,True,12,After surgery,False,10,121,8,4,Fair,Persistent discomfort,Moderate,0,0.4,-5,2,bowel-comfort support pattern,nutrition,ease
Locally advanced,Rectum,True,False,0,Not applicable,False,3,147,6.5,1,Good,Occasional discomfort,High,1,0.56,23,0,low-energy recovery pattern,rest,maintain
Unknown,Rectum,True,False,0,Not applicable,True,2,112,6.5,3,Fair,Occasional discomfort,Moderate,0,0.51,-9,0,hydration support pattern,hydration,maintain
Unknown,Unknown,True,True,6,Both,False,6,85,5.5,5,Fair,Persistent discomfort,Low,2,0.93,-18,0,bowel-comfort support pattern,nutrition,maintain
Locally advanced,Right colon,True,False,0,Not applicable,True,9,87,6.5,3,Fair,Persistent discomfort,Moderate,0,0.48,16,0,bowel-comfort support pattern,nutrition,maintain
Locally advanced,Unknown,False,True,11,Both,False,9,117,6.5,2,Fair,Occasional discomfort,Moderate,0,0.59,-14,0,steady wellbeing pattern,maintenance,maintain
Locally advanced,Right colon,False,True,4,Before surgery,False,3,148,5.5,2,Fair,Occasional discomfort,Moderate,0,0.44,-6,-2,low-energy recovery pattern,rest,maintain
Metastatic,Right colon,False,False,0,Not applicable,False,7,32,6,3,Fair,Comfortable,High,0,0.05,-21,0,low-energy recovery pattern,rest,ease
Locally advanced,Unknown,True,True,10,After surgery,True,7,88,7,4,Good,Persistent discomfort,Moderate,1,0.75,-15,2,bowel-comfort support pattern,nutrition,ease
Locally advanced,Rectum,True,True,6,After surgery,False,3,91,7,3,Fair,Occasional discomfort,Low,0,0.78,1,2,hydration support pattern,hydration,ease
Early,Right colon,False,True,6,Before surgery,False,5,53,6,3,Good,Occasional discomfort,Moderate,0,0.83,-9,0,low-energy recovery pattern,rest,maintain
Early,Rectum,True,False,0,Not applicable,False,3,27,6,5,Fair,Persistent discomfort,Low,1,0.9,-7,-2,bowel-comfort support pattern,nutrition,maintain
Locally advanced,Rectum,True,False,0,Not applicable,False,4,58,7,4,Poor,Persistent discomfort,Moderate,1,0.31,-7,-2,bowel-comfort support pattern,nutrition,maintain
Early,Right colon,True,True,12,Both,False,7,111,8,3,Poor,Comfortable,Low,2,0.57,-17,-2,bowel-comfort support pattern,nutrition,maintain
Early,Rectum,False,True,6,After surgery,False,5,103,6.5,1,Fair,Comfortable,High,0,0.66,-10,0,low-energy recovery pattern,rest,maintain
Early,Right colon,True,True,7,Both,False,6,60,6.5,2,Fair,Persistent discomfort,Low,0,0.69,-5,2,bowel-comfort support pattern,nutrition,ease
Locally advanced,Left colon,True,False,0,Not applicable,False,3,73,6,2,Good,Persistent discomfort,Moderate,1,0.44,-11,0,bowel-comfort support pattern,nutrition,maintain
Metastatic,Rectum,True,False,0,Not applicable,False,5,12,6,3,Fair,Occasional discomfort,Moderate,1,0.38,7,0,low-energy recovery pattern,rest,maintain
Early,Left colon,True,True,12,Before surgery,False,6,24,6,5,Fair,Occasional discomfort,Moderate,0,0.66,2,-2,low-energy recovery pattern,rest,maintain
Locally advanced,Right colon,False,False,0,Not applicable,False,9,142,8,4,Fair,Persistent discomfort,Low,0,0.39,29,0,bowel-comfort support pattern,nutrition,maintain
Metastatic,Rectum,False,True,8,After surgery,False,8,40,6,1,Good,Occasional discomfort,High,2,0.99,-6,2,low-energy recovery pattern,rest,ease
Early,Left colon,True,True,9,After surgery,False,5,27,5.5,3,Fair,Comfortable,Low,2,0.61,-29,0,low-energy recovery pattern,rest,maintain
Early,Left colon,True,False,0,Not applicable,False,9,55,7,4,Good,Occasional discomfort,High,2,0.06,-21,2,low-energy recovery pattern,rest,ease
Locally advanced,Unknown,False,True,4,Both,False,2,124,6.5,5,Fair,Comfortable,Moderate,1,0.03,16,2,low-energy recovery pattern,rest,ease
Early,Left colon,True,False,0,Not applicable,False,8,118,5.5,2,Fair,Persistent discomfort,High,1,0.32,16,0,bowel-comfort support pattern,nutrition,maintain
Early,Right colon,True,True,9,After surgery,False,6,39,6,4,Good,Occasional discomfort,Low,2,0.43,-19,-2,low-energy recovery pattern,rest,maintain
Locally advanced,Rectum,True,False,0,Not applicable,False,6,28,6.5,5,Poor,Persistent discomfort,High,0,0.72,-17,2,bowel-comfort support pattern,nutrition,ease
Locally advanced,Right colon,True,False,0,Not applicable,False,3,66,8,2,Poor,Occasional discomfort,Moderate,2,0.82,22,-1,bowel-comfort support pattern,nutrition,progress
Early,Right colon,True,True,9,Both,False,2,57,7,3,Good,Occasional discomfort,Moderate,0,0.27,14,1,hydration support pattern,hydration,ease
Unknown,Right colon,True,True,11,After surgery,False,3,133,5.5,3,Fair,Persistent discomfort,Moderate,2,0.73,24,2,bowel-comfort support pattern,nutrition,ease
Metastatic,Unknown,False,True,12,Before surgery,False,9,21,8,2,Good,Persistent discomfort,Low,1,0.55,2,0,bowel-comfort support pattern,nutrition,maintain
Metastatic,Unknown,True,True,4,Before surgery,False,3,64,7.5,5,Fair,Comfortable,Moderate,0,0.97,-2,0,low-energy recovery pattern,rest,maintain
Locally advanced,Rectum,True,False,0,Not applicable,False,10,68,7.5,3,Fair,Occasional discomfort,Moderate,0,0.99,-27,1,steady wellbeing pattern,maintenance,ease
Metastatic,Left colon,False,True,4,After surgery,True,3,101,5.5,3,Fair,Comfortable,High,0,0.37,11,-1,low-energy recovery pattern,rest,maintain
Early,Right colon,True,True,5,Both,False,7,47,8,4,Fair,Comfortable,Moderate,1,0.31,22,-1,low-energy recovery pattern,rest,maintain
Locally advanced,Right colon,True,True,7,Both,False,7,56,5.5,2,Fair,Comfortable,High,0,0.56,11,1,low-energy recovery pattern,rest,ease
Early,Right colon,True,True,6,Before surgery,True,4,41,6,3,Good,Occasional discomfort,High,2,0.5,30,2,low-energy recovery pattern,rest,ease
Early,Unknown,False,True,10,Before surgery,False,4,127,7.5,2,Good,Persistent discomfort,High,2,0.12,-15,0,bowel-comfort support pattern,nutrition,ease
Unknown,Left colon,True,True,9,After surgery,False,9,72,5.5,3,Good,Occasional discomfort,High,0,0.17,-14,-2,low-energy recovery pattern,rest,ease
Locally advanced,Left colon,False,True,12,After surgery,False,3,79,8,2,Good,Comfortable,Low,2,0.75,9,-1,hydration support pattern,hydration,progress
Unknown,Unknown,True,True,6,Both,True,7,118,8,2,Good,Persistent discomfort,Low,1,0.22,-5,2,bowel-comfort support pattern,nutrition,ease
Locally advanced,Right colon,False,False,0,Not applicable,False,10,145,7,3,Fair,Occasional discomfort,Moderate,0,0.55,-24,1,steady wellbeing pattern,maintenance,ease
Early,Left colon,False,False,0,Not applicable,True,3,91,7,2,Fair,Occasional discomfort,Moderate,1,0.38,-22,0,hydration support pattern,hydration,maintain
Metastatic,Right colon,False,True,6,After surgery,False,4,42,6,1,Good,Comfortable,Low,1,0.6,-25,0,low-energy recovery pattern,rest,maintain
Locally advanced,Left colon,False,True,4,Both,False,2,53,7,1,Good,Occasional discomfort,High,0,0.24,30,1,low-energy recovery pattern,rest,ease
Early,Right colon,False,False,0,Not applicable,False,9,80,8,5,Good,Persistent discomfort,Moderate,0,0.84,5,0,bowel-comfort support pattern,nutrition,progress
Early,Right colon,True,False,0,Not applicable,False,10,72,8,4,Good,Occasional discomfort,Moderate,2,0.78,28,-1,low-energy recovery pattern,rest,progress
Early,Rectum,True,True,12,Both,True,7,59,8,5,Poor,Comfortable,Low,0,0.68,-13,1,bowel-comfort support pattern,nutrition,ease
Early,Right colon,True,True,9,Before surgery,False,3,26,6,4,Fair,Comfortable,Moderate,0,0.03,26,1,low-energy recovery pattern,rest,ease
Locally advanced,Right colon,True,True,10,Both,False,6,103,5.5,3,Fair,Occasional discomfort,Moderate,1,0.03,26,2,low-energy recovery pattern,rest,ease
Early,Rectum,False,True,11,Before surgery,False,10,54,6.5,3,Fair,Comfortable,Moderate,1,0.71,-1,0,steady wellbeing pattern,maintenance,maintain
Locally advanced,Rectum,True,True,11,Before surgery,False,8,100,7,4,Fair,Occasional discomfort,Moderate,2,0.87,26,2,low-energy recovery pattern,rest,ease
Early,Right colon,True,True,8,After surgery,True,5,84,7,3,Fair,Persistent discomfort,Moderate,1,0.58,-26,-2,bowel-comfort support pattern,nutrition,maintain
Metastatic,Rectum,False,False,0,Not applicable,False,2,136,5.5,1,Poor,Comfortable,Moderate,1,0.08,-9,0,bowel-comfort support pattern,nutrition,ease
Early,Rectum,True,True,8,After surgery,True,3,84,7.5,1,Good,Persistent discomfort,Moderate,1,0.27,-11,0,bowel-comfort support pattern,nutrition,ease
Locally advanced,Rectum,True,True,12,Both,True,9,80,6,5,Fair,Occasional discomfort,Moderate,1,0.82,12,1,low-energy recovery pattern,rest,ease
Early,Rectum,False,False,0,Not applicable,True,7,96,6,3,Fair,Occasional discomfort,Moderate,1,0.92,17,-2,low-energy recovery pattern,rest,progress
Locally advanced,Left colon,False,False,0,Not applicable,False,6,95,7.5,1,Poor,Comfortable,Moderate,0,0.61,13,0,bowel-comfort support pattern,nutrition,maintain
Locally advanced,Right colon,True,True,7,Before surgery,False,2,19,5.5,5,Fair,Persistent discomfort,Moderate,1,0.29,21,-1,bowel-comfort support pattern,nutrition,ease
Early,Right colon,False,True,8,Before surgery,False,8,15,8,2,Fair,Occasional discomfort,Low,1,0.72,27,2,low-activity recovery pattern,movement,ease
Locally advanced,Rectum,True,False,0,Not applicable,False,6,92,7.5,4,Good,Comfortable,Moderate,2,0.48,2,-1,low-energy recovery pattern,rest,maintain
Unknown,Left colon,True,True,8,Before surgery,False,8,84,7,5,Good,Comfortable,Low,0,0.31,-13,-2,low-energy recovery pattern,rest,maintain
Early,Rectum,False,False,0,Not applicable,False,10,22,8,3,Good,Persistent discomfort,High,1,0.32,5,-2,bowel-comfort support pattern,nutrition,maintain
Early,Left colon,True,True,4,After surgery,True,5,72,7.5,5,Poor,Occasional discomfort,Moderate,1,0.87,-30,0,bowel-comfort support pattern,nutrition,maintain
Early,Rectum,False,True,9,Both,True,4,88,8,2,Fair,Comfortable,Moderate,1,0.2,12,2,hydration support pattern,hydration,ease
Unknown,Left colon,False,False,0,Not applicable,False,10,53,6.5,4,Fair,Comfortable,Moderate,0,0.36,17,0,low-energy recovery pattern,rest,maintain
Unknown,Unknown,True,True,9,Both,False,10,41,6.5,5,Good,Occasional discomfort,Moderate,0,0.19,3,1,low-energy recovery pattern,rest,ease
Locally advanced,Right colon,True,True,11,After surgery,False,8,134,6.5,4,Fair,Comfortable,Low,0,0.74,-16,-1,low-energy recovery pattern,rest,maintain
Early,Left colon,True,False,0,Not applicable,False,3,27,7,5,Fair,Persistent discomfort,Moderate,1,0.22,-15,0,bowel-comfort support pattern,nutrition,ease
Early,Right colon,True,True,11,Both,False,3,118,7,1,Good,Occasional discomfort,Moderate,0,0.19,19,-1,hydration support pattern,hydration,ease
Early,Right colon,True,False,0,Not applicable,False,5,138,8,3,Poor,Occasional discomfort,Moderate,0,0.67,-11,0,bowel-comfort support pattern,nutrition,maintain
Metastatic,Right colon,True,True,5,Before surgery,False,9,75,7.5,5,Poor,Persistent discomfort,High,0,0.41,27,0,bowel-comfort support pattern,nutrition,maintain
Unknown,Right colon,True,True,7,Before surgery,False,4,76,7.5,3,Poor,Occasional discomfort,High,0,0.55,-11,0,bowel-comfort support pattern,nutrition,maintain
Locally advanced,Unknown,True,True,6,Both,False,10,106,6.5,2,Good,Occasional discomfort,Low,3,0.25,23,0,steady wellbeing pattern,maintenance,ease
Early,Right colon,True,True,10,After surgery,False,2,149,8,4,Good,Persistent discomfort,High,2,0.7,7,1,bowel-comfort support pattern,nutrition,ease
Unknown,Right colon,True,True,5,Both,False,7,55,7.5,5,Fair,Comfortable,Low,1,0.52,8,0,low-energy recovery pattern,rest,maintain
Locally advanced,Rectum,True,True,8,Both,True,3,98,5.5,4,Fair,Persistent discomfort,High,2,0.13,13,2,bowel-comfort support pattern,nutrition,ease
Early,Right colon,True,False,0,Not applicable,True,2,110,5.5,4,Good,Persistent discomfort,Low,2,0.2,-13,2,bowel-comfort support pattern,nutrition,ease
Locally advanced,Right colon,True,True,11,Before surgery,True,6,25,6.5,4,Good,Persistent discomfort,Moderate,3,0.9,25,-2,bowel-comfort support pattern,nutrition,progress
Locally advanced,Right colon,True,True,9,Before surgery,False,7,80,7,3,Fair,Occasional discomfort,Low,2,0.45,15,-2,steady wellbeing pattern,maintenance,maintain
Early,Unknown,True,False,0,Not applicable,False,6,56,7.5,1,Poor,Persistent discomfort,High,1,0.58,19,-1,bowel-comfort support pattern,nutrition,maintain
Metastatic,Rectum,True,False,0,Not applicable,False,5,74,7.5,4,Good,Comfortable,Low,0,0.27,-28,0,low-energy recovery pattern,rest,ease
Early,Unknown,True,False,0,Not applicable,False,6,61,7.5,5,Good,Occasional discomfort,Moderate,0,0.52,1,0,low-energy recovery pattern,rest,maintain
Early,Left colon,True,True,8,Both,False,10,63,5.5,1,Fair,Persistent discomfort,High,2,0.6,16,0,bowel-comfort support pattern,nutrition,maintain
Locally advanced,Unknown,False,False,0,Not applicable,False,9,26,7.5,1,Good,Occasional discomfort,Low,1,0.99,-4,-2,low-activity recovery pattern,movement,maintain
Locally advanced,Unknown,False,False,0,Not applicable,False,10,149,5.5,1,Fair,Comfortable,High,0,0.05,0,0,low-energy recovery pattern,rest,ease
Unknown,Left colon,True,False,0,Not applicable,False,10,100,5.5,2,Poor,Occasional discomfort,Moderate,1,0.18,-23,2,bowel-comfort support pattern,nutrition,ease
Early,Left colon,True,True,7,Before surgery,False,6,98,8,2,Fair,Comfortable,Low,2,0.64,27,-1,steady wellbeing pattern,maintenance,maintain
Early,Rectum,False,True,11,Both,False,8,104,7,5,Good,Comfortable,Moderate,0,0.98,-20,1,low-energy recovery pattern,rest,ease
Early,Rectum,True,False,0,Not applicable,True,4,125,7,5,Fair,Occasional discomfort,High,2,0.84,17,0,low-energy recovery pattern,rest,progress
Locally advanced,Rectum,False,True,8,Before surgery,True,4,143,7,1,Fair,Occasional discomfort,Low,1,0.07,-23,0,hydration support pattern,hydration,ease
Early,Left colon,False,True,5,Both,False,10,79,6.5,4,Poor,Comfortable,Moderate,1,0.64,9,-1,bowel-comfort support pattern,nutrition,maintain
Early,Left colon,False,False,0,Not applicable,False,10,15,7.5,3,Fair,Occasional discomfort,Low,0,0.74,-21,0,low-activity recovery pattern,movement,maintain
Early,Right colon,True,False,0,Not applicable,True,4,61,6.5,4,Fair,Occasional discomfort,High,0,0.89,-3,0,low-energy recovery pattern,rest,maintain
Locally advanced,Left colon,False,True,5,Before surgery,False,4,140,7,2,Fair,Occasional discomfort,Low,0,0.38,-4,1,hydration support pattern,hydration,ease
Early,Unknown,True,True,12,Both,False,6,137,6,1,Fair,Occasional discomfort,Low,1,0.83,-22,1,low-energy recovery pattern,rest,ease
Early,Left colon,True,True,4,After surgery,False,9,111,6.5,1,Good,Comfortable,Moderate,0,0.15,11,0,steady wellbeing pattern,maintenance,ease
Early,Rectum,True,False,0,Not applicable,False,6,112,7,4,Poor,Comfortable,Moderate,2,0.33,-24,1,bowel-comfort support pattern,nutrition,ease
Locally advanced,Unknown,True,True,11,Before surgery,False,3,15,7,2,Good,Occasional discomfort,Low,0,0.73,24,-1,low-activity recovery pattern,movement,progress
Early,Right colon,True,False,0,Not applicable,False,9,128,7,4,Fair,Occasional discomfort,Low,2,0.55,-14,-1,low-energy recovery pattern,rest,maintain
Early,Unknown,False,True,10,After surgery,False,9,73,5.5,5,Fair,Occasional discomfort,High,0,0.15,19,2,low-energy recovery pattern,rest,ease
Locally advanced,Rectum,False,False,0,Not applicable,False,9,91,6.5,5,Good,Comfortable,Low,3,0.3,-20,2,low-energy recovery pattern,rest,ease
Metastatic,Unknown,True,True,5,After surgery,False,8,72,6,2,Fair,Occasional discomfort,High,2,0.62,14,0,low-energy recovery pattern,rest,maintain
Unknown,Unknown,True,True,7,After surgery,False,3,53,5.5,2,Fair,Comfortable,Moderate,0,0.52,-23,0,low-energy recovery pattern,rest,maintain
Early,Right colon,True,True,4,Before surgery,False,8,133,8,4,Good,Comfortable,Moderate,0,0.02,-30,-2,low-energy recovery pattern,rest,ease
Early,Left colon,True,True,11,Before surgery,False,9,65,8,1,Good,Persistent discomfort,Moderate,3,0.5,6,0,bowel-comfort support pattern,nutrition,maintain
Early,Right colon,False,True,12,Before surgery,False,9,16,7.5,2,Poor,Occasional discomfort,High,2,0.11,-1,0,bowel-comfort support pattern,nutrition,ease
Locally advanced,Unknown,True,False,0,Not applicable,True,3,11,8,5,Poor,Persistent discomfort,Moderate,0,0.77,-14,-2,bowel-comfort support pattern,nutrition,maintain
Metastatic,Left colon,True,False,0,Not applicable,False,10,70,7,1,Poor,Occasional discomfort,Moderate,1,0.8,-4,0,bowel-comfort support pattern,nutrition,maintain
Metastatic,Unknown,True,True,7,Before surgery,True,9,60,5.5,4,Fair,Persistent discomfort,Moderate,2,0.2,-14,-2,bowel-comfort support pattern,nutrition,ease
Locally advanced,Rectum,True,True,10,Both,False,9,44,7.5,1,Fair,Occasional discomfort,Moderate,0,0.64,24,-2,low-activity recovery pattern,movement,maintain
Unknown,Left colon,True,False,0,Not applicable,True,7,109,6,4,Poor,Comfortable,Moderate,2,0.8,18,0,bowel-comfort support pattern,nutrition,progress
Early,Right colon,True,True,11,Before surgery,False,4,68,7.5,3,Fair,Comfortable,Moderate,1,0.79,9,1,hydration support pattern,hydration,ease
Early,Left colon,True,True,7,After surgery,False,5,124,5.5,4,Good,Occasional discomfort,Moderate,0,0.81,-13,-1,low-energy recovery pattern,rest,maintain
Unknown,Right colon,False,False,0,Not applicable,False,7,132,8,5,Fair,Comfortable,High,1,0.07,-27,0,low-energy recovery pattern,rest,ease
Locally advanced,Rectum,False,False,0,Not applicable,True,5,15,7,2,Poor,Persistent discomfort,Moderate,0,0.29,-14,1,bowel-comfort support pattern,nutrition,ease
Early,Rectum,False,True,8,Before surgery,False,2,21,6,5,Fair,Persistent discomfort,Moderate,1,0.64,-11,2,bowel-comfort support pattern,nutrition,ease
Early,Right colon,False,True,6,After surgery,False,5,112,8,4,Good,Occasional discomfort,Low,1,0.2,12,2,low-energy recovery pattern,rest,ease
Locally advanced,Left colon,False,False,0,Not applicable,False,7,94,6.5,2,Good,Persistent discomfort,High,2,0.9,-18,0,bowel-comfort support pattern,nutrition,maintain
Locally advanced,Unknown,True,True,9,Both,False,8,51,8,2,Good,Persistent discomfort,Moderate,1,0.42,-19,-2,bowel-comfort support pattern,nutrition,maintain
Early,Rectum,True,False,0,Not applicable,False,9,53,7.5,4,Good,Occasional discomfort,Moderate,0,0.2,14,-1,low-energy recovery pattern,rest,ease
Locally advanced,Rectum,True,True,9,Before surgery,False,4,45,6,1,Fair,Comfortable,High,0,0.19,26,0,low-energy recovery pattern,rest,ease
Locally advanced,Left colon,False,True,12,Before surgery,False,3,103,8,2,Fair,Occasional discomfort,Moderate,0,0.43,29,0,hydration support pattern,hydration,maintain
Early,Right colon,True,True,4,After surgery,False,3,35,5.5,4,Fair,Occasional discomfort,Low,1,0.69,-29,2,low-energy recovery pattern,rest,ease
Early,Left colon,False,False,0,Not applicable,False,2,53,6.5,5,Fair,Occasional discomfort,Moderate,1,0.02,-9,-1,low-energy recovery pattern,rest,ease
Early,Left colon,True,True,10,Both,False,7,38,6,2,Poor,Persistent discomfort,Low,2,0.72,-1,2,bowel-comfort support pattern,nutrition,ease
Locally advanced,Rectum,False,True,7,Both,False,7,67,6,1,Fair,Persistent discomfort,Moderate,2,0.66,-15,0,bowel-comfort support pattern,nutrition,maintain
Early,Left colon,True,False,0,Not applicable,False,2,104,7,3,Fair,Occasional discomfort,Low,1,0.42,11,-2,hydration support pattern,hydration,maintain
Metastatic,Right colon,True,True,9,Both,False,6,112,7,3,Good,Occasional discomfort,Low,2,0.41,4,1,steady wellbeing pattern,maintenance,ease
Unknown,Unknown,True,False,0,Not applicable,True,9,134,5.5,4,Fair,Persistent discomfort,Moderate,0,0.27,-19,-1,bowel-comfort support pattern,nutrition,ease
Early,Unknown,False,False,0,Not applicable,False,5,27,7,3,Fair,Comfortable,Low,2,0.24,16,-1,low-activity recovery pattern,movement,ease
Early,Rectum,False,False,0,Not applicable,False,4,147,7.5,5,Good,Persistent discomfort,Moderate,0,0.48,-27,2,bowel-comfort support pattern,nutrition,ease
Locally advanced,Unknown,False,True,4,Both,False,2,124,7.5,5,Fair,Comfortable,Moderate,1,0.4,1,1,low-energy recovery pattern,rest,ease
Metastatic,Unknown,True,True,6,After surgery,False,7,35,5.5,2,Poor,Occasional discomfort,Moderate,1,0.74,-15,2,bowel-comfort support pattern,nutrition,ease
Early,Unknown,True,False,0,Not applicable,False,10,73,7,4,Fair,Comfortable,High,1,0.5,24,0,low-energy recovery pattern,rest,maintain
Early,Unknown,True,True,12,After surgery,True,2,15,7.5,4,Fair,Occasional discomfort,Moderate,0,0.92,4,2,low-energy recovery pattern,rest,ease
Early,Rectum,True,False,0,Not applicable,True,2,36,7.5,3,Fair,Persistent discomfort,Low,1,0.98,-14,-2,bowel-comfort support pattern,nutrition,maintain
Locally advanced,Right colon,True,True,12,Both,True,4,82,7.5,4,Good,Comfortable,Moderate,2,0.81,22,1,low-energy recovery pattern,rest,ease
Early,Unknown,True,True,5,Both,False,3,111,7,2,Good,Comfortable,Moderate,2,0.27,-9,1,hydration support pattern,hydration,ease
Early,Rectum,True,False,0,Not applicable,False,10,62,7.5,1,Poor,Occasional discomfort,Moderate,3,0.71,28,0,bowel-comfort support pattern,nutrition,progress
Locally advanced,Rectum,True,False,0,Not applicable,False,10,69,7.5,5,Poor,Persistent discomfort,Moderate,1,0.55,-25,-1,bowel-comfort support pattern,nutrition,maintain
Early,Right colon,True,False,0,Not applicable,False,3,39,6.5,2,Fair,Occasional discomfort,Low,1,0.19,24,0,low-activity recovery pattern,movement,ease
Locally advanced,Left colon,True,False,0,Not applicable,False,3,94,6.5,5,Fair,Comfortable,Moderate,0,0.33,15,0,low-energy recovery pattern,rest,maintain
Unknown,Left colon,True,False,0,Not applicable,False,3,149,7.5,1,Good,Occasional discomfort,Moderate,2,0.52,-30,0,hydration support pattern,hydration,maintain
Locally advanced,Unknown,False,True,10,Both,False,8,147,8,5,Fair,Persistent discomfort,Low,2,0.38,5,1,bowel-comfort support pattern,nutrition,ease
Early,Rectum,True,True,8,After surgery,True,10,12,6.5,5,Fair,Comfortable,Moderate,1,0.38,-18,2,low-energy recovery pattern,rest,ease
Locally advanced,Right colon,True,False,0,Not applicable,True,4,144,5.5,3,Fair,Comfortable,Moderate,1,0.59,-27,2,low-energy recovery pattern,rest,ease
Metastatic,Rectum,True,False,0,Not applicable,False,2,63,7,1,Good,Occasional discomfort,Moderate,1,0.71,19,-1,hydration support pattern,hydration,progress
Early,Rectum,True,True,9,Before surgery,False,7,56,6,1,Good,Occasional discomfort,High,0,0.11,17,-1,low-energy recovery pattern,rest,ease
Locally advanced,Left colon,True,True,6,After surgery,False,5,123,6,3,Fair,Occasional discomfort,Low,0,0.22,-22,1,low-energy recovery pattern,rest,ease
Early,Unknown,True,True,5,Both,False,7,113,5.5,5,Poor,Persistent discomfort,Moderate,2,0.89,7,-1,bowel-comfort support pattern,nutrition,progress
Metastatic,Rectum,True,True,6,Before surgery,False,10,148,5.5,1,Fair,Occasional discomfort,Moderate,0,0.89,24,-1,low-energy recovery pattern,rest,progress
Locally advanced,Right colon,False,True,10,After surgery,False,8,68,7,3,Poor,Occasional discomfort,High,1,0.23,1,2,bowel-comfort support pattern,nutrition,ease
Early,Unknown,True,False,0,Not applicable,False,7,28,6.5,2,Good,Comfortable,High,2,0.11,-18,2,low-energy recovery pattern,rest,ease
Early,Rectum,False,True,11,Before surgery,False,3,44,5.5,2,Fair,Occasional discomfort,Low,0,0.44,-30,0,low-energy recovery pattern,rest,maintain
Unknown,Rectum,True,False,0,Not applicable,False,10,41,7.5,2,Poor,Comfortable,Low,3,0.88,4,1,bowel-comfort support pattern,nutrition,ease
Locally advanced,Unknown,True,False,0,Not applicable,False,4,48,8,3,Fair,Occasional discomfort,Low,2,0.91,-26,-2,hydration support pattern,hydration,maintain
Early,Left colon,True,False,0,Not applicable,False,8,32,5.5,1,Fair,Comfortable,Moderate,2,0.12,-19,2,low-energy recovery pattern,rest,ease
Early,Left colon,True,True,10,After surgery,False,3,102,5.5,4,Poor,Persistent discomfort,Moderate,2,0.95,20,-2,bowel-comfort support pattern,nutrition,progress
Early,Right colon,True,True,11,Both,True,10,94,5.5,4,Fair,Persistent discomfort,High,1,0.28,-2,2,bowel-comfort support pattern,nutrition,ease
Locally advanced,Right colon,False,False,0,Not applicable,True,10,39,5.5,2,Fair,Occasional discomfort,Low,1,0.07,3,-1,low-energy recovery pattern,rest,ease
Locally advanced,Left colon,True,False,0,Not applicable,False,5,39,5.5,3,Good,Occasional discomfort,Moderate,3,0.12,-18,-2,low-energy recovery pattern,rest,ease
Early,Rectum,True,True,10,Both,False,9,21,6.5,2,Good,Comfortable,Moderate,0,0.3,-21,-1,low-activity recovery pattern,movement,maintain
Locally advanced,Left colon,True,True,6,After surgery,False,6,101,6,4,Fair,Comfortable,High,1,0.56,-25,1,low-energy recovery pattern,rest,ease
Metastatic,Right colon,True,False,0,Not applicable,True,8,60,8,1,Fair,Comfortable,Low,1,1.0,-15,-2,steady wellbeing pattern,maintenance,maintain
Locally advanced,Left colon,True,True,6,After surgery,False,5,56,6.5,3,Fair,Occasional discomfort,High,2,0.69,22,0,low-energy recovery pattern,rest,maintain
Locally advanced,Left colon,True,True,10,Both,False,10,64,5.5,1,Good,Persistent discomfort,Moderate,0,0.6,-30,0,bowel-comfort support pattern,nutrition,maintain
Metastatic,Unknown,True,False,0,Not applicable,True,4,45,7.5,5,Fair,Occasional discomfort,High,0,0.25,11,1,low-energy recovery pattern,rest,ease
Metastatic,Right colon,True,True,6,After surgery,True,2,37,6,1,Fair,Occasional discomfort,Low,0,0.35,-25,-2,low-energy recovery pattern,rest,maintain
Locally advanced,Left colon,True,True,9,Before surgery,True,9,96,6,1,Fair,Comfortable,Moderate,1,0.63,29,-2,low-energy recovery pattern,rest,maintain
Unknown,Rectum,True,True,5,Before surgery,False,9,83,8,2,Fair,Occasional discomfort,Low,1,0.69,0,0,steady wellbeing pattern,maintenance,maintain
Locally advanced,Left colon,True,True,4,Before surgery,False,5,22,6.5,4,Good,Occasional discomfort,Moderate,2,0.94,4,1,low-energy recovery pattern,rest,ease
Early,Unknown,True,True,9,After surgery,False,8,108,8,1,Fair,Occasional discomfort,High,1,0.86,-15,0,low-energy recovery pattern,rest,maintain
Locally advanced,Unknown,True,True,11,Both,False,9,104,5.5,4,Fair,Comfortable,Moderate,3,0.88,27,-2,low-energy recovery pattern,rest,progress
Early,Rectum,True,True,12,Before surgery,False,3,87,8,5,Good,Persistent discomfort,High,2,0.39,-13,-1,bowel-comfort support pattern,nutrition,maintain
Early,Right colon,True,False,0,Not applicable,False,10,119,6,4,Poor,Persistent discomfort,Low,1,0.77,2,0,bowel-comfort support pattern,nutrition,progress
Early,Rectum,False,True,4,Both,True,2,40,5.5,5,Fair,Occasional discomfort,High,0,0.58,-7,0,low-energy recovery pattern,rest,maintain
Early,Left colon,True,False,0,Not applicable,False,7,63,6.5,1,Good,Occasional discomfort,Low,0,0.42,5,0,steady wellbeing pattern,maintenance,maintain
Locally advanced,Left colon,True,True,10,Before surgery,False,9,58,7,3,Good,Persistent discomfort,High,0,0.98,-13,0,bowel-comfort support pattern,nutrition,maintain
Metastatic,Right colon,True,False,0,Not applicable,False,5,89,8,5,Poor,Occasional discomfort,Low,0,0.37,24,-1,bowel-comfort support pattern,nutrition,maintain
Locally advanced,Right colon,True,True,6,After surgery,False,3,79,7,4,Fair,Occasional discomfort,Moderate,0,0.91,-7,0,low-energy recovery pattern,rest,maintain
Metastatic,Left colon,True,True,4,After surgery,False,4,103,6.5,5,Good,Persistent discomfort,High,1,0.39,20,2,bowel-comfort support pattern,nutrition,ease
Early,Unknown,True,True,5,Before surgery,False,7,28,7.5,5,Poor,Occasional discomfort,Moderate,0,0.16,-2,-2,bowel-comfort support pattern,nutrition,ease
Metastatic,Rectum,False,False,0,Not applicable,False,8,127,6,1,Poor,Occasional discomfort,High,2,0.6,-24,2,bowel-comfort support pattern,nutrition,ease
Early,Right colon,False,True,9,Before surgery,False,3,45,5.5,2,Fair,Occasional discomfort,High,0,0.71,11,2,low-energy recovery pattern,rest,ease
Locally advanced,Rectum,False,False,0,Not applicable,False,6,70,7.5,3,Good,Comfortable,Moderate,1,0.43,-15,2,steady wellbeing pattern,maintenance,ease
Early,Left colon,False,False,0,Not applicable,False,7,105,7.5,5,Good,Comfortable,Moderate,1,0.86,-4,0,low-energy recovery pattern,rest,maintain
Unknown,Rectum,False,True,8,Both,False,7,72,6.5,4,Good,Comfortable,High,2,0.91,-3,-1,low-energy recovery pattern,rest,maintain
Locally advanced,Left colon,False,True,4,Both,True,9,121,7.5,2,Poor,Occasional discomfort,Moderate,2,0.36,30,-1,bowel-comfort support pattern,nutrition,maintain
Locally advanced,Right colon,True,True,11,Before surgery,False,2,102,8,1,Fair,Persistent discomfort,High,1,0.88,-9,1,bowel-comfort support pattern,nutrition,ease
Locally advanced,Rectum,True,False,0,Not applicable,False,10,63,7.5,3,Fair,Comfortable,Moderate,0,0.64,-26,2,steady wellbeing pattern,maintenance,ease
Locally advanced,Unknown,True,True,7,Before surgery,False,10,104,6.5,4,Fair,Comfortable,Moderate,0,0.68,-6,1,low-energy recovery pattern,rest,ease
Early,Unknown,True,True,5,Before surgery,False,7,109,7,4,Fair,Comfortable,Moderate,0,0.14,20,1,low-energy recovery pattern,rest,ease
Metastatic,Rectum,True,True,7,After surgery,True,3,148,7.5,1,Fair,Persistent discomfort,High,3,0.81,4,2,bowel-comfort support pattern,nutrition,ease
Locally advanced,Unknown,True,True,8,After surgery,False,5,10,7.5,1,Fair,Persistent discomfort,Moderate,2,0.94,-14,0,bowel-comfort support pattern,nutrition,maintain
Locally advanced,Right colon,True,True,7,Both,False,5,82,7.5,4,Good,Persistent discomfort,Low,2,0.62,-27,0,bowel-comfort support pattern,nutrition,maintain
Early,Rectum,True,False,0,Not applicable,False,7,33,8,3,Fair,Occasional discomfort,Moderate,3,0.81,-2,-2,low-activity recovery pattern,movement,maintain
Early,Unknown,True,False,0,Not applicable,False,8,102,6.5,2,Fair,Occasional discomfort,Low,1,0.57,6,0,steady wellbeing pattern,maintenance,maintain
Unknown,Right colon,False,True,8,Before surgery,False,5,27,8,5,Good,Occasional discomfort,Low,0,0.31,24,0,low-energy recovery pattern,rest,maintain
Locally advanced,Right colon,True,False,0,Not applicable,False,6,96,7.5,1,Good,Comfortable,Moderate,2,0.44,-16,1,steady wellbeing pattern,maintenance,ease
Locally advanced,Right colon,True,False,0,Not applicable,False,4,71,6.5,1,Fair,Comfortable,Low,1,0.77,4,0,hydration support pattern,hydration,progress
Unknown,Right colon,True,False,0,Not applicable,False,9,115,7,3,Good,Comfortable,Moderate,2,0.49,15,0,steady wellbeing pattern,maintenance,maintain
Early,Rectum,False,True,9,After surgery,False,4,26,8,5,Good,Comfortable,Moderate,1,0.33,4,0,low-energy recovery pattern,rest,maintain
Locally advanced,Right colon,True,True,4,After surgery,False,3,48,5.5,2,Good,Occasional discomfort,High,0,0.56,8,-1,low-energy recovery pattern,rest,maintain
Unknown,Rectum,True,True,8,Both,False,7,147,6,1,Good,Occasional discomfort,Moderate,3,0.08,-26,-1,low-energy recovery pattern,rest,ease
Early,Left colon,True,False,0,Not applicable,False,6,134,5.5,3,Fair,Persistent discomfort,Low,2,0.29,-1,1,bowel-comfort support pattern,nutrition,ease
Locally advanced,Right colon,True,False,0,Not applicable,False,5,48,5.5,2,Poor,Occasional discomfort,Moderate,0,0.14,-29,-1,bowel-comfort support pattern,nutrition,ease
Early,Unknown,True,False,0,Not applicable,False,4,122,7,3,Fair,Occasional discomfort,High,0,0.31,16,0,low-energy recovery pattern,rest,maintain
Early,Left colon,False,True,6,Both,False,2,18,7,2,Poor,Occasional discomfort,Moderate,0,0.16,27,0,bowel-comfort support pattern,nutrition,ease
Early,Left colon,False,True,4,After surgery,False,10,38,6,1,Fair,Persistent discomfort,Low,0,0.71,-30,-2,bowel-comfort support pattern,nutrition,maintain
Early,Right colon,True,False,0,Not applicable,False,2,89,8,5,Fair,Occasional discomfort,Low,0,0.14,-7,2,low-energy recovery pattern,rest,ease
Metastatic,Left colon,True,True,11,After surgery,False,6,61,7,4,Poor,Persistent discomfort,Low,0,0.3,11,0,bowel-comfort support pattern,nutrition,maintain
Early,Right colon,True,False,0,Not applicable,False,4,64,6.5,3,Fair,Occasional discomfort,High,1,0.69,-27,-2,low-energy recovery pattern,rest,maintain
Metastatic,Rectum,False,False,0,Not applicable,False,4,43,7,4,Fair,Occasional discomfort,High,0,0.73,-28,-2,low-energy recovery pattern,rest,maintain
Early,Left colon,False,True,8,Both,False,10,88,7.5,3,Fair,Occasional discomfort,High,0,0.5,-12,2,low-energy recovery pattern,rest,ease
Locally advanced,Left colon,True,True,6,After surgery,True,10,111,6.5,1,Good,Comfortable,Moderate,0,0.43,1,1,steady wellbeing pattern,maintenance,ease
Unknown,Unknown,True,True,4,After surgery,False,5,88,5.5,1,Good,Occasional discomfort,Moderate,1,0.67,-20,1,low-energy recovery pattern,rest,ease
Unknown,Left colon,True,True,9,Both,False,9,34,6.5,1,Good,Occasional discomfort,Moderate,0,0.2,25,1,low-activity recovery pattern,movement,ease
Early,Rectum,True,True,6,Before surgery,False,7,141,7.5,1,Fair,Comfortable,Low,3,0.14,-17,1,steady wellbeing pattern,maintenance,ease
Locally advanced,Right colon,True,False,0,Not applicable,True,6,62,8,2,Fair,Persistent discomfort,Low,1,0.51,0,-1,bowel-comfort support pattern,nutrition,maintain
Unknown,Unknown,True,True,4,Before surgery,False,7,122,7,5,Fair,Occasional discomfort,Low,0,0.33,24,1,low-energy recovery pattern,rest,ease
Locally advanced,Right colon,True,True,11,Both,False,4,85,8,1,Good,Occasional discomfort,Moderate,1,0.45,18,1,hydration support pattern,hydration,ease
Locally advanced,Right colon,True,False,0,Not applicable,False,9,100,8,3,Fair,Comfortable,Low,0,0.06,17,0,steady wellbeing pattern,maintenance,ease
Early,Unknown,True,False,0,Not applicable,False,6,102,8,3,Good,Persistent discomfort,Moderate,1,0.12,21,2,bowel-comfort support pattern,nutrition,ease
Locally advanced,Left colon,True,True,4,After surgery,True,2,107,7,2,Fair,Comfortable,Low,0,0.07,-6,1,hydration support pattern,hydration,ease
Early,Rectum,True,False,0,Not applicable,False,3,140,6,5,Fair,Occasional discomfort,Low,0,0.54,-15,-2,low-energy recovery pattern,rest,maintain
Metastatic,Rectum,True,True,8,After surgery,False,4,41,6.5,4,Fair,Occasional discomfort,Low,0,0.9,8,2,low-energy recovery pattern,rest,ease
Locally advanced,Rectum,False,False,0,Not applicable,True,9,109,8,4,Poor,Occasional discomfort,Low,1,0.92,24,-2,bowel-comfort support pattern,nutrition,progress
Locally advanced,Rectum,False,True,8,Before surgery,False,5,123,7,1,Good,Comfortable,Moderate,0,0.93,-26,0,steady wellbeing pattern,maintenance,maintain
Unknown,Rectum,True,False,0,Not applicable,False,10,124,7.5,5,Fair,Occasional discomfort,Moderate,1,0.76,7,0,low-energy recovery pattern,rest,progress
Locally advanced,Rectum,False,True,8,After surgery,False,2,50,7,3,Fair,Comfortable,Moderate,1,0.87,7,1,hydration support pattern,hydration,ease
Metastatic,Unknown,True,True,5,Both,False,6,50,5.5,2,Good,Comfortable,Low,0,0.79,-8,2,low-energy recovery pattern,rest,ease
Metastatic,Rectum,False,False,0,Not applicable,True,8,105,7.5,1,Good,Occasional discomfort,Moderate,1,0.04,-27,-1,steady wellbeing pattern,maintenance,ease
Locally advanced,Right colon,True,False,0,Not applicable,False,10,13,5.5,3,Good,Comfortable,Moderate,1,0.69,-11,-2,low-energy recovery pattern,rest,maintain
Unknown,Left colon,True,True,4,Before surgery,False,7,55,6.5,3,Fair,Persistent discomfort,Moderate,3,0.35,29,0,bowel-comfort support pattern,nutrition,maintain
Early,Unknown,False,True,11,Both,False,6,106,7,5,Fair,Occasional discomfort,High,2,0.36,-29,-1,low-energy recovery pattern,rest,maintain
Unknown,Rectum,True,True,10,Before surgery,False,2,48,7.5,5,Fair,Occasional discomfort,Low,1,0.24,28,1,low-energy recovery pattern,rest,ease
Metastatic,Unknown,True,True,7,Both,False,9,25,5.5,3,Poor,Comfortable,Low,1,0.17,-30,2,bowel-comfort support pattern,nutrition,ease
Locally advanced,Right colon,True,False,0,Not applicable,False,3,20,6.5,3,Good,Comfortable,Moderate,0,0.31,18,-2,low-activity recovery pattern,movement,maintain
Locally advanced,Unknown,True,False,0,Not applicable,True,8,27,6.5,4,Good,Persistent discomfort,Moderate,1,0.46,-15,0,bowel-comfort support pattern,nutrition,maintain
Locally advanced,Right colon,True,True,11,Both,False,6,77,5.5,2,Good,Comfortable,Moderate,1,0.75,29,1,low-energy recovery pattern,rest,ease
Locally advanced,Unknown,True,True,4,Both,True,8,133,7,3,Poor,Occasional discomfort,Low,0,0.78,-7,2,bowel-comfort support pattern,nutrition,ease
Unknown,Unknown,False,True,4,After surgery,False,7,123,5.5,3,Fair,Comfortable,High,0,0.91,-25,1,low-energy recovery pattern,rest,ease
Early,Unknown,True,False,0,Not applicable,False,2,115,8,3,Fair,Occasional discomfort,Moderate,0,0.22,22,2,hydration support pattern,hydration,ease
Early,Rectum,True,False,0,Not applicable,False,7,19,6,4,Good,Occasional discomfort,Moderate,0,0.63,-3,-1,low-energy recovery pattern,rest,maintain
Unknown,Left colon,True,True,6,Both,False,2,120,7.5,1,Fair,Comfortable,High,0,0.31,-16,2,low-energy recovery pattern,rest,ease
Locally advanced,Right colon,True,False,0,Not applicable,False,9,129,5.5,3,Good,Comfortable,Low,1,0.79,1,2,low-energy recovery pattern,rest,ease
Locally advanced,Left colon,False,True,4,After surgery,False,9,91,7.5,3,Fair,Occasional discomfort,Low,1,1.0,-15,-2,steady wellbeing pattern,maintenance,maintain
Locally advanced,Left colon,True,False,0,Not applicable,False,8,54,8,3,Good,Persistent discomfort,Moderate,1,0.55,-25,0,bowel-comfort support pattern,nutrition,maintain
Early,Right colon,True,False,0,Not applicable,False,9,53,8,5,Fair,Occasional discomfort,Low,0,0.85,-9,-1,low-energy recovery pattern,rest,maintain
Early,Unknown,True,True,5,Before surgery,False,4,28,7.5,5,Fair,Comfortable,Low,2,0.43,-14,2,low-energy recovery pattern,rest,ease
Metastatic,Rectum,True,True,9,Both,False,10,29,6.5,3,Fair,Persistent discomfort,High,1,0.53,-7,0,bowel-comfort support pattern,nutrition,maintain
Early,Rectum,True,False,0,Not applicable,False,8,36,6,4,Fair,Occasional discomfort,Low,1,0.56,16,2,low-energy recovery pattern,rest,ease
Locally advanced,Right colon,True,False,0,Not applicable,False,3,57,7,1,Poor,Persistent discomfort,High,1,0.28,23,-2,bowel-comfort support pattern,nutrition,ease
Locally advanced,Rectum,True,False,0,Not applicable,False,6,79,8,4,Good,Occasional discomfort,Low,0,0.86,9,-1,low-energy recovery pattern,rest,progress
Locally advanced,Unknown,True,True,8,After surgery,False,3,37,7.5,2,Good,Occasional discomfort,High,1,1.0,-29,0,low-energy recovery pattern,rest,maintain
Locally advanced,Rectum,True,True,9,Both,True,5,112,7,2,Fair,Occasional discomfort,Moderate,2,0.93,-25,0,steady wellbeing pattern,maintenance,maintain
Early,Rectum,True,True,5,Both,False,2,94,5.5,5,Fair,Occasional discomfort,Moderate,0,0.85,20,1,low-energy recovery pattern,rest,ease
Early,Left colon,True,True,7,After surgery,True,2,39,8,3,Fair,Persistent discomfort,Moderate,2,0.18,15,1,bowel-comfort support pattern,nutrition,ease
Locally advanced,Rectum,True,True,5,Before surgery,False,10,95,7,3,Poor,Occasional discomfort,High,0,0.85,21,0,bowel-comfort support pattern,nutrition,progress
Metastatic,Unknown,True,True,11,Both,True,9,128,7.5,1,Fair,Occasional discomfort,Low,0,0.08,28,-1,steady wellbeing pattern,maintenance,ease
Early,Left colon,True,True,12,After surgery,False,4,73,6,4,Good,Persistent discomfort,Moderate,2,0.68,-28,0,bowel-comfort support pattern,nutrition,maintain
Early,Left colon,True,True,11,Both,False,3,27,7,2,Fair,Persistent discomfort,Moderate,0,0.68,-26,-1,bowel-comfort support pattern,nutrition,maintain
Locally advanced,Left colon,True,False,0,Not applicable,False,10,113,8,2,Fair,Occasional discomfort,Moderate,2,0.45,25,1,steady wellbeing pattern,maintenance,ease
Early,Left colon,False,True,8,After surgery,False,2,72,8,2,Good,Persistent discomfort,High,1,0.89,-20,0,bowel-comfort support pattern,nutrition,maintain
Locally advanced,Rectum,False,True,5,Before surgery,False,10,149,6,2,Good,Comfortable,Moderate,2,0.8,16,1,low-energy recovery pattern,rest,ease
Locally advanced,Left colon,True,True,4,Before surgery,False,6,20,5.5,2,Fair,Occasional discomfort,Moderate,0,0.65,26,0,low-energy recovery pattern,rest,maintain
Early,Rectum,True,True,7,Before surgery,False,4,80,7,1,Fair,Persistent discomfort,Low,2,0.6,3,-2,bowel-comfort support pattern,nutrition,maintain
Early,Right colon,True,True,12,After surgery,False,6,65,8,2,Fair,Comfortable,High,1,0.32,-6,1,low-energy recovery pattern,rest,ease
Locally advanced,Left colon,True,True,6,After surgery,False,5,44,8,3,Fair,Comfortable,Moderate,1,0.52,14,0,low-activity recovery pattern,movement,maintain
Unknown,Left colon,True,True,11,Both,True,10,46,8,1,Fair,Occasional discomfort,Low,3,0.21,-11,1,steady wellbeing pattern,maintenance,ease
Early,Unknown,True,False,0,Not applicable,False,4,61,8,4,Good,Comfortable,Moderate,1,0.77,-21,-1,low-energy recovery pattern,rest,maintain
Locally advanced,Right colon,True,False,0,Not applicable,False,9,10,8,3,Fair,Occasional discomfort,Moderate,0,0.94,14,-2,low-activity recovery pattern,movement,progress
Locally advanced,Right colon,False,False,0,Not applicable,False,9,43,7.5,5,Good,Comfortable,Moderate,0,0.74,26,0,low-energy recovery pattern,rest,progress
Locally advanced,Left colon,True,False,0,Not applicable,False,8,115,7,3,Fair,Comfortable,Moderate,3,0.69,21,-2,steady wellbeing pattern,maintenance,maintain
Metastatic,Unknown,True,True,6,Before surgery,False,3,49,6,1,Good,Comfortable,Low,0,0.75,18,0,low-energy recovery pattern,rest,progress
Locally advanced,Unknown,True,True,5,Both,True,10,110,6,1,Good,Comfortable,Moderate,0,0.83,-7,-1,low-energy recovery pattern,rest,maintain
Unknown,Right colon,True,False,0,Not applicable,False,8,109,6.5,5,Fair,Occasional discomfort,Moderate,0,0.35,24,1,low-energy recovery pattern,rest,ease
Locally advanced,Left colon,True,False,0,Not applicable,False,4,94,5.5,3,Fair,Comfortable,Moderate,2,0.94,5,2,low-energy recovery pattern,rest,ease
Locally advanced,Rectum,False,False,0,Not applicable,False,7,10,7.5,1,Good,Comfortable,High,2,0.57,-30,1,low-energy recovery pattern,rest,ease
Metastatic,Left colon,True,True,7,After surgery,False,7,131,7,2,Good,Persistent discomfort,Low,1,0.5,-14,-1,bowel-comfort support pattern,nutrition,maintain
Early,Right colon,False,True,8,Both,True,10,18,7.5,2,Fair,Occasional discomfort,Moderate,0,0.7,20,2,low-activity recovery pattern,movement,ease
Locally advanced,Right colon,True,True,12,After surgery,False,9,118,6,3,Fair,Comfortable,High,0,0.27,-8,2,low-energy recovery pattern,rest,ease
Locally advanced,Unknown,True,True,4,Both,False,9,131,8,2,Good,Persistent discomfort,Low,0,0.99,11,0,bowel-comfort support pattern,nutrition,progress
Metastatic,Unknown,True,False,0,Not applicable,False,8,150,7.5,2,Good,Comfortable,Low,0,0.86,9,2,steady wellbeing pattern,maintenance,ease
Early,Right colon,True,False,0,Not applicable,False,9,25,6,4,Poor,Occasional discomfort,Low,2,0.55,-18,0,bowel-comfort support pattern,nutrition,maintain
Early,Rectum,True,True,6,After surgery,False,3,144,7,1,Good,Persistent discomfort,High,3,0.72,10,0,bowel-comfort support pattern,nutrition,progress
Locally advanced,Unknown,True,True,9,After surgery,False,6,31,8,3,Fair,Comfortable,Low,2,0.71,26,0,low-activity recovery pattern,movement,progress
Unknown,Left colon,True,True,6,Both,False,10,47,7,4,Good,Occasional discomfort,Moderate,2,0.37,-26,-1,low-energy recovery pattern,rest,maintain
Locally advanced,Right colon,True,True,5,Before surgery,False,6,36,8,1,Good,Comfortable,Low,0,0.96,4,0,low-activity recovery pattern,movement,progress
Metastatic,Left colon,False,True,5,Before surgery,False,6,125,6.5,3,Good,Occasional discomfort,Moderate,1,0.99,10,-2,steady wellbeing pattern,maintenance,progress
Early,Rectum,False,False,0,Not applicable,False,2,91,7.5,3,Fair,Occasional discomfort,Low,2,0.62,20,-1,hydration support pattern,hydration,maintain
Early,Left colon,True,True,9,After surgery,True,7,65,7.5,1,Fair,Occasional discomfort,Moderate,2,0.84,27,1,steady wellbeing pattern,maintenance,ease
Early,Right colon,True,True,7,Both,False,6,32,8,5,Fair,Persistent discomfort,Moderate,1,0.39,-1,2,bowel-comfort support pattern,nutrition,ease
Locally advanced,Rectum,True,True,12,Before surgery,False,6,113,6.5,5,Good,Occasional discomfort,Moderate,1,0.95,-4,-2,low-energy recovery pattern,rest,maintain
Early,Left colon,False,True,8,After surgery,False,10,47,5.5,4,Fair,Occasional discomfort,High,1,0.03,11,0,low-energy recovery pattern,rest,ease
Early,Right colon,True,True,9,Both,False,8,19,6,5,Fair,Comfortable,Moderate,2,0.77,-30,2,low-energy recovery pattern,rest,ease
Early,Rectum,True,True,12,Both,False,5,137,6,2,Fair,Occasional discomfort,Moderate,0,0.12,-9,1,low-energy recovery pattern,rest,ease
Locally advanced,Unknown,True,False,0,Not applicable,False,7,122,6,2,Good,Occasional discomfort,Moderate,0,0.17,28,-1,low-energy recovery pattern,rest,ease
Metastatic,Left colon,True,False,0,Not applicable,True,10,39,7.5,2,Fair,Comfortable,High,0,0.51,13,1,low-energy recovery pattern,rest,ease
Early,Rectum,True,False,0,Not applicable,False,4,17,7,5,Good,Persistent discomfort,Moderate,1,0.75,10,1,bowel-comfort support pattern,nutrition,ease
Locally advanced,Left colon,True,True,12,Before surgery,False,4,33,5.5,5,Fair,Persistent discomfort,Moderate,2,0.08,1,0,bowel-comfort support pattern,nutrition,ease
Metastatic,Left colon,True,False,0,Not applicable,False,2,28,8,4,Good,Comfortable,Low,1,0.92,3,-2,low-energy recovery pattern,rest,progress
Early,Left colon,True,False,0,Not applicable,False,7,17,7.5,3,Fair,Persistent discomfort,High,2,0.94,-13,1,bowel-comfort support pattern,nutrition,ease
Early,Unknown,True,True,10,Before surgery,False,10,98,8,2,Fair,Occasional discomfort,High,1,0.15,-7,-2,low-energy recovery pattern,rest,ease
Locally advanced,Left colon,True,True,9,After surgery,False,2,72,7,5,Fair,Comfortable,High,1,0.78,-23,0,low-energy recovery pattern,rest,maintain
Early,Rectum,True,True,4,After surgery,False,2,13,8,1,Good,Persistent discomfort,Low,0,0.83,-10,0,bowel-comfort support pattern,nutrition,maintain
Early,Rectum,True,False,0,Not applicable,True,2,142,7,1,Good,Comfortable,Low,1,0.18,29,0,hydration support pattern,hydration,ease
Locally advanced,Right colon,True,False,0,Not applicable,False,8,47,7,3,Fair,Persistent discomfort,Low,2,0.01,19,2,bowel-comfort support pattern,nutrition,ease
Locally advanced,Left colon,False,True,6,After surgery,False,6,51,7,1,Fair,Comfortable,Low,2,0.22,3,0,steady wellbeing pattern,maintenance,ease
Unknown,Left colon,True,True,11,Before surgery,False,7,97,7,1,Good,Comfortable,Moderate,0,0.2,-22,2,steady wellbeing pattern,maintenance,ease
Locally advanced,Rectum,True,True,5,Before surgery,False,6,43,8,4,Good,Occasional discomfort,High,2,0.3,16,-2,low-energy recovery pattern,rest,maintain
Unknown,Rectum,True,True,12,After surgery,False,9,138,7.5,4,Good,Occasional discomfort,Moderate,0,0.98,-7,-2,low-energy recovery pattern,rest,maintain
Early,Rectum,False,True,4,After surgery,False,3,60,6,4,Fair,Persistent discomfort,Low,0,0.95,23,0,bowel-comfort support pattern,nutrition,progress
Locally advanced,Right colon,True,True,5,Both,False,6,49,8,5,Poor,Comfortable,Moderate,0,0.97,30,0,bowel-comfort support pattern,nutrition,progress
Unknown,Unknown,False,False,0,Not applicable,True,7,150,8,1,Fair,Occasional discomfort,Low,1,0.02,28,2,steady wellbeing pattern,maintenance,ease
Locally advanced,Unknown,False,True,4,Before surgery,True,3,122,5.5,3,Fair,Comfortable,High,0,0.52,-20,0,low-energy recovery pattern,rest,maintain
Early,Left colon,True,False,0,Not applicable,False,2,95,6,3,Good,Persistent discomfort,Low,1,0.84,-26,0,bowel-comfort support pattern,nutrition,maintain
Unknown,Rectum,True,True,12,After surgery,True,7,74,7,3,Good,Occasional discomfort,High,1,0.67,1,-2,low-energy recovery pattern,rest,maintain
Early,Unknown,False,True,5,Before surgery,True,6,132,7.5,4,Good,Comfortable,Low,1,0.57,5,1,low-energy recovery pattern,rest,ease
Locally advanced,Left colon,True,True,9,After surgery,False,10,79,7.5,1,Fair,Comfortable,High,2,0.08,-29,-1,low-energy recovery pattern,rest,ease
Unknown,Right colon,False,False,0,Not applicable,False,10,130,7.5,5,Good,Comfortable,Low,0,0.65,28,0,low-energy recovery pattern,rest,maintain
Metastatic,Left colon,True,True,8,Both,False,5,92,5.5,3,Fair,Occasional discomfort,Moderate,2,0.68,-3,-1,low-energy recovery pattern,rest,maintain
Locally advanced,Left colon,True,True,10,Before surgery,True,6,56,5.5,5,Fair,Comfortable,Low,0,0.55,-21,1,low-energy recovery pattern,rest,ease
Locally advanced,Rectum,True,True,12,Both,False,8,143,6.5,2,Fair,Occasional discomfort,Moderate,1,0.57,13,2,steady wellbeing pattern,maintenance,ease
Early,Right colon,False,True,12,Both,True,5,78,6,1,Good,Occasional discomfort,Low,2,0.3,-20,0,low-energy recovery pattern,rest,maintain
Early,Rectum,True,True,12,Both,True,10,106,6.5,1,Fair,Comfortable,Low,0,0.88,-30,0,steady wellbeing pattern,maintenance,maintain
Unknown,Right colon,True,True,7,Both,True,10,124,7,4,Fair,Comfortable,Moderate,1,0.24,28,0,low-energy recovery pattern,rest,ease
Locally advanced,Left colon,False,True,7,Before surgery,False,2,29,7.5,3,Fair,Persistent discomfort,Moderate,0,0.35,-28,2,bowel-comfort support pattern,nutrition,ease
Metastatic,Right colon,False,False,0,Not applicable,False,5,56,7,4,Poor,Occasional discomfort,Moderate,1,0.34,-6,-2,bowel-comfort support pattern,nutrition,maintain
Locally advanced,Unknown,True,True,8,Both,True,7,116,6,3,Fair,Occasional discomfort,High,2,0.58,-14,-2,low-energy recovery pattern,rest,maintain
Unknown,Left colon,True,True,10,After surgery,False,6,63,7,1,Fair,Occasional discomfort,Low,1,0.35,17,-1,steady wellbeing pattern,maintenance,maintain
Locally advanced,Unknown,False,False,0,Not applicable,False,3,91,6.5,2,Poor,Comfortable,Low,1,0.08,17,2,bowel-comfort support pattern,nutrition,ease
Early,Unknown,True,True,7,Before surgery,False,5,38,5.5,3,Fair,Occasional discomfort,Moderate,0,0.4,18,-1,low-energy recovery pattern,rest,maintain
Early,Unknown,True,False,0,Not applicable,False,10,119,8,2,Poor,Occasional discomfort,Low,1,0.41,-25,-1,bowel-comfort support pattern,nutrition,maintain
Unknown,Right colon,True,False,0,Not applicable,False,3,13,6.5,4,Good,Comfortable,Moderate,3,0.85,30,-2,low-energy recovery pattern,rest,progress
Locally advanced,Left colon,False,False,0,Not applicable,False,4,65,6,2,Good,Comfortable,Low,1,0.54,11,1,low-energy recovery pattern,rest,ease
Locally advanced,Left colon,True,False,0,Not applicable,False,5,43,7.5,4,Good,Persistent discomfort,High,1,0.01,30,0,bowel-comfort support pattern,nutrition,ease
Early,Right colon,True,False,0,Not applicable,False,8,48,7.5,2,Fair,Occasional discomfort,High,2,0.65,-16,0,low-energy recovery pattern,rest,maintain
Locally advanced,Left colon,True,False,0,Not applicable,False,6,51,7,1,Good,Comfortable,Low,2,0.47,-5,0,steady wellbeing pattern,maintenance,maintain
Metastatic,Left colon,False,True,8,After surgery,False,5,137,5.5,1,Fair,Occasional discomfort,Moderate,1,0.89,9,-2,low-energy recovery pattern,rest,progress
Locally advanced,Unknown,True,True,8,After surgery,False,2,29,7,2,Good,Comfortable,High,2,0.56,-27,-1,low-energy recovery pattern,rest,maintain
Metastatic,Rectum,False,True,10,Before surgery,False,3,86,8,1,Good,Occasional discomfort,High,2,0.22,-11,2,low-energy recovery pattern,rest,ease
Metastatic,Left colon,False,True,9,Both,False,2,10,5.5,2,Fair,Occasional discomfort,Low,2,0.89,-13,1,low-energy recovery pattern,rest,ease
Early,Rectum,False,True,6,Before surgery,False,9,64,5.5,3,Good,Comfortable,Moderate,1,0.32,-4,-1,low-energy recovery pattern,rest,maintain
Locally advanced,Unknown,True,True,6,Before surgery,False,2,102,7,3,Poor,Occasional discomfort,Moderate,1,0.11,6,0,bowel-comfort support pattern,nutrition,ease
Early,Left colon,True,False,0,Not applicable,False,6,132,7,2,Good,Persistent discomfort,Low,0,0.2,-20,-2,bowel-comfort support pattern,nutrition,ease
Early,Unknown,True,False,0,Not applicable,True,10,146,8,3,Fair,Occasional discomfort,Moderate,0,0.75,-13,-2,steady wellbeing pattern,maintenance,maintain
Unknown,Left colon,True,True,8,Before surgery,False,6,139,7,5,Fair,Occasional discomfort,Low,0,0.87,-4,2,low-energy recovery pattern,rest,ease
Locally advanced,Right colon,True,True,11,Both,True,7,147,7,5,Fair,Comfortable,High,0,0.83,-13,2,low-energy recovery pattern,rest,ease
Early,Right colon,True,False,0,Not applicable,True,2,110,6.5,3,Fair,Comfortable,Moderate,1,0.81,-20,-2,hydration support pattern,hydration,maintain
Early,Left colon,False,True,5,Both,False,8,55,5.5,2,Poor,Occasional discomfort,Moderate,3,0.58,16,0,bowel-comfort support pattern,nutrition,maintain
Early,Rectum,True,False,0,Not applicable,False,8,143,7,5,Good,Occasional discomfort,Moderate,2,0.19,-13,-1,low-energy recovery pattern,rest,ease
Early,Rectum,False,False,0,Not applicable,True,8,70,7,2,Fair,Persistent discomfort,High,2,0.19,8,0,bowel-comfort support pattern,nutrition,ease
Locally advanced,Left colon,True,True,6,Before surgery,False,10,148,8,2,Fair,Comfortable,Low,1,0.25,18,-1,steady wellbeing pattern,maintenance,ease
Early,Unknown,False,True,9,Both,False,10,106,5.5,4,Fair,Occasional discomfort,Low,0,0.94,-23,2,low-energy recovery pattern,rest,ease
Early,Left colon,False,False,0,Not applicable,False,2,96,6,3,Fair,Occasional discomfort,High,1,0.95,22,0,low-energy recovery pattern,rest,progress
Unknown,Unknown,True,True,11,Before surgery,False,7,52,6,4,Fair,Comfortable,High,1,0.17,-5,-2,low-energy recovery pattern,rest,ease
Early,Left colon,False,False,0,Not applicable,False,10,20,6.5,4,Fair,Comfortable,Moderate,1,0.11,11,0,low-energy recovery pattern,rest,ease
Locally advanced,Left colon,True,False,0,Not applicable,False,3,43,6.5,5,Good,Comfortable,High,0,0.96,16,-1,low-energy recovery pattern,rest,progress
Early,Rectum,True,True,12,Before surgery,False,3,86,6.5,4,Fair,Occasional discomfort,High,0,0.86,10,-2,low-energy recovery pattern,rest,progress
Unknown,Unknown,True,True,9,After surgery,False,6,15,6,1,Good,Persistent discomfort,High,1,0.61,8,1,bowel-comfort support pattern,nutrition,ease
Early,Right colon,True,False,0,Not applicable,False,8,123,7.5,5,Good,Persistent discomfort,High,2,0.34,15,2,bowel-comfort support pattern,nutrition,ease
Locally advanced,Unknown,True,True,7,Both,True,7,113,6.5,2,Fair,Comfortable,Low,2,0.96,16,-1,steady wellbeing pattern,maintenance,progress
Early,Right colon,True,False,0,Not applicable,False,4,106,6.5,2,Fair,Occasional discomfort,Moderate,1,0.28,17,0,hydration support pattern,hydration,ease
Metastatic,Right colon,False,True,11,After surgery,False,5,65,6,3,Fair,Comfortable,Moderate,1,0.71,-14,0,low-energy recovery pattern,rest,maintain
Locally advanced,Left colon,False,True,12,Both,True,2,11,8,2,Fair,Comfortable,Moderate,1,0.96,0,1,low-activity recovery pattern,movement,ease
Early,Unknown,True,True,9,Before surgery,True,8,53,7.5,5,Poor,Comfortable,High,3,0.49,-20,1,bowel-comfort support pattern,nutrition,ease
Locally advanced,Left colon,True,False,0,Not applicable,False,8,19,7.5,4,Fair,Persistent discomfort,High,0,0.65,-16,0,bowel-comfort support pattern,nutrition,maintain
Locally advanced,Left colon,True,False,0,Not applicable,False,10,72,5.5,5,Good,Comfortable,Moderate,1,0.79,30,0,low-energy recovery pattern,rest,progress
Locally advanced,Rectum,True,True,7,After surgery,False,7,133,7.5,2,Good,Comfortable,Low,1,0.41,-30,0,steady wellbeing pattern,maintenance,maintain
Metastatic,Rectum,True,True,5,Both,False,5,121,6,5,Good,Comfortable,High,1,0.97,-30,-1,low-energy recovery pattern,rest,maintain
Locally advanced,Left colon,True,False,0,Not applicable,False,2,129,5.5,5,Poor,Occasional discomfort,Low,1,0.19,-13,-2,bowel-comfort support pattern,nutrition,ease
Early,Left colon,True,True,9,Before surgery,False,5,80,5.5,2,Fair,Occasional discomfort,Low,1,0.78,25,-2,low-energy recovery pattern,rest,progress
Locally advanced,Unknown,True,True,6,After surgery,False,9,107,6,2,Good,Comfortable,Moderate,0,0.09,-10,-1,low-energy recovery pattern,rest,ease
Unknown,Left colon,True,True,7,Both,True,3,140,6,2,Good,Comfortable,Moderate,2,0.17,-15,-1,low-energy recovery pattern,rest,ease
Locally advanced,Unknown,True,True,8,After surgery,True,4,72,7.5,5,Fair,Occasional discomfort,High,1,0.12,-2,0,low-energy recovery pattern,rest,ease
Locally advanced,Unknown,True,True,11,After surgery,False,6,28,7,5,Fair,Occasional discomfort,Moderate,3,0.8,17,0,low-energy recovery pattern,rest,progress
Early,Unknown,True,True,5,Both,False,5,131,8,2,Fair,Occasional discomfort,Moderate,1,0.1,6,2,steady wellbeing pattern,maintenance,ease
Metastatic,Right colon,True,False,0,Not applicable,False,4,139,5.5,2,Good,Comfortable,Low,3,0.71,-5,-2,low-energy recovery pattern,rest,maintain
Locally advanced,Rectum,False,False,0,Not applicable,False,7,31,5.5,2,Good,Occasional discomfort,Moderate,2,0.68,-21,-2,low-energy recovery pattern,rest,maintain
Early,Rectum,True,True,9,Both,False,2,80,7.5,4,Good,Persistent discomfort,Moderate,1,0.75,18,2,bowel-comfort support pattern,nutrition,ease
Metastatic,Right colon,True,False,0,Not applicable,False,5,73,6.5,2,Good,Comfortable,Low,1,0.36,29,0,steady wellbeing pattern,maintenance,maintain
Early,Unknown,True,False,0,Not applicable,False,7,13,6,5,Fair,Comfortable,Low,0,0.64,-17,-1,low-energy recovery pattern,rest,maintain
Locally advanced,Rectum,False,True,7,After surgery,False,7,41,6,4,Good,Occasional discomfort,Low,1,0.79,-6,0,low-energy recovery pattern,rest,maintain
Early,Unknown,True,True,10,Before surgery,False,5,10,8,4,Fair,Occasional discomfort,Low,1,0.81,-5,0,low-energy recovery pattern,rest,maintain
Early,Rectum,False,False,0,Not applicable,False,3,48,7.5,1,Good,Occasional discomfort,Moderate,2,0.26,-29,0,hydration support pattern,hydration,ease
Early,Right colon,False,True,5,Before surgery,False,6,54,8,4,Good,Occasional discomfort,Low,0,0.08,-24,0,low-energy recovery pattern,rest,ease
Locally advanced,Left colon,False,False,0,Not applicable,True,3,84,7,1,Good,Comfortable,Moderate,0,0.2,10,0,hydration support pattern,hydration,ease
Early,Right colon,True,True,6,Before surgery,False,10,26,7.5,5,Poor,Comfortable,Moderate,1,0.49,-23,0,bowel-comfort support pattern,nutrition,maintain
Locally advanced,Right colon,True,True,9,Before surgery,True,4,39,6,3,Fair,Occasional discomfort,Low,0,0.29,-28,-2,low-energy recovery pattern,rest,ease
Early,Unknown,True,True,9,After surgery,False,7,66,6.5,1,Fair,Occasional discomfort,Moderate,2,0.66,-9,0,steady wellbeing pattern,maintenance,maintain
Early,Unknown,True,False,0,Not applicable,True,5,65,7,1,Good,Comfortable,Moderate,0,0.71,-14,2,steady wellbeing pattern,maintenance,ease
Locally advanced,Rectum,True,True,4,Both,True,10,141,6.5,5,Fair,Comfortable,Moderate,0,0.62,-7,0,low-energy recovery pattern,rest,maintain
Metastatic,Unknown,False,True,9,Before surgery,False,9,98,5.5,2,Fair,Comfortable,Moderate,1,0.48,-29,-1,low-energy recovery pattern,rest,maintain
Early,Rectum,True,False,0,Not applicable,True,10,73,6.5,1,Poor,Comfortable,Low,1,0.72,-8,0,bowel-comfort support pattern,nutrition,maintain
Locally advanced,Unknown,True,True,12,Before surgery,False,8,116,6.5,3,Fair,Occasional discomfort,High,1,0.76,-3,-2,low-energy recovery pattern,rest,maintain
Early,Unknown,True,False,0,Not applicable,False,6,134,7,4,Fair,Occasional discomfort,Moderate,0,0.26,14,0,low-energy recovery pattern,rest,ease
Locally advanced,Unknown,True,True,4,Both,False,2,92,7.5,2,Good,Persistent discomfort,Low,1,0.73,9,0,bowel-comfort support pattern,nutrition,progress
Early,Rectum,True,True,8,After surgery,False,9,86,8,4,Good,Occasional discomfort,Moderate,0,0.82,-20,0,low-energy recovery pattern,rest,maintain
Unknown,Rectum,True,False,0,Not applicable,False,8,99,7,1,Fair,Occasional discomfort,High,1,0.23,14,-1,low-energy recovery pattern,rest,ease
Early,Unknown,True,False,0,Not applicable,False,4,125,6,2,Fair,Occasional discomfort,High,0,0.32,1,0,low-energy recovery pattern,rest,maintain
Early,Left colon,False,True,11,Both,True,4,96,6,5,Fair,Comfortable,Moderate,1,0.68,10,-2,low-energy recovery pattern,rest,maintain
Metastatic,Unknown,True,True,9,After surgery,True,10,134,5.5,3,Good,Persistent discomfort,Moderate,0,0.52,14,0,bowel-comfort support pattern,nutrition,maintain
Early,Unknown,True,True,6,Both,False,5,150,8,5,Good,Occasional discomfort,High,0,0.23,-25,0,low-energy recovery pattern,rest,ease
Locally advanced,Right colon,True,False,0,Not applicable,False,8,120,7,1,Good,Persistent discomfort,Moderate,0,0.62,12,-2,bowel-comfort support pattern,nutrition,maintain
Locally advanced,Rectum,True,True,9,Both,False,10,86,6,3,Good,Persistent discomfort,Moderate,0,0.91,4,1,bowel-comfort support pattern,nutrition,ease
Unknown,Left colon,False,False,0,Not applicable,False,9,23,7.5,3,Poor,Persistent discomfort,High,1,0.65,-16,2,bowel-comfort support pattern,nutrition,ease
Locally advanced,Right colon,True,False,0,Not applicable,False,9,23,7,4,Good,Comfortable,Moderate,1,0.43,-28,2,low-energy recovery pattern,rest,ease
Unknown,Unknown,True,True,5,After surgery,False,6,69,6,2,Fair,Comfortable,High,2,0.07,-14,0,low-energy recovery pattern,rest,ease
Locally advanced,Right colon,True,True,4,Before surgery,False,9,68,7.5,2,Poor,Comfortable,Low,1,0.58,22,-1,bowel-comfort support pattern,nutrition,maintain
Early,Left colon,True,True,8,After surgery,False,8,26,5.5,3,Fair,Occasional discomfort,Low,0,0.9,-14,0,low-energy recovery pattern,rest,maintain
Locally advanced,Rectum,True,True,9,After surgery,False,4,57,5.5,4,Good,Occasional discomfort,Moderate,0,0.32,21,0,low-energy recovery pattern,rest,maintain
Early,Rectum,True,False,0,Not applicable,False,4,150,7,5,Good,Persistent discomfort,Moderate,0,0.98,-9,2,bowel-comfort support pattern,nutrition,ease
Locally advanced,Left colon,True,True,8,Before surgery,True,10,141,6,1,Good,Comfortable,Moderate,0,0.77,-19,2,low-energy recovery pattern,rest,ease
Unknown,Rectum,True,False,0,Not applicable,False,9,99,8,5,Poor,Comfortable,High,1,0.0,24,-2,bowel-comfort support pattern,nutrition,ease
Unknown,Left colon,True,True,8,Both,False,4,62,7,4,Fair,Persistent discomfort,Moderate,1,0.27,-21,0,bowel-comfort support pattern,nutrition,ease
Locally advanced,Unknown,True,False,0,Not applicable,True,3,67,5.5,5,Fair,Occasional discomfort,High,1,0.09,25,-2,low-energy recovery pattern,rest,ease
Metastatic,Right colon,True,False,0,Not applicable,False,7,83,6.5,4,Fair,Occasional discomfort,Low,2,0.13,22,-2,low-energy recovery pattern,rest,ease
Early,Rectum,True,False,0,Not applicable,False,5,20,6.5,5,Fair,Occasional discomfort,High,2,0.73,-24,-2,low-energy recovery pattern,rest,maintain
Early,Right colon,False,False,0,Not applicable,False,4,101,7.5,5,Fair,Occasional discomfort,Moderate,0,0.39,-17,2,low-energy recovery pattern,rest,ease
Early,Unknown,False,True,5,Both,False,2,134,7.5,2,Fair,Occasional discomfort,Low,2,0.06,8,-2,hydration support pattern,hydration,ease
Locally advanced,Unknown,True,True,4,After surgery,False,8,134,8,3,Good,Occasional discomfort,Low,2,0.43,4,-2,steady wellbeing pattern,maintenance,maintain
Locally advanced,Unknown,True,False,0,Not applicable,False,7,129,7.5,1,Good,Persistent discomfort,High,1,0.79,-29,-1,bowel-comfort support pattern,nutrition,maintain
Early,Left colon,True,True,5,Before surgery,False,8,36,7,5,Poor,Comfortable,Low,1,0.4,-26,0,bowel-comfort support pattern,nutrition,maintain
Metastatic,Left colon,True,False,0,Not applicable,False,9,94,7.5,4,Fair,Persistent discomfort,High,2,0.13,-10,0,bowel-comfort support pattern,nutrition,ease
Early,Rectum,True,True,12,Before surgery,False,3,144,6.5,5,Fair,Occasional discomfort,Moderate,2,0.72,-29,0,low-energy recovery pattern,rest,maintain
Unknown,Left colon,True,False,0,Not applicable,True,7,87,6.5,5,Fair,Occasional discomfort,Moderate,1,0.37,4,-1,low-energy recovery pattern,rest,maintain
Early,Left colon,True,True,9,After surgery,True,4,38,7,3,Fair,Occasional discomfort,Moderate,1,0.09,25,0,low-activity recovery pattern,movement,ease
Early,Right colon,True,True,11,After surgery,False,6,134,6.5,3,Fair,Comfortable,Moderate,0,0.54,-13,1,steady wellbeing pattern,maintenance,ease
Locally advanced,Left colon,False,False,0,Not applicable,False,3,25,6,4,Fair,Occasional discomfort,High,2,0.93,-15,0,low-energy recovery pattern,rest,maintain
Early,Right colon,False,True,5,After surgery,False,7,87,8,1,Poor,Occasional discomfort,Moderate,0,0.87,-29,0,bowel-comfort support pattern,nutrition,maintain
Early,Rectum,True,True,5,Before surgery,False,10,27,6,3,Fair,Comfortable,Moderate,2,0.27,-11,1,low-energy recovery pattern,rest,ease
Metastatic,Unknown,True,True,9,Before surgery,False,6,15,6,2,Fair,Persistent discomfort,Low,2,0.76,17,1,bowel-comfort support pattern,nutrition,ease
Unknown,Rectum,True,True,4,After surgery,False,9,127,7.5,1,Good,Persistent discomfort,Moderate,0,0.16,30,0,bowel-comfort support pattern,nutrition,ease
Locally advanced,Right colon,True,True,11,Both,False,8,18,7,4,Good,Comfortable,Moderate,2,0.29,-17,-2,low-energy recovery pattern,rest,ease
Locally advanced,Rectum,True,True,12,Both,False,10,53,8,1,Fair,Comfortable,Moderate,0,0.26,20,2,steady wellbeing pattern,maintenance,ease
Locally advanced,Right colon,True,True,4,Both,False,10,82,7.5,2,Fair,Comfortable,Moderate,1,0.62,5,2,steady wellbeing pattern,maintenance,ease
Early,Rectum,True,True,5,Both,True,7,63,7.5,4,Fair,Persistent discomfort,Moderate,1,0.71,-30,0,bowel-comfort support pattern,nutrition,maintain
Locally advanced,Unknown,False,True,12,Both,False,9,74,5.5,1,Good,Occasional discomfort,High,0,0.54,-1,1,low-energy recovery pattern,rest,ease
Metastatic,Unknown,True,True,10,After surgery,True,10,76,8,1,Fair,Occasional discomfort,Moderate,0,0.82,-21,1,steady wellbeing pattern,maintenance,ease
Early,Unknown,False,True,9,Before surgery,False,7,115,6,2,Fair,Persistent discomfort,Moderate,0,0.95,-28,1,bowel-comfort support pattern,nutrition,ease
Locally advanced,Rectum,True,True,8,Both,False,6,63,6,2,Poor,Comfortable,Low,1,0.78,21,-2,bowel-comfort support pattern,nutrition,progress
Locally advanced,Unknown,True,True,9,Before surgery,False,3,72,8,1,Fair,Comfortable,Low,1,0.19,-19,2,hydration support pattern,hydration,ease
Unknown,Left colon,True,True,8,Before surgery,False,4,81,5.5,1,Poor,Comfortable,Low,1,0.34,-15,0,bowel-comfort support pattern,nutrition,maintain
Unknown,Rectum,False,False,0,Not applicable,False,2,36,6,1,Fair,Occasional discomfort,Moderate,2,0.74,-11,1,low-energy recovery pattern,rest,ease
Locally advanced,Rectum,True,True,12,Before surgery,True,3,12,7.5,4,Fair,Occasional discomfort,Low,1,0.8,2,1,low-energy recovery pattern,rest,ease
Locally advanced,Unknown,True,True,4,Before surgery,False,5,149,6,4,Fair,Comfortable,Moderate,1,0.17,27,-1,low-energy recovery pattern,rest,ease
Early,Rectum,True,False,0,Not applicable,True,8,24,6,4,Good,Persistent discomfort,Moderate,3,0.16,19,-2,bowel-comfort support pattern,nutrition,ease
Metastatic,Unknown,True,False,0,Not applicable,True,8,50,6.5,3,Good,Persistent discomfort,Moderate,2,0.59,29,2,bowel-comfort support pattern,nutrition,ease
Unknown,Rectum,False,True,5,After surgery,False,4,21,6,3,Fair,Persistent discomfort,High,0,0.08,-21,-1,bowel-comfort support pattern,nutrition,ease
Early,Unknown,True,True,12,Before surgery,False,2,22,7,1,Fair,Occasional discomfort,High,3,0.51,10,-2,low-energy recovery pattern,rest,maintain
Early,Left colon,True,False,0,Not applicable,False,9,43,6.5,5,Fair,Occasional discomfort,High,0,0.46,0,-2,low-energy recovery pattern,rest,maintain
Locally advanced,Unknown,True,False,0,Not applicable,True,2,106,7.5,2,Poor,Persistent discomfort,High,1,0.69,11,2,bowel-comfort support pattern,nutrition,ease
Early,Unknown,False,False,0,Not applicable,False,5,36,7.5,3,Good,Occasional discomfort,Low,0,0.43,22,-2,low-activity recovery pattern,movement,maintain
Early,Unknown,True,True,5,Before surgery,False,8,56,8,3,Good,Persistent discomfort,Low,3,0.83,8,-2,bowel-comfort support pattern,nutrition,progress
Locally advanced,Left colon,False,False,0,Not applicable,True,3,44,7,4,Good,Occasional discomfort,Moderate,0,0.82,-2,0,low-energy recovery pattern,rest,maintain
Early,Right colon,True,True,11,Before surgery,False,3,10,6,5,Good,Occasional discomfort,Moderate,0,0.49,0,-2,low-energy recovery pattern,rest,maintain
Locally advanced,Left colon,True,True,4,Both,False,6,150,8,1,Good,Occasional discomfort,Moderate,0,0.83,0,2,steady wellbeing pattern,maintenance,ease
Early,Unknown,False,False,0,Not applicable,False,10,70,7.5,2,Fair,Occasional discomfort,High,0,0.26,23,-2,low-energy recovery pattern,rest,ease
Locally advanced,Rectum,True,False,0,Not applicable,False,5,66,8,5,Fair,Occasional discomfort,High,1,0.64,2,0,low-energy recovery pattern,rest,maintain
Locally advanced,Left colon,True,True,12,Before surgery,True,4,10,8,5,Fair,Occasional discomfort,Moderate,0,0.59,13,-2,low-energy recovery pattern,rest,maintain
Early,Right colon,True,True,10,After surgery,True,4,24,6,5,Good,Occasional discomfort,Moderate,1,0.91,-17,1,low-energy recovery pattern,rest,ease
Early,Rectum,True,True,10,Both,False,2,71,7,1,Fair,Occasional discomfort,Low,0,0.01,22,0,hydration support pattern,hydration,ease
Unknown,Unknown,False,True,6,Both,True,2,27,6,3,Poor,Occasional discomfort,Moderate,1,0.75,6,0,bowel-comfort support pattern,nutrition,progress
Metastatic,Unknown,True,False,0,Not applicable,False,2,37,6.5,4,Fair,Persistent discomfort,Moderate,1,0.6,-6,0,bowel-comfort support pattern,nutrition,maintain
Locally advanced,Right colon,True,True,11,Before surgery,True,2,62,7,5,Fair,Comfortable,Low,0,0.34,-25,-1,low-energy recovery pattern,rest,maintain
Locally advanced,Rectum,True,True,5,Both,False,2,13,5.5,1,Fair,Comfortable,Low,0,0.02,-10,0,low-energy recovery pattern,rest,ease
Early,Right colon,False,True,12,Before surgery,False,2,123,6.5,3,Good,Comfortable,High,1,0.07,9,1,low-energy recovery pattern,rest,ease
Locally advanced,Right colon,True,False,0,Not applicable,True,3,144,8,4,Good,Occasional discomfort,Low,2,0.16,-17,0,low-energy recovery pattern,rest,ease
Early,Right colon,True,False,0,Not applicable,False,9,31,6,4,Poor,Persistent discomfort,High,0,0.77,5,0,bowel-comfort support pattern,nutrition,progress
Locally advanced,Rectum,True,False,0,Not applicable,False,9,87,7.5,4,Good,Occasional discomfort,High,1,0.52,-9,2,low-energy recovery pattern,rest,ease
Locally advanced,Left colon,True,False,0,Not applicable,False,5,145,5.5,2,Fair,Occasional discomfort,Low,1,0.26,-5,2,low-energy recovery pattern,rest,ease
Locally advanced,Right colon,False,False,0,Not applicable,False,2,29,6.5,4,Fair,Comfortable,Low,2,0.06,26,2,low-energy recovery pattern,rest,ease
Locally advanced,Unknown,True,False,0,Not applicable,True,2,76,8,5,Fair,Comfortable,Moderate,2,0.74,30,-1,low-energy recovery pattern,rest,progress
Locally advanced,Unknown,True,True,5,Both,False,10,135,6.5,5,Poor,Comfortable,Moderate,0,0.9,-28,-1,bowel-comfort support pattern,nutrition,maintain
Locally advanced,Rectum,True,False,0,Not applicable,False,5,104,6,5,Fair,Persistent discomfort,Moderate,1,0.64,-14,0,bowel-comfort support pattern,nutrition,maintain
Unknown,Rectum,True,False,0,Not applicable,False,10,36,7,4,Fair,Occasional discomfort,High,3,0.22,16,-2,low-energy recovery pattern,rest,ease
Locally advanced,Left colon,True,True,6,After surgery,False,2,69,5.5,4,Poor,Occasional discomfort,Low,2,0.28,9,0,bowel-comfort support pattern,nutrition,ease
Locally advanced,Right colon,True,False,0,Not applicable,False,4,136,7,4,Fair,Occasional discomfort,Moderate,0,0.73,13,2,low-energy recovery pattern,rest,ease
Early,Unknown,True,True,12,Both,False,3,141,6.5,2,Good,Occasional discomfort,Moderate,0,0.94,-20,1,hydration support pattern,hydration,ease
Locally advanced,Rectum,True,False,0,Not applicable,True,6,21,7.5,3,Fair,Occasional discomfort,Moderate,1,0.25,-4,2,low-activity recovery pattern,movement,ease
Locally advanced,Right colon,True,True,9,Both,True,5,53,5.5,1,Fair,Comfortable,Low,0,0.16,-21,-1,low-energy recovery pattern,rest,ease
Unknown,Right colon,True,False,0,Not applicable,True,6,93,6,5,Poor,Persistent discomfort,Moderate,1,0.19,29,1,bowel-comfort support pattern,nutrition,ease
Early,Rectum,True,True,7,Before surgery,False,7,31,6,2,Fair,Occasional discomfort,Moderate,1,0.26,-12,0,low-energy recovery pattern,rest,ease
Unknown,Rectum,False,True,9,After surgery,False,5,112,5.5,5,Fair,Occasional discomfort,High,1,0.67,-17,1,low-energy recovery pattern,rest,ease
Early,Unknown,True,True,12,Before surgery,False,10,145,6.5,4,Good,Comfortable,Moderate,1,0.88,-23,-1,low-energy recovery pattern,rest,maintain
Early,Unknown,True,True,12,After surgery,True,2,88,8,2,Good,Comfortable,Low,1,0.26,8,1,hydration support pattern,hydration,ease
Early,Left colon,True,False,0,Not applicable,False,5,123,6,1,Fair,Occasional discomfort,Moderate,2,0.01,-23,-2,low-energy recovery pattern,rest,ease
Early,Left colon,True,True,6,Before surgery,False,9,77,7.5,1,Poor,Comfortable,Low,3,0.6,1,-1,bowel-comfort support pattern,nutrition,maintain
Locally advanced,Left colon,False,False,0,Not applicable,True,6,103,6,3,Fair,Persistent discomfort,Moderate,3,0.76,18,-1,bowel-comfort support pattern,nutrition,progress
Unknown,Rectum,True,True,5,Before surgery,False,7,92,8,3,Good,Occasional discomfort,High,1,0.1,-2,-2,low-energy recovery pattern,rest,ease
Early,Unknown,True,False,0,Not applicable,False,9,140,7.5,1,Poor,Comfortable,Moderate,3,0.05,-11,1,bowel-comfort support pattern,nutrition,ease
Locally advanced,Left colon,False,False,0,Not applicable,False,6,91,6.5,5,Good,Occasional discomfort,High,1,0.31,-29,-2,low-energy recovery pattern,rest,maintain
Early,Unknown,True,False,0,Not applicable,True,7,108,8,2,Fair,Comfortable,High,0,0.32,5,2,low-energy recovery pattern,rest,ease
Locally advanced,Right colon,True,False,0,Not applicable,True,3,141,7.5,5,Fair,Occasional discomfort,Moderate,1,0.21,14,-1,low-energy recovery pattern,rest,ease
Early,Rectum,True,True,11,After surgery,True,9,38,8,5,Fair,Comfortable,Low,0,0.66,-26,0,low-energy recovery pattern,rest,maintain
Early,Right colon,True,False,0,Not applicable,False,4,43,7.5,4,Fair,Occasional discomfort,Moderate,1,0.53,-24,-2,low-energy recovery pattern,rest,maintain
Early,Rectum,True,True,9,Both,False,3,14,8,3,Fair,Occasional discomfort,Moderate,1,0.78,-25,1,low-activity recovery pattern,movement,ease
Unknown,Unknown,False,False,0,Not applicable,True,4,147,5.5,4,Fair,Comfortable,Low,2,0.18,11,0,low-energy recovery pattern,rest,ease
Locally advanced,Right colon,True,False,0,Not applicable,False,2,114,8,2,Fair,Occasional discomfort,Moderate,2,0.38,11,0,hydration support pattern,hydration,maintain
Locally advanced,Unknown,False,True,7,Both,False,5,149,8,5,Fair,Comfortable,High,2,0.04,-21,0,low-energy recovery pattern,rest,ease
Early,Unknown,True,True,12,Both,False,7,136,5.5,3,Fair,Persistent discomfort,Low,2,0.68,-6,-1,bowel-comfort support pattern,nutrition,maintain
Early,Left colon,True,True,5,Both,False,2,132,8,4,Fair,Persistent discomfort,High,2,0.65,28,0,bowel-comfort support pattern,nutrition,maintain
Locally advanced,Rectum,False,True,8,Both,True,4,117,6,1,Good,Comfortable,Moderate,0,0.24,-24,0,low-energy recovery pattern,rest,ease
Unknown,Left colon,True,False,0,Not applicable,False,2,22,6,3,Good,Persistent discomfort,Moderate,0,0.21,0,-2,bowel-comfort support pattern,nutrition,ease
Early,Rectum,True,True,12,Both,False,9,40,5.5,1,Fair,Persistent discomfort,High,0,0.5,-14,-1,bowel-comfort support pattern,nutrition,maintain
Locally advanced,Unknown,True,True,12,Both,False,8,120,6,5,Poor,Persistent discomfort,Moderate,1,0.58,29,1,bowel-comfort support pattern,nutrition,ease
Locally advanced,Left colon,True,True,12,After surgery,False,8,117,7.5,1,Fair,Occasional discomfort,Moderate,0,0.61,21,1,steady wellbeing pattern,maintenance,ease
Locally advanced,Rectum,True,True,10,After surgery,False,5,141,5.5,2,Poor,Occasional discomfort,Moderate,0,0.32,14,0,bowel-comfort support pattern,nutrition,maintain
Locally advanced,Unknown,True,False,0,Not applicable,False,9,108,5.5,1,Poor,Occasional discomfort,Moderate,0,0.57,20,-1,bowel-comfort support pattern,nutrition,maintain
Early,Right colon,False,False,0,Not applicable,True,9,27,6,1,Poor,Occasional discomfort,Moderate,2,0.49,-15,0,bowel-comfort support pattern,nutrition,maintain
Early,Unknown,False,True,4,Both,False,5,73,7,4,Good,Comfortable,Moderate,2,0.77,5,0,low-energy recovery pattern,rest,progress
Early,Unknown,True,True,8,After surgery,False,8,29,6.5,4,Fair,Persistent discomfort,Moderate,1,0.69,17,0,bowel-comfort support pattern,nutrition,maintain
Early,Unknown,True,False,0,Not applicable,False,7,122,5.5,5,Good,Occasional discomfort,Moderate,0,0.51,27,0,low-energy recovery pattern,rest,maintain
Early,Right colon,False,True,11,After surgery,False,3,111,7.5,3,Fair,Occasional discomfort,Moderate,0,0.33,1,0,hydration support pattern,hydration,maintain
Early,Right colon,True,True,11,Before surgery,False,6,86,6,2,Poor,Occasional discomfort,High,2,0.78,8,2,bowel-comfort support pattern,nutrition,ease
Locally advanced,Left colon,False,True,7,After surgery,False,9,62,7.5,3,Fair,Occasional discomfort,High,0,0.68,9,0,low-energy recovery pattern,rest,maintain
Unknown,Rectum,True,False,0,Not applicable,False,5,24,8,1,Good,Comfortable,Moderate,1,0.76,-18,2,low-activity recovery pattern,movement,ease
Locally advanced,Left colon,False,True,7,Before surgery,False,5,31,6.5,1,Fair,Occasional discomfort,Low,0,0.39,2,-1,low-activity recovery pattern,movement,maintain
Early,Unknown,False,False,0,Not applicable,True,5,61,7,2,Good,Persistent discomfort,Low,0,0.32,-2,0,bowel-comfort support pattern,nutrition,maintain
Locally advanced,Left colon,True,True,12,After surgery,False,3,143,6.5,4,Poor,Occasional discomfort,High,3,0.44,5,0,bowel-comfort support pattern,nutrition,maintain
Early,Rectum,False,True,12,Before surgery,False,10,143,6,1,Fair,Occasional discomfort,Low,0,0.56,25,-1,low-energy recovery pattern,rest,maintain
Locally advanced,Rectum,True,True,5,Both,False,6,141,6,1,Good,Comfortable,High,1,0.86,-19,-1,low-energy recovery pattern,rest,maintain
Locally advanced,Left colon,True,True,11,Both,False,5,73,7,4,Fair,Comfortable,High,0,0.8,-22,1,low-energy recovery pattern,rest,ease
Unknown,Rectum,False,False,0,Not applicable,True,3,132,6,1,Good,Occasional discomfort,Low,1,0.88,28,-1,low-energy recovery pattern,rest,progress
Locally advanced,Left colon,True,True,8,Before surgery,True,3,90,6,2,Poor,Occasional discomfort,Moderate,0,0.69,-28,0,bowel-comfort support pattern,nutrition,maintain
Locally advanced,Left colon,True,True,7,Both,False,5,18,7.5,4,Fair,Occasional discomfort,Low,1,0.92,14,2,low-energy recovery pattern,rest,ease
Locally advanced,Unknown,True,True,9,Both,False,6,16,5.5,1,Fair,Comfortable,Moderate,0,0.26,19,-2,low-energy recovery pattern,rest,ease
Unknown,Unknown,True,False,0,Not applicable,False,3,53,6,1,Good,Occasional discomfort,Moderate,1,0.51,28,-1,low-energy recovery pattern,rest,maintain
Unknown,Left colon,True,False,0,Not applicable,False,3,47,6.5,3,Poor,Occasional discomfort,Low,1,0.23,-25,1,bowel-comfort support pattern,nutrition,ease
Early,Rectum,True,True,7,Both,True,3,110,8,2,Fair,Comfortable,Low,1,0.86,-5,2,hydration support pattern,hydration,ease
Early,Unknown,True,True,5,After surgery,False,6,94,8,4,Poor,Comfortable,Moderate,3,0.33,-27,0,bowel-comfort support pattern,nutrition,maintain
Locally advanced,Left colon,True,False,0,Not applicable,False,9,139,8,3,Fair,Persistent discomfort,Low,0,0.46,-22,-1,bowel-comfort support pattern,nutrition,maintain
Locally advanced,Right colon,True,True,10,Before surgery,False,7,53,7,1,Fair,Occasional discomfort,Moderate,0,0.19,8,0,steady wellbeing pattern,maintenance,ease
Early,Unknown,False,False,0,Not applicable,False,3,121,8,1,Good,Occasional discomfort,Moderate,2,0.8,6,-2,hydration support pattern,hydration,progress
Locally advanced,Rectum,True,True,10,Before surgery,True,8,129,6.5,5,Fair,Comfortable,Moderate,2,0.31,4,0,low-energy recovery pattern,rest,maintain
Metastatic,Unknown,False,True,10,After surgery,False,9,68,6.5,4,Good,Comfortable,Moderate,0,0.54,12,-2,low-energy recovery pattern,rest,maintain
Early,Left colon,True,True,6,Before surgery,False,10,98,6.5,5,Fair,Comfortable,Low,1,0.02,8,1,low-energy recovery pattern,rest,ease
Unknown,Right colon,True,True,12,Both,False,8,141,7.5,5,Fair,Occasional discomfort,High,1,0.11,17,0,low-energy recovery pattern,rest,ease
Early,Left colon,True,True,9,After surgery,True,2,43,8,1,Fair,Comfortable,Low,0,0.53,-21,0,low-activity recovery pattern,movement,maintain
Early,Rectum,True,False,0,Not applicable,False,10,82,6,5,Good,Persistent discomfort,Moderate,0,0.43,-16,-1,bowel-comfort support pattern,nutrition,maintain
Metastatic,Unknown,True,True,4,After surgery,True,2,24,7.5,3,Fair,Occasional discomfort,Moderate,0,0.63,-19,1,low-activity recovery pattern,movement,ease
Early,Unknown,True,True,4,Both,True,9,22,8,4,Fair,Persistent discomfort,Moderate,0,0.92,-18,-1,bowel-comfort support pattern,nutrition,maintain
Locally advanced,Right colon,False,False,0,Not applicable,False,2,131,8,5,Fair,Comfortable,Low,2,0.27,8,1,low-energy recovery pattern,rest,ease
Locally advanced,Unknown,True,True,12,Before surgery,True,10,12,8,5,Fair,Occasional discomfort,High,0,0.34,0,0,low-energy recovery pattern,rest,maintain
Unknown,Left colon,False,False,0,Not applicable,False,7,30,5.5,5,Fair,Comfortable,Moderate,2,0.24,4,-2,low-energy recovery pattern,rest,ease
Locally advanced,Rectum,True,True,5,Before surgery,False,10,43,6.5,1,Good,Occasional discomfort,Low,1,0.39,17,-2,low-activity recovery pattern,movement,maintain
Locally advanced,Unknown,True,True,9,After surgery,False,3,150,7,2,Poor,Occasional discomfort,Moderate,2,0.5,25,2,bowel-comfort support pattern,nutrition,ease
Metastatic,Rectum,True,True,4,After surgery,True,9,58,5.5,2,Good,Occasional discomfort,Moderate,0,0.46,-28,-1,low-energy recovery pattern,rest,maintain
Unknown,Unknown,False,False,0,Not applicable,False,6,74,7,2,Good,Occasional discomfort,High,0,0.81,22,1,low-energy recovery pattern,rest,ease
Early,Unknown,True,True,10,Before surgery,True,2,34,7,1,Good,Occasional discomfort,Low,2,0.14,-11,0,low-activity recovery pattern,movement,ease
Unknown,Unknown,True,True,5,Both,False,8,67,8,5,Fair,Occasional discomfort,Low,1,0.5,21,-1,low-energy recovery pattern,rest,maintain
Early,Right colon,True,False,0,Not applicable,False,4,35,5.5,3,Fair,Occasional discomfort,Low,2,0.3,-6,0,low-energy recovery pattern,rest,maintain
Early,Right colon,False,True,5,Before surgery,True,4,10,6,5,Fair,Persistent discomfort,Moderate,1,0.14,27,2,bowel-comfort support pattern,nutrition,ease
Locally advanced,Rectum,True,True,8,Both,True,8,56,6,4,Good,Comfortable,Moderate,1,0.9,-18,0,low-energy recovery pattern,rest,maintain
Early,Left colon,True,True,10,Both,False,3,150,6.5,3,Fair,Occasional discomfort,Low,1,0.5,-9,2,hydration support pattern,hydration,ease
Early,Right colon,True,False,0,Not applicable,False,4,143,5.5,5,Good,Comfortable,High,1,0.81,14,-2,low-energy recovery pattern,rest,progress
Unknown,Rectum,True,False,0,Not applicable,False,2,70,7,3,Poor,Comfortable,Moderate,2,0.85,-18,0,bowel-comfort support pattern,nutrition,maintain
Locally advanced,Unknown,False,False,0,Not applicable,True,9,49,7,2,Good,Comfortable,High,3,0.65,28,0,low-energy recovery pattern,rest,maintain
Metastatic,Right colon,True,True,11,After surgery,False,10,121,7.5,5,Fair,Comfortable,Low,2,0.53,0,1,low-energy recovery pattern,rest,ease
Early,Left colon,False,False,0,Not applicable,False,6,50,8,2,Fair,Occasional discomfort,Moderate,1,0.77,13,0,steady wellbeing pattern,maintenance,progress
Locally advanced,Left colon,True,False,0,Not applicable,False,9,131,8,3,Fair,Comfortable,Low,0,0.06,-20,1,steady wellbeing pattern,maintenance,ease
Early,Unknown,True,True,4,Both,False,5,90,6,5,Fair,Comfortable,High,1,0.46,0,0,low-energy recovery pattern,rest,maintain
Early,Right colon,False,True,11,Both,False,6,127,5.5,5,Poor,Occasional discomfort,Low,2,0.96,19,-2,bowel-comfort support pattern,nutrition,progress
Locally advanced,Rectum,True,True,4,Before surgery,False,2,100,5.5,4,Fair,Occasional discomfort,Low,2,0.13,-29,0,low-energy recovery pattern,rest,ease
Unknown,Rectum,True,False,0,Not applicable,True,4,65,5.5,5,Fair,Occasional discomfort,Low,1,0.7,-30,0,low-energy recovery pattern,rest,maintain
Unknown,Rectum,True,True,7,Before surgery,False,4,140,7.5,2,Good,Persistent discomfort,Low,0,0.96,-29,-2,bowel-comfort support pattern,nutrition,maintain
Locally advanced,Unknown,True,False,0,Not applicable,True,3,75,7.5,2,Good,Occasional discomfort,Low,1,0.96,16,1,hydration support pattern,hydration,ease
Locally advanced,Right colon,True,True,11,Both,False,3,53,5.5,1,Good,Persistent discomfort,Low,1,0.31,9,0,bowel-comfort support pattern,nutrition,maintain
Early,Rectum,True,True,12,Before surgery,False,5,89,7.5,2,Good,Occasional discomfort,Moderate,0,0.06,28,1,steady wellbeing pattern,maintenance,ease
Metastatic,Left colon,True,True,12,Before surgery,True,10,64,7,1,Poor,Occasional discomfort,High,1,0.93,-18,-1,bowel-comfort support pattern,nutrition,maintain
Early,Unknown,True,True,7,Before surgery,True,9,94,8,5,Fair,Comfortable,Moderate,2,0.74,20,2,low-energy recovery pattern,rest,ease
Early,Rectum,True,False,0,Not applicable,False,2,51,8,1,Good,Comfortable,Moderate,2,0.37,12,1,hydration support pattern,hydration,ease
Unknown,Right colon,True,True,9,After surgery,False,10,117,8,2,Fair,Occasional discomfort,High,0,0.11,-23,2,low-energy recovery pattern,rest,ease
Early,Left colon,True,True,4,After surgery,True,5,10,6.5,1,Fair,Persistent discomfort,High,0,0.97,-20,0,bowel-comfort support pattern,nutrition,maintain
Early,Right colon,True,True,10,Before surgery,False,6,75,8,2,Good,Persistent discomfort,Low,2,0.53,-5,-1,bowel-comfort support pattern,nutrition,maintain
Locally advanced,Unknown,True,False,0,Not applicable,False,9,94,7.5,2,Fair,Occasional discomfort,Low,2,0.08,22,0,steady wellbeing pattern,maintenance,ease
Locally advanced,Right colon,True,False,0,Not applicable,False,10,22,6.5,3,Poor,Occasional discomfort,Moderate,1,0.22,-6,0,bowel-comfort support pattern,nutrition,ease
Early,Right colon,True,True,9,Both,False,6,61,7,4,Fair,Comfortable,Moderate,2,0.81,21,0,low-energy recovery pattern,rest,progress
Early,Rectum,True,False,0,Not applicable,False,2,148,5.5,3,Good,Comfortable,High,1,0.45,-13,-1,low-energy recovery pattern,rest,maintain
Locally advanced,Unknown,True,True,9,Both,False,6,30,7.5,1,Good,Occasional discomfort,Moderate,1,0.2,-16,-2,low-activity recovery pattern,movement,ease
Early,Unknown,True,True,7,Before surgery,True,2,65,5.5,4,Good,Comfortable,High,1,0.41,14,-2,low-energy recovery pattern,rest,maintain
Metastatic,Rectum,False,True,12,Both,True,5,136,6,1,Good,Occasional discomfort,Moderate,2,0.79,-17,-2,low-energy recovery pattern,rest,maintain
Locally advanced,Rectum,True,False,0,Not applicable,True,2,73,8,3,Fair,Comfortable,Moderate,3,0.51,21,-1,hydration support pattern,hydration,maintain
Unknown,Rectum,True,False,0,Not applicable,False,5,131,8,5,Fair,Comfortable,Moderate,1,0.49,26,-1,low-energy recovery pattern,rest,maintain
Unknown,Left colon,True,True,8,Both,False,10,116,7,4,Fair,Persistent discomfort,Moderate,1,0.42,19,1,bowel-comfort support pattern,nutrition,ease
Early,Unknown,True,True,6,Both,False,8,47,7.5,2,Fair,Occasional discomfort,Low,0,0.25,18,0,steady wellbeing pattern,maintenance,ease
Early,Rectum,True,True,10,Before surgery,False,5,150,7.5,2,Good,Comfortable,Moderate,1,0.25,-1,1,steady wellbeing pattern,maintenance,ease
Locally advanced,Right colon,True,False,0,Not applicable,True,5,149,6,4,Poor,Occasional discomfort,Moderate,0,0.16,-11,-2,bowel-comfort support pattern,nutrition,ease
Locally advanced,Right colon,True,True,6,Before surgery,False,3,70,5.5,1,Fair,Occasional discomfort,High,2,0.19,25,1,low-energy recovery pattern,rest,ease
Locally advanced,Unknown,True,False,0,Not applicable,False,8,97,5.5,2,Good,Occasional discomfort,Moderate,2,0.85,-6,0,low-energy recovery pattern,rest,maintain
Early,Right colon,True,True,6,Before surgery,True,9,51,6.5,4,Fair,Occasional discomfort,High,2,0.34,-8,-2,low-energy recovery pattern,rest,maintain
Locally advanced,Unknown,False,False,0,Not applicable,False,10,84,6,3,Fair,Persistent discomfort,Low,0,0.05,-2,0,bowel-comfort support pattern,nutrition,ease
Locally advanced,Rectum,True,True,10,Before surgery,False,2,22,7.5,5,Good,Persistent discomfort,Low,0,0.87,9,-2,bowel-comfort support pattern,nutrition,progress
Early,Left colon,True,False,0,Not applicable,False,9,14,6.5,3,Fair,Occasional discomfort,Moderate,1,0.85,30,0,low-activity recovery pattern,movement,progress
Metastatic,Left colon,True,True,4,Before surgery,False,4,89,7,5,Poor,Persistent discomfort,Moderate,1,0.09,2,2,bowel-comfort support pattern,nutrition,ease
Locally advanced,Rectum,False,True,5,After surgery,False,4,45,7.5,1,Good,Occasional discomfort,Moderate,1,0.3,30,2,hydration support pattern,hydration,ease
Early,Rectum,False,False,0,Not applicable,True,2,45,8,5,Good,Comfortable,Moderate,2,0.29,22,-2,low-energy recovery pattern,rest,ease
Locally advanced,Right colon,True,True,5,Both,True,9,55,6.5,5,Fair,Comfortable,High,1,0.38,-21,-2,low-energy recovery pattern,rest,maintain
Early,Right colon,True,False,0,Not applicable,False,3,37,5.5,3,Poor,Comfortable,Low,2,0.16,-9,1,bowel-comfort support pattern,nutrition,ease
Early,Unknown,True,True,9,After surgery,True,4,55,8,3,Good,Occasional discomfort,High,0,0.7,11,-1,low-energy recovery pattern,rest,progress
Unknown,Rectum,False,False,0,Not applicable,False,2,13,7,5,Good,Comfortable,High,2,0.4,-14,0,low-energy recovery pattern,rest,maintain
Early,Left colon,False,False,0,Not applicable,False,7,99,6,2,Fair,Occasional discomfort,Low,0,0.57,16,0,low-energy recovery pattern,rest,maintain
Metastatic,Left colon,True,True,9,After surgery,False,10,149,7,1,Fair,Occasional discomfort,Low,0,0.08,-10,1,steady wellbeing pattern,maintenance,ease
Metastatic,Rectum,False,True,12,Both,False,6,77,6.5,1,Good,Comfortable,Moderate,1,0.09,-30,0,steady wellbeing pattern,maintenance,ease
Locally advanced,Right colon,True,True,4,Both,False,6,30,7,5,Fair,Occasional discomfort,Moderate,1,0.49,-15,0,low-energy recovery pattern,rest,maintain
Early,Unknown,True,True,10,Both,False,8,49,5.5,2,Good,Occasional discomfort,High,1,0.1,-6,2,low-energy recovery pattern,rest,ease
Early,Right colon,True,False,0,Not applicable,False,8,82,7,1,Good,Persistent discomfort,Moderate,0,0.68,-21,0,bowel-comfort support pattern,nutrition,maintain
Early,Rectum,True,True,8,After surgery,False,3,145,7,5,Poor,Comfortable,Moderate,1,0.21,-26,1,bowel-comfort support pattern,nutrition,ease
Early,Right colon,True,False,0,Not applicable,False,4,85,5.5,5,Good,Comfortable,Low,1,0.8,-20,-2,low-energy recovery pattern,rest,maintain
Unknown,Right colon,True,True,8,Both,False,6,10,8,5,Poor,Occasional discomfort,High,1,0.72,-3,-2,bowel-comfort support pattern,nutrition,maintain
Unknown,Rectum,True,True,11,After surgery,False,10,49,6,2,Poor,Occasional discomfort,High,3,0.09,-30,-2,bowel-comfort support pattern,nutrition,ease
Early,Left colon,True,True,8,Both,False,9,107,6,2,Fair,Comfortable,High,3,0.78,7,0,low-energy recovery pattern,rest,progress
Early,Rectum,False,True,9,Both,False,6,54,6.5,5,Good,Persistent discomfort,Moderate,2,0.99,5,0,bowel-comfort support pattern,nutrition,progress
Early,Left colon,False,False,0,Not applicable,False,9,93,5.5,1,Poor,Comfortable,Low,1,0.13,27,1,bowel-comfort support pattern,nutrition,ease
Early,Right colon,True,False,0,Not applicable,False,8,100,7,2,Fair,Persistent discomfort,Moderate,2,0.22,-26,0,bowel-comfort support pattern,nutrition,ease
Unknown,Rectum,True,False,0,Not applicable,False,9,144,5.5,4,Poor,Comfortable,Moderate,1,0.2,14,1,bowel-comfort support pattern,nutrition,ease
Early,Right colon,False,True,4,Before surgery,False,4,58,6,4,Poor,Comfortable,High,2,0.64,27,0,bowel-comfort support pattern,nutrition,maintain
Unknown,Right colon,False,True,6,Before surgery,False,4,71,8,4,Fair,Occasional discomfort,Low,0,0.25,-2,0,low-energy recovery pattern,rest,ease
Early,Right colon,True,False,0,Not applicable,False,6,21,5.5,5,Poor,Occasional discomfort,Moderate,0,0.16,7,0,bowel-comfort support pattern,nutrition,ease
Locally advanced,Right colon,True,True,7,After surgery,False,5,16,8,5,Good,Occasional discomfort,Moderate,1,0.14,10,0,low-energy recovery pattern,rest,ease
Metastatic,Rectum,True,False,0,Not applicable,True,9,45,5.5,2,Good,Occasional discomfort,High,2,0.36,-27,1,low-energy recovery pattern,rest,ease
Unknown,Left colon,False,True,8,Both,False,7,104,8,3,Fair,Occasional discomfort,High,0,0.82,-10,0,low-energy recovery pattern,rest,maintain
Locally advanced,Right colon,True,True,10,Before surgery,False,5,90,7,4,Fair,Comfortable,Moderate,2,0.51,-14,-2,low-energy recovery pattern,rest,maintain
Locally advanced,Right colon,True,False,0,Not applicable,False,10,115,6,5,Good,Comfortable,High,0,0.88,-30,1,low-energy recovery pattern,rest,ease
Locally advanced,Left colon,True,True,4,After surgery,False,5,131,6,4,Good,Occasional discomfort,Low,0,0.55,8,1,low-energy recovery pattern,rest,ease
Locally advanced,Left colon,True,True,11,After surgery,False,9,116,8,4,Poor,Occasional discomfort,Moderate,1,0.26,0,-1,bowel-comfort support pattern,nutrition,ease
Early,Unknown,True,False,0,Not applicable,False,9,11,8,3,Fair,Comfortable,Moderate,0,0.99,-14,1,low-activity recovery pattern,movement,ease
Metastatic,Right colon,True,True,9,Both,True,9,15,6,3,Poor,Persistent discomfort,High,3,0.27,-27,0,bowel-comfort support pattern,nutrition,ease
Metastatic,Left colon,True,True,12,After surgery,True,7,32,5.5,4,Good,Comfortable,Low,1,0.79,-29,0,low-energy recovery pattern,rest,maintain
Unknown,Unknown,True,True,9,After surgery,False,8,28,5.5,3,Poor,Persistent discomfort,Moderate,1,0.69,13,1,bowel-comfort support pattern,nutrition,ease
Early,Left colon,True,False,0,Not applicable,False,3,134,8,5,Fair,Comfortable,Moderate,0,0.03,0,-1,low-energy recovery pattern,rest,ease
Locally advanced,Rectum,True,True,4,After surgery,False,7,85,7,1,Good,Comfortable,High,2,0.15,1,1,low-energy recovery pattern,rest,ease
Locally advanced,Right colon,True,False,0,Not applicable,False,9,52,8,2,Fair,Occasional discomfort,Low,1,0.77,13,1,steady wellbeing pattern,maintenance,ease
Early,Unknown,True,False,0,Not applicable,True,5,114,8,4,Good,Comfortable,Moderate,1,0.13,-26,-2,low-energy recovery pattern,rest,ease
Early,Left colon,True,False,0,Not applicable,True,7,73,8,2,Fair,Comfortable,Moderate,1,0.17,-16,2,steady wellbeing pattern,maintenance,ease
Locally advanced,Unknown,True,True,8,After surgery,True,4,63,7.5,1,Fair,Persistent discomfort,Low,0,0.74,-25,0,bowel-comfort support pattern,nutrition,maintain
Unknown,Left colon,True,False,0,Not applicable,False,10,11,6.5,5,Fair,Comfortable,Moderate,1,0.94,2,2,low-energy recovery pattern,rest,ease
Unknown,Unknown,False,False,0,Not applicable,False,8,104,6.5,2,Good,Comfortable,High,2,0.49,-14,-2,low-energy recovery pattern,rest,maintain
Locally advanced,Right colon,True,True,4,Both,False,7,84,7.5,5,Fair,Persistent discomfort,Moderate,0,0.18,-24,-1,bowel-comfort support pattern,nutrition,ease
Early,Unknown,False,True,11,After surgery,True,2,53,7,1,Fair,Persistent discomfort,Moderate,1,0.15,21,0,bowel-comfort support pattern,nutrition,ease
Locally advanced,Rectum,True,False,0,Not applicable,False,4,129,7,4,Poor,Occasional discomfort,Moderate,0,0.99,27,-1,bowel-comfort support pattern,nutrition,progress
Locally advanced,Right colon,True,True,10,After surgery,False,8,13,6,1,Good,Occasional discomfort,Moderate,3,0.9,-24,-1,low-energy recovery pattern,rest,maintain
Locally advanced,Left colon,False,True,10,After surgery,False,7,45,8,3,Fair,Occasional discomfort,Low,1,0.06,-23,-1,steady wellbeing pattern,maintenance,ease
Locally advanced,Rectum,True,True,7,Both,False,9,12,5.5,2,Fair,Occasional discomfort,Low,1,0.23,27,2,low-energy recovery pattern,rest,ease
Locally advanced,Rectum,True,True,10,Before surgery,False,8,80,7,2,Good,Comfortable,High,0,0.92,10,1,low-energy recovery pattern,rest,ease
Early,Rectum,False,True,5,Both,True,7,129,5.5,1,Good,Persistent discomfort,Moderate,3,0.66,-20,1,bowel-comfort support pattern,nutrition,ease
Locally advanced,Rectum,True,False,0,Not applicable,False,2,115,8,4,Good,Persistent discomfort,Moderate,0,0.24,-4,0,bowel-comfort support pattern,nutrition,ease
Locally advanced,Right colon,True,True,7,After surgery,False,3,56,5.5,5,Fair,Comfortable,Low,0,0.47,-29,-1,low-energy recovery pattern,rest,maintain
Locally advanced,Right colon,True,True,10,Both,False,6,150,7.5,4,Fair,Persistent discomfort,High,2,0.51,20,-2,bowel-comfort support pattern,nutrition,maintain
Locally advanced,Rectum,True,True,6,Before surgery,False,7,34,7.5,1,Fair,Persistent discomfort,Moderate,0,0.03,-24,-1,bowel-comfort support pattern,nutrition,ease
Early,Rectum,True,True,8,Both,False,3,79,6,3,Fair,Occasional discomfort,Moderate,2,0.84,-4,1,low-energy recovery pattern,rest,ease
Unknown,Rectum,True,True,6,Both,False,3,39,6,2,Good,Persistent discomfort,Low,0,0.16,-9,0,bowel-comfort support pattern,nutrition,ease
Early,Unknown,True,True,4,Both,False,6,41,6.5,3,Fair,Comfortable,Low,2,0.73,9,0,low-activity recovery pattern,movement,progress
Locally advanced,Right colon,True,True,11,After surgery,False,4,87,6,5,Good,Persistent discomfort,Moderate,0,0.02,0,-1,bowel-comfort support pattern,nutrition,ease
Unknown,Unknown,True,False,0,Not applicable,False,2,43,7,1,Fair,Comfortable,High,0,0.11,15,1,low-energy recovery pattern,rest,ease
Unknown,Right colon,True,False,0,Not applicable,True,3,144,5.5,4,Fair,Comfortable,Moderate,0,0.23,-28,-2,low-energy recovery pattern,rest,ease
Unknown,Left colon,False,True,9,Before surgery,False,3,92,7.5,2,Fair,Occasional discomfort,High,3,0.17,-2,0,low-energy recovery pattern,rest,ease
Early,Right colon,True,True,7,After surgery,False,6,66,6.5,1,Good,Comfortable,High,0,0.3,-15,-2,low-energy recovery pattern,rest,maintain
Metastatic,Right colon,True,False,0,Not applicable,False,9,62,5.5,2,Fair,Occasional discomfort,Moderate,2,0.56,-28,-2,low-energy recovery pattern,rest,maintain
